Client_Number,Report_Number,RX_Type,Data_Date,Category,Product_Group,Bucket01,Bucket24,Bucket25,Prescriber_Name,Prescriber_Address,Prescriber_ZIP,SRA1_IMS_Doctor#,SRA2_Specialty,Client_Data
C987,R8564,B,20250109,3,171,16,34,50,James Bradford,"48045 Natasha Vista Suite 907, Seattle, WA, 98101",98101,ID00007,END,High-Volume Loyalist
C987,R8496,N,20250328,2,171,0,0,0,Brianna Murray,"194 Maddox Mews, Houston, TX, 77001",77001,ID00108,END,Managed Care Restricted
C792,R3174,N,20250414,3,171,0,0,0,Mariah Tyler,"212 James Ports Apt. 357, Seattle, WA, 98101",98101,ID00120,CAR,Managed Care Restricted
C106,R7483,B,20250226,1,171,6,14,20,Daniel Smith,"404 Brenda Plains Suite 108, Atlanta, GA, 30301",30301,ID00034,END,Low-Volume Prescriber
C567,R3369,B,20250221,2,171,17,37,54,Mark Hunt,"050 Smith Land Apt. 308, Seattle, WA, 98101",98101,ID00011,END,High-Volume Loyalist
C572,R5161,B,20250303,3,171,12,37,49,John Villa,"71110 Garza Ridge Apt. 137, Los Angeles, CA, 90001",90001,ID00012,NEP,High-Volume Loyalist
C620,R2631,T,20250128,2,173,0,19,19,Mr. Scott Lopez,"99002 Vasquez Island Apt. 417, New York, NY, 10001",10001,ID00103,CAR,Unaware
C452,R5698,T,20241230,3,172,0,22,22,Brittany Christensen,"828 Brandon Square Apt. 201, Chicago, IL, 60601",60601,ID00085,END,Aware Non-Prescriber
C279,R2343,T,20250302,3,172,0,10,10,Bonnie Davis,"5907 Angela Valley, New York, NY, 10001",10001,ID00071,END,Aware Non-Prescriber
C632,R1117,T,20250313,3,171,0,0,0,Tammy Rose,"86335 Lawson Ranch Apt. 743, Los Angeles, CA, 90001",90001,ID00076,END,Aware Non-Prescriber
C107,R9161,T,20250222,3,173,0,28,28,Renee Montoya,"42137 Susan Groves Suite 215, Houston, TX, 77001",77001,ID00129,NEP,Competitor Loyalist
C736,R2638,B,20250427,1,171,10,44,54,Jill King,"9346 Eric Highway, Los Angeles, CA, 90001",90001,ID00004,NEP,High-Volume Loyalist
C568,R2029,B,20250129,2,171,20,49,69,Paul Nelson PhD,"47328 Nancy Ville Suite 584, Atlanta, GA, 30301",30301,ID00019,END,High-Volume Loyalist
C941,R7471,N,20250427,3,171,14,0,14,Ariana Bailey,"84002 Phillips Camp, Chicago, IL, 60601",60601,ID00046,END,New Adopter
C356,R1423,B,20250422,2,171,15,49,64,Thomas Rhodes,"890 Dylan Trail, Atlanta, GA, 30301",30301,ID00010,NEP,High-Volume Loyalist
C105,R1116,T,20250220,2,172,0,27,27,Tammy Rose,"86335 Lawson Ranch Apt. 743, Los Angeles, CA, 90001",90001,ID00076,END,Aware Non-Prescriber
C755,R9791,B,20250222,3,171,8,11,19,Christopher Gamble,"53267 Kathleen Extension, Chicago, IL, 60601",60601,ID00042,CAR,Low-Volume Prescriber
C423,R1137,B,20250226,1,171,0,0,0,Reginald Baker,"502 John Extension, Houston, TX, 77001",77001,ID00081,NEP,Aware Non-Prescriber
C861,R7814,T,20250214,3,172,0,30,30,Lisa Guerrero,"897 Amanda Circles, Houston, TX, 77001",77001,ID00094,NEP,Unaware
C579,R1994,T,20250427,1,172,0,24,24,Lisa Guerrero,"897 Amanda Circles, Houston, TX, 77001",77001,ID00094,NEP,Unaware
C765,R2162,N,20250209,3,171,0,0,0,Alexandra Clark,"7622 Johnson Greens, Houston, TX, 77001",77001,ID00124,END,Managed Care Restricted
C570,R9734,B,20250307,2,171,7,12,19,Nicholas Kelley,"579 Scott Squares, Los Angeles, CA, 90001",90001,ID00025,END,Low-Volume Prescriber
C490,R2857,B,20250104,3,171,0,0,0,Dean Dunn,"68691 Candace Center, Los Angeles, CA, 90001",90001,ID00067,NEP,Aware Non-Prescriber
C945,R2562,N,20250121,2,171,0,0,0,Karen Moore,"1184 Rachel Mountains Apt. 047, Philadelphia, PA, 19103",19103,ID00098,NEP,Unaware
C683,R3931,N,20250324,1,171,0,0,0,Cynthia Graves,"1646 Samuel Crescent Suite 809, New York, NY, 10001",10001,ID00095,NEP,Unaware
C645,R5605,B,20250412,1,171,9,15,24,Brian Roberts,"4298 Lowery Garden Suite 160, Los Angeles, CA, 90001",90001,ID00039,CAR,Low-Volume Prescriber
C723,R3803,B,20250329,3,171,20,32,52,Michelle Elliott,"8851 Kevin Cliff, Atlanta, GA, 30301",30301,ID00001,CAR,High-Volume Loyalist
C432,R9363,T,20250121,2,172,0,19,19,James Warner,"222 Joseph Land Apt. 785, New York, NY, 10001",10001,ID00083,END,Aware Non-Prescriber
C867,R4961,T,20250227,3,173,0,14,14,Devin Watkins,"915 Alejandro Dam Suite 837, Seattle, WA, 98101",98101,ID00134,CAR,Competitor Loyalist
C837,R4907,T,20250123,1,173,0,27,27,Tina Reed,"19172 Miller Vista, Philadelphia, PA, 19103",19103,ID00139,END,Competitor Loyalist
C234,R4387,N,20250225,3,171,0,0,0,Mrs. Kristin Rodriguez,"484 Caldwell Ways Apt. 822, New York, NY, 10001",10001,ID00105,NEP,Unaware
C249,R5000,B,20250205,2,171,15,43,58,John Villa,"71110 Garza Ridge Apt. 137, Los Angeles, CA, 90001",90001,ID00012,NEP,High-Volume Loyalist
C244,R1301,N,20250319,3,171,0,0,0,John Thomas,"03583 Duncan Walk Apt. 643, Seattle, WA, 98101",98101,ID00102,CAR,Unaware
C397,R2103,T,20250227,3,172,0,30,30,Amy Ward,"777 Aaron Junctions, Philadelphia, PA, 19103",19103,ID00070,CAR,Aware Non-Prescriber
C415,R9148,B,20250303,3,171,8,17,25,Dr. Ann Richards,"943 Valdez Haven, Chicago, IL, 60601",60601,ID00023,NEP,Low-Volume Prescriber
C173,R1977,B,20250322,1,171,14,34,48,Thomas Rhodes,"890 Dylan Trail, Atlanta, GA, 30301",30301,ID00010,NEP,High-Volume Loyalist
C336,R9710,T,20250111,3,173,0,27,27,Cynthia Graves,"1646 Samuel Crescent Suite 809, New York, NY, 10001",10001,ID00095,NEP,Unaware
C888,R6298,T,20250328,3,172,0,21,21,James Rhodes,"28272 Mary Lane, Houston, TX, 77001",77001,ID00136,CAR,Competitor Loyalist
C786,R3002,B,20250315,3,171,18,40,58,Jillian Hall,"63505 Sheryl Mountains, Seattle, WA, 98101",98101,ID00015,CAR,High-Volume Loyalist
C319,R9834,B,20250129,2,171,20,45,65,Andrea Miller,"677 Johnson Rue, Chicago, IL, 60601",60601,ID00003,END,High-Volume Loyalist
C687,R6431,T,20250305,2,171,0,0,0,Jessica Matthews,"0909 Miller Dam Apt. 891, Los Angeles, CA, 90001",90001,ID00130,END,Competitor Loyalist
C654,R7014,T,20250413,2,172,0,17,17,Tiffany Gonzalez,"266 Robertson Heights, Los Angeles, CA, 90001",90001,ID00092,END,Unaware
C430,R7714,T,20250318,2,173,0,30,30,Manuel Young,"36774 James Fords Apt. 798, New York, NY, 10001",10001,ID00093,NEP,Unaware
C754,R1349,B,20250110,3,171,13,50,63,Mariah Bailey,"1518 Austin Knoll, Philadelphia, PA, 19103",19103,ID00013,CAR,High-Volume Loyalist
C921,R6772,B,20250415,2,171,13,49,62,John Villa,"71110 Garza Ridge Apt. 137, Los Angeles, CA, 90001",90001,ID00012,NEP,High-Volume Loyalist
C665,R6343,N,20250110,2,171,14,0,14,Robert Ramirez,"28928 Jeffrey Circle Apt. 512, Atlanta, GA, 30301",30301,ID00052,NEP,New Adopter
C819,R7459,T,20250129,2,173,0,13,13,Michelle Ross,"5963 Connor Spring, Houston, TX, 77001",77001,ID00127,NEP,Competitor Loyalist
C578,R2240,T,20250131,2,173,0,23,23,James Rhodes,"28272 Mary Lane, Houston, TX, 77001",77001,ID00136,CAR,Competitor Loyalist
C486,R1665,N,20250122,1,171,9,0,9,Jeremy Haynes,"4394 Gray Manor, New York, NY, 10001",10001,ID00065,NEP,New Adopter
C686,R7456,T,20250114,1,172,0,14,14,John Walsh,"0193 Mcclain Circles Suite 081, Philadelphia, PA, 19103",19103,ID00069,END,Aware Non-Prescriber
C893,R6004,B,20250227,2,171,0,0,0,Bonnie Davis,"5907 Angela Valley, New York, NY, 10001",10001,ID00071,END,Aware Non-Prescriber
C580,R8843,B,20250112,1,171,19,39,58,Clinton Diaz,"85425 Laura Summit Suite 944, Philadelphia, PA, 19103",19103,ID00009,END,High-Volume Loyalist
C694,R9869,N,20250323,1,171,0,0,0,Mrs. Kristin Rodriguez,"484 Caldwell Ways Apt. 822, New York, NY, 10001",10001,ID00105,NEP,Unaware
C327,R4519,N,20241230,2,171,0,0,0,James Steele,"0564 Katherine Tunnel Apt. 235, Atlanta, GA, 30301",30301,ID00097,END,Unaware
C749,R3360,B,20250410,3,171,0,0,0,John Walsh,"0193 Mcclain Circles Suite 081, Philadelphia, PA, 19103",19103,ID00069,END,Aware Non-Prescriber
C799,R7390,T,20250128,2,172,0,19,19,Sandra Mccoy,"96055 Megan Valley, Seattle, WA, 98101",98101,ID00133,CAR,Competitor Loyalist
C611,R2163,B,20250303,2,171,5,13,18,Christopher Gamble,"53267 Kathleen Extension, Chicago, IL, 60601",60601,ID00042,CAR,Low-Volume Prescriber
C248,R9690,T,20250228,2,171,0,0,0,Sandra Mccoy,"96055 Megan Valley, Seattle, WA, 98101",98101,ID00133,CAR,Competitor Loyalist
C698,R7408,T,20250131,3,173,0,21,21,Devin Watkins,"915 Alejandro Dam Suite 837, Seattle, WA, 98101",98101,ID00134,CAR,Competitor Loyalist
C553,R6772,T,20250308,3,173,0,27,27,John Garcia,"59147 Keith Drives, New York, NY, 10001",10001,ID00096,CAR,Unaware
C151,R3752,N,20250114,1,171,15,0,15,Ariana Bailey,"84002 Phillips Camp, Chicago, IL, 60601",60601,ID00046,END,New Adopter
C931,R2015,N,20250304,2,171,0,0,0,Lori Clark,"889 Curtis Summit Apt. 266, Atlanta, GA, 30301",30301,ID00104,NEP,Unaware
C874,R1745,T,20250322,3,171,0,0,0,Dr. Joseph Hughes,"89401 Robert Run Apt. 512, Atlanta, GA, 30301",30301,ID00068,CAR,Aware Non-Prescriber
C207,R5840,B,20250118,2,171,5,17,22,Holly Johnson,"364 Donald Locks Suite 870, Seattle, WA, 98101",98101,ID00036,NEP,Low-Volume Prescriber
C795,R8371,B,20250312,1,171,19,34,53,Dr. Cynthia Miller,"725 Mills Forge, Seattle, WA, 98101",98101,ID00020,NEP,High-Volume Loyalist
C107,R9161,T,20250222,3,172,0,12,12,Renee Montoya,"42137 Susan Groves Suite 215, Houston, TX, 77001",77001,ID00129,NEP,Competitor Loyalist
C658,R5813,B,20250109,2,171,19,35,54,Dr. Cynthia Miller,"725 Mills Forge, Seattle, WA, 98101",98101,ID00020,NEP,High-Volume Loyalist
C137,R3319,T,20250427,1,172,0,24,24,Michael Garcia,"29926 Kathryn Overpass, Los Angeles, CA, 90001",90001,ID00140,END,Competitor Loyalist
C327,R4519,T,20241230,2,172,0,19,19,James Steele,"0564 Katherine Tunnel Apt. 235, Atlanta, GA, 30301",30301,ID00097,END,Unaware
C747,R8175,T,20250302,1,173,0,23,23,Tina Reed,"19172 Miller Vista, Philadelphia, PA, 19103",19103,ID00139,END,Competitor Loyalist
C577,R6145,B,20250118,1,171,6,17,23,Michael Campbell,"272 Glass Prairie, Atlanta, GA, 30301",30301,ID00045,END,Low-Volume Prescriber
C689,R9269,T,20250225,3,172,0,20,20,Katrina Torres,"4105 King Ridges Apt. 254, Seattle, WA, 98101",98101,ID00099,NEP,Unaware
C656,R6696,T,20250312,1,173,0,12,12,Stephen Lopez,"736 Graham Inlet, Atlanta, GA, 30301",30301,ID00091,CAR,Unaware
C526,R2974,T,20250212,2,173,0,23,23,Karen Moore,"1184 Rachel Mountains Apt. 047, Philadelphia, PA, 19103",19103,ID00098,NEP,Unaware
C672,R2185,T,20250220,3,172,0,11,11,Paul Solomon,"98394 Leroy Garden Apt. 332, Houston, TX, 77001",77001,ID00079,END,Aware Non-Prescriber
C138,R2433,B,20250226,3,171,0,0,0,Dr. Joseph Hughes,"89401 Robert Run Apt. 512, Atlanta, GA, 30301",30301,ID00068,CAR,Aware Non-Prescriber
C989,R5713,T,20250427,1,173,0,22,22,John Thomas,"03583 Duncan Walk Apt. 643, Seattle, WA, 98101",98101,ID00102,CAR,Unaware
C536,R2898,N,20250411,3,171,13,0,13,Jocelyn Norris,"170 Bonnie Isle Apt. 987, New York, NY, 10001",10001,ID00060,END,New Adopter
C819,R7459,T,20250129,2,173,0,11,11,Michelle Ross,"5963 Connor Spring, Houston, TX, 77001",77001,ID00127,NEP,Competitor Loyalist
C439,R6793,N,20250313,3,171,0,0,0,Adam Reed,"091 Hale Junctions Apt. 822, Philadelphia, PA, 19103",19103,ID00118,CAR,Managed Care Restricted
C678,R3450,T,20250208,3,173,0,12,12,Katrina Torres,"4105 King Ridges Apt. 254, Seattle, WA, 98101",98101,ID00099,NEP,Unaware
C896,R4311,N,20250409,1,171,0,0,0,Joy Diaz,"140 Donna Trafficway, Los Angeles, CA, 90001",90001,ID00119,CAR,Managed Care Restricted
C206,R8306,T,20250111,3,172,0,10,10,John Church,"5132 Crystal Prairie, Los Angeles, CA, 90001",90001,ID00135,NEP,Competitor Loyalist
C522,R4080,T,20250412,2,172,0,26,26,David Mccoy,"65524 Thomas Track, Chicago, IL, 60601",60601,ID00086,CAR,Unaware
C156,R9185,B,20250303,2,171,9,15,24,Scott Turner,"0766 Schneider Ways, New York, NY, 10001",10001,ID00043,CAR,Low-Volume Prescriber
C580,R8438,T,20250408,1,171,0,0,0,Jessica Matthews,"0909 Miller Dam Apt. 891, Los Angeles, CA, 90001",90001,ID00130,END,Competitor Loyalist
C587,R9724,T,20250228,2,173,0,14,14,Sandra Mccoy,"96055 Megan Valley, Seattle, WA, 98101",98101,ID00133,CAR,Competitor Loyalist
C366,R2006,T,20250402,3,172,0,10,10,Luis Lozano,"59703 David Ford Apt. 715, Los Angeles, CA, 90001",90001,ID00131,END,Competitor Loyalist
C536,R9976,B,20250405,2,171,19,46,65,Kristin Elliott,"294 Schroeder Garden Apt. 703, Houston, TX, 77001",77001,ID00006,END,High-Volume Loyalist
C986,R3616,B,20250419,3,171,8,13,21,Dr. Ann Richards,"943 Valdez Haven, Chicago, IL, 60601",60601,ID00023,NEP,Low-Volume Prescriber
C897,R2324,N,20250419,3,171,10,0,10,Karla Johnson,"53763 Lisa Lake Apt. 638, Houston, TX, 77001",77001,ID00056,NEP,New Adopter
C331,R4044,T,20250217,2,171,0,0,0,Renee Montoya,"42137 Susan Groves Suite 215, Houston, TX, 77001",77001,ID00129,NEP,Competitor Loyalist
C313,R8746,N,20250306,3,171,0,0,0,Amy Terry,"7327 Gary Ways Suite 354, Seattle, WA, 98101",98101,ID00089,NEP,Unaware
C738,R9369,T,20250316,1,172,0,11,11,Timothy Mccarthy,"3359 Harrell Center, Atlanta, GA, 30301",30301,ID00075,END,Aware Non-Prescriber
C999,R5644,T,20250219,3,172,0,17,17,Peter Morse,"83908 Garcia Turnpike, Chicago, IL, 60601",60601,ID00074,CAR,Aware Non-Prescriber
C993,R5348,T,20250129,3,171,0,0,0,Valerie Smith,"2865 Rodriguez Pike Apt. 296, New York, NY, 10001",10001,ID00080,NEP,Aware Non-Prescriber
C758,R8517,B,20250126,3,171,17,42,59,Michelle Elliott,"8851 Kevin Cliff, Atlanta, GA, 30301",30301,ID00001,CAR,High-Volume Loyalist
C567,R5850,N,20250424,2,171,11,0,11,Vincent Sanders,"5175 Lance Hills, Houston, TX, 77001",77001,ID00059,NEP,New Adopter
C816,R6412,N,20250218,1,171,0,0,0,Jean Christian,"8530 Mata Shores, Los Angeles, CA, 90001",90001,ID00123,END,Managed Care Restricted
C552,R5201,B,20250204,3,171,5,15,20,Nicholas Kelley,"579 Scott Squares, Los Angeles, CA, 90001",90001,ID00025,END,Low-Volume Prescriber
C848,R3103,N,20250328,3,171,10,0,10,John Allen,"6872 Katie Ford, Houston, TX, 77001",77001,ID00063,CAR,New Adopter
C278,R6922,B,20250331,3,171,10,20,30,Ricky Harris,"082 Sanchez River, Chicago, IL, 60601",60601,ID00021,NEP,Low-Volume Prescriber
C292,R2978,N,20250112,2,171,11,0,11,Cynthia French,"3991 Brennan Underpass, Philadelphia, PA, 19103",19103,ID00062,END,New Adopter
C303,R9202,T,20250110,1,172,0,23,23,Lori Clark,"889 Curtis Summit Apt. 266, Atlanta, GA, 30301",30301,ID00104,NEP,Unaware
C492,R4826,B,20250420,1,171,13,48,61,Mark Hunt,"050 Smith Land Apt. 308, Seattle, WA, 98101",98101,ID00011,END,High-Volume Loyalist
C373,R2610,T,20250210,2,173,0,26,26,Devin Watkins,"915 Alejandro Dam Suite 837, Seattle, WA, 98101",98101,ID00134,CAR,Competitor Loyalist
C932,R7637,T,20250423,1,172,0,17,17,Bonnie Davis,"5907 Angela Valley, New York, NY, 10001",10001,ID00071,END,Aware Non-Prescriber
C893,R8069,T,20250324,1,171,0,0,0,Timothy Mccarthy,"3359 Harrell Center, Atlanta, GA, 30301",30301,ID00075,END,Aware Non-Prescriber
C862,R5162,N,20250407,3,171,0,0,0,John Garcia,"59147 Keith Drives, New York, NY, 10001",10001,ID00096,CAR,Unaware
C552,R2904,B,20250118,1,171,7,18,25,Erin Simmons,"2413 Donna Village, New York, NY, 10001",10001,ID00028,NEP,Low-Volume Prescriber
C894,R4170,N,20250403,3,171,11,0,11,Jeremy Haynes,"4394 Gray Manor, New York, NY, 10001",10001,ID00065,NEP,New Adopter
C973,R2405,N,20250405,3,171,0,0,0,John Jones,"27478 Holland Mountains, Philadelphia, PA, 19103",19103,ID00101,END,Unaware
C367,R9783,T,20250323,3,172,0,16,16,Tammy Rose,"86335 Lawson Ranch Apt. 743, Los Angeles, CA, 90001",90001,ID00076,END,Aware Non-Prescriber
C613,R3276,T,20250302,2,172,0,19,19,Alan Wilson,"562 Steele Brooks, Philadelphia, PA, 19103",19103,ID00073,END,Aware Non-Prescriber
C276,R1641,B,20250331,1,171,18,50,68,Brian Perez,"2053 Nicole Mountains Suite 024, Los Angeles, CA, 90001",90001,ID00017,END,High-Volume Loyalist
C911,R3275,B,20250305,1,171,5,13,18,Ricky Harris,"082 Sanchez River, Chicago, IL, 60601",60601,ID00021,NEP,Low-Volume Prescriber
C931,R2015,T,20250304,2,172,0,16,16,Lori Clark,"889 Curtis Summit Apt. 266, Atlanta, GA, 30301",30301,ID00104,NEP,Unaware
C371,R3170,B,20250108,3,171,13,46,59,Jill King,"9346 Eric Highway, Los Angeles, CA, 90001",90001,ID00004,NEP,High-Volume Loyalist
C358,R4575,N,20250418,2,171,15,0,15,Dwayne Jones,"111 Vance Passage, Los Angeles, CA, 90001",90001,ID00054,END,New Adopter
C633,R2117,T,20250307,1,173,0,12,12,Catherine Elliott,"605 Jessica Lodge, Chicago, IL, 60601",60601,ID00066,CAR,Aware Non-Prescriber
C796,R6499,N,20250401,3,171,10,0,10,Karla Johnson,"53763 Lisa Lake Apt. 638, Houston, TX, 77001",77001,ID00056,NEP,New Adopter
C491,R7366,T,20250203,1,173,0,16,16,James Rhodes,"28272 Mary Lane, Houston, TX, 77001",77001,ID00136,CAR,Competitor Loyalist
C391,R1449,N,20250416,2,171,9,0,9,Dwayne Jones,"111 Vance Passage, Los Angeles, CA, 90001",90001,ID00054,END,New Adopter
C799,R7390,T,20250128,2,171,0,0,0,Sandra Mccoy,"96055 Megan Valley, Seattle, WA, 98101",98101,ID00133,CAR,Competitor Loyalist
C245,R9624,T,20250328,1,172,0,22,22,Renee Montoya,"42137 Susan Groves Suite 215, Houston, TX, 77001",77001,ID00129,NEP,Competitor Loyalist
C838,R1417,N,20250324,2,171,10,0,10,Amanda Gillespie,"16188 Krystal Place, Atlanta, GA, 30301",30301,ID00055,NEP,New Adopter
C990,R7853,B,20250314,2,171,9,18,27,Amanda Thompson,"199 Angela Circles, New York, NY, 10001",10001,ID00035,NEP,Low-Volume Prescriber
C383,R6889,T,20250331,3,173,0,14,14,Bonnie Davis,"5907 Angela Valley, New York, NY, 10001",10001,ID00071,END,Aware Non-Prescriber
C661,R7540,T,20250404,1,172,0,18,18,Audrey Ruiz,"8055 Martha Curve Apt. 773, Philadelphia, PA, 19103",19103,ID00100,END,Unaware
C662,R1870,T,20250106,2,172,0,23,23,Michelle Ross,"5963 Connor Spring, Houston, TX, 77001",77001,ID00127,NEP,Competitor Loyalist
C428,R4285,N,20250321,1,171,0,0,0,Ashley Leach,"30119 Gina Green Suite 169, Seattle, WA, 98101",98101,ID00121,NEP,Managed Care Restricted
C469,R2108,B,20250325,3,171,11,46,57,Paul Nelson PhD,"47328 Nancy Ville Suite 584, Atlanta, GA, 30301",30301,ID00019,END,High-Volume Loyalist
C410,R1172,T,20250220,2,173,0,13,13,Brittany Christensen,"828 Brandon Square Apt. 201, Chicago, IL, 60601",60601,ID00085,END,Aware Non-Prescriber
C826,R1518,N,20250330,2,171,0,0,0,Adam Reed,"091 Hale Junctions Apt. 822, Philadelphia, PA, 19103",19103,ID00118,CAR,Managed Care Restricted
C885,R3248,B,20241230,1,171,14,36,50,John Campbell,"53474 Jeffrey Estates, Seattle, WA, 98101",98101,ID00016,END,High-Volume Loyalist
C777,R2771,N,20250319,1,171,8,0,8,Caitlin Armstrong,"82936 Rebecca Drives, Chicago, IL, 60601",60601,ID00058,END,New Adopter
C762,R2181,T,20250125,3,172,0,25,25,Dean Dunn,"68691 Candace Center, Los Angeles, CA, 90001",90001,ID00067,NEP,Aware Non-Prescriber
C284,R9464,B,20250106,1,171,0,0,0,Peter Morse,"83908 Garcia Turnpike, Chicago, IL, 60601",60601,ID00074,CAR,Aware Non-Prescriber
C471,R5728,B,20250105,3,171,9,13,22,Dr. Ann Richards,"943 Valdez Haven, Chicago, IL, 60601",60601,ID00023,NEP,Low-Volume Prescriber
C712,R9908,T,20250425,1,173,0,23,23,Tammy Rose,"86335 Lawson Ranch Apt. 743, Los Angeles, CA, 90001",90001,ID00076,END,Aware Non-Prescriber
C686,R3502,T,20250221,1,172,0,19,19,Mrs. Kristin Rodriguez,"484 Caldwell Ways Apt. 822, New York, NY, 10001",10001,ID00105,NEP,Unaware
C688,R1060,T,20250424,2,171,0,0,0,Alejandro Gould,"48615 Craig Tunnel, New York, NY, 10001",10001,ID00138,NEP,Competitor Loyalist
C804,R8808,N,20250213,1,171,0,0,0,Olivia Ortiz,"37350 Rodriguez Garden, Houston, TX, 77001",77001,ID00107,CAR,Managed Care Restricted
C531,R9185,T,20250228,1,172,0,27,27,Jill Taylor,"10380 Owens Pine, Chicago, IL, 60601",60601,ID00082,END,Aware Non-Prescriber
C962,R6653,T,20250313,3,173,0,17,17,Sandra Mccoy,"96055 Megan Valley, Seattle, WA, 98101",98101,ID00133,CAR,Competitor Loyalist
C368,R3544,T,20250307,1,172,0,24,24,Tammy Rivera,"7813 Bradshaw Lane, Los Angeles, CA, 90001",90001,ID00084,NEP,Aware Non-Prescriber
C959,R3846,N,20250313,2,171,13,0,13,Benjamin Tucker,"9040 Smith Causeway, Los Angeles, CA, 90001",90001,ID00047,END,New Adopter
C613,R3276,T,20250302,2,172,0,22,22,Alan Wilson,"562 Steele Brooks, Philadelphia, PA, 19103",19103,ID00073,END,Aware Non-Prescriber
C720,R2161,N,20250214,1,171,0,0,0,Lisa Guerrero,"897 Amanda Circles, Houston, TX, 77001",77001,ID00094,NEP,Unaware
C873,R1003,T,20250422,3,171,0,0,0,Timothy Lewis,"60203 Cindy Lock, Atlanta, GA, 30301",30301,ID00126,CAR,Competitor Loyalist
C235,R2778,T,20250128,2,173,0,18,18,Timothy Mccarthy,"3359 Harrell Center, Atlanta, GA, 30301",30301,ID00075,END,Aware Non-Prescriber
C747,R2485,T,20250219,1,173,0,16,16,Alejandro Gould,"48615 Craig Tunnel, New York, NY, 10001",10001,ID00138,NEP,Competitor Loyalist
C310,R5560,B,20250217,1,171,10,13,23,Colton Ortiz,"002 Jessica Ford Suite 996, New York, NY, 10001",10001,ID00037,END,Low-Volume Prescriber
C851,R9548,B,20250330,1,171,16,35,51,Emma Moore,"7136 Stephanie Drive, Philadelphia, PA, 19103",19103,ID00008,CAR,High-Volume Loyalist
C109,R8052,T,20250405,2,173,0,14,14,Brittany Christensen,"828 Brandon Square Apt. 201, Chicago, IL, 60601",60601,ID00085,END,Aware Non-Prescriber
C450,R7885,T,20250303,1,172,0,26,26,Tiffany Mckee,"9995 Hill Loop, Chicago, IL, 60601",60601,ID00087,CAR,Unaware
C845,R9524,N,20250206,2,171,15,0,15,Eduardo Adams,"1440 Rodriguez Turnpike Suite 678, Houston, TX, 77001",77001,ID00057,END,New Adopter
C171,R9056,T,20250121,2,171,0,0,0,James Rhodes,"28272 Mary Lane, Houston, TX, 77001",77001,ID00136,CAR,Competitor Loyalist
C837,R4907,T,20250123,1,172,0,23,23,Tina Reed,"19172 Miller Vista, Philadelphia, PA, 19103",19103,ID00139,END,Competitor Loyalist
C620,R4389,N,20250410,3,171,12,0,12,Cynthia French,"3991 Brennan Underpass, Philadelphia, PA, 19103",19103,ID00062,END,New Adopter
C248,R3525,T,20250211,1,172,0,29,29,Scott Johnson,"09995 Charles Plain, Philadelphia, PA, 19103",19103,ID00132,CAR,Competitor Loyalist
C233,R3209,T,20250223,3,172,0,19,19,Audrey Ruiz,"8055 Martha Curve Apt. 773, Philadelphia, PA, 19103",19103,ID00100,END,Unaware
C771,R1396,T,20250212,3,172,0,13,13,John Jones,"27478 Holland Mountains, Philadelphia, PA, 19103",19103,ID00101,END,Unaware
C812,R4018,T,20250423,1,171,0,0,0,James Rhodes,"28272 Mary Lane, Houston, TX, 77001",77001,ID00136,CAR,Competitor Loyalist
C770,R6148,N,20250104,1,171,12,0,12,Taylor Hebert,"419 Mccarthy Falls, Houston, TX, 77001",77001,ID00061,NEP,New Adopter
C575,R7533,T,20250105,1,171,0,0,0,Sandra Mccoy,"96055 Megan Valley, Seattle, WA, 98101",98101,ID00133,CAR,Competitor Loyalist
C844,R2235,T,20250201,3,173,0,29,29,Bonnie Davis,"5907 Angela Valley, New York, NY, 10001",10001,ID00071,END,Aware Non-Prescriber
C662,R1870,T,20250106,2,171,0,0,0,Michelle Ross,"5963 Connor Spring, Houston, TX, 77001",77001,ID00127,NEP,Competitor Loyalist
C865,R4764,T,20250418,3,173,0,16,16,Stephen Smith,"295 Randolph Skyway, Philadelphia, PA, 19103",19103,ID00077,END,Aware Non-Prescriber
C543,R6183,T,20250217,2,172,0,10,10,Dr. Joseph Hughes,"89401 Robert Run Apt. 512, Atlanta, GA, 30301",30301,ID00068,CAR,Aware Non-Prescriber
C932,R7637,T,20250423,1,172,0,25,25,Bonnie Davis,"5907 Angela Valley, New York, NY, 10001",10001,ID00071,END,Aware Non-Prescriber
C692,R9918,T,20250321,2,172,0,13,13,Alan Wilson,"562 Steele Brooks, Philadelphia, PA, 19103",19103,ID00073,END,Aware Non-Prescriber
C796,R2341,B,20250411,3,171,6,13,19,Erin Simmons,"2413 Donna Village, New York, NY, 10001",10001,ID00028,NEP,Low-Volume Prescriber
C320,R5166,T,20250328,1,172,0,28,28,Jill Taylor,"10380 Owens Pine, Chicago, IL, 60601",60601,ID00082,END,Aware Non-Prescriber
C710,R2040,B,20250118,3,171,12,43,55,Stephanie Hawkins,"2393 Oneill Corner, New York, NY, 10001",10001,ID00002,CAR,High-Volume Loyalist
C195,R8901,T,20250421,3,172,0,21,21,Timothy Mccarthy,"3359 Harrell Center, Atlanta, GA, 30301",30301,ID00075,END,Aware Non-Prescriber
C981,R3863,B,20250304,2,171,0,0,0,Reginald Baker,"502 John Extension, Houston, TX, 77001",77001,ID00081,NEP,Aware Non-Prescriber
C195,R8901,T,20250421,3,171,0,0,0,Timothy Mccarthy,"3359 Harrell Center, Atlanta, GA, 30301",30301,ID00075,END,Aware Non-Prescriber
C945,R2562,T,20250121,2,173,0,24,24,Karen Moore,"1184 Rachel Mountains Apt. 047, Philadelphia, PA, 19103",19103,ID00098,NEP,Unaware
C493,R6902,T,20250123,3,171,0,0,0,Michelle Peters,"68718 Rivera Motorway, Philadelphia, PA, 19103",19103,ID00128,END,Competitor Loyalist
C141,R3870,B,20250406,3,171,14,48,62,Thomas Rhodes,"890 Dylan Trail, Atlanta, GA, 30301",30301,ID00010,NEP,High-Volume Loyalist
C180,R2403,B,20250129,1,171,13,48,61,Stephanie Hawkins,"2393 Oneill Corner, New York, NY, 10001",10001,ID00002,CAR,High-Volume Loyalist
C705,R3476,T,20250317,1,173,0,28,28,Scott Johnson,"09995 Charles Plain, Philadelphia, PA, 19103",19103,ID00132,CAR,Competitor Loyalist
C540,R3937,B,20250101,3,171,10,20,30,Kristin Woods,"6290 Harrington Pass, Atlanta, GA, 30301",30301,ID00032,NEP,Low-Volume Prescriber
C777,R5122,T,20250115,3,173,0,16,16,Tammy Rivera,"7813 Bradshaw Lane, Los Angeles, CA, 90001",90001,ID00084,NEP,Aware Non-Prescriber
C629,R5121,T,20250214,3,172,0,18,18,Alan Wilson,"562 Steele Brooks, Philadelphia, PA, 19103",19103,ID00073,END,Aware Non-Prescriber
C860,R9715,T,20250204,3,173,0,17,17,David Mccoy,"65524 Thomas Track, Chicago, IL, 60601",60601,ID00086,CAR,Unaware
C110,R1138,T,20250208,3,172,0,19,19,John Church,"5132 Crystal Prairie, Los Angeles, CA, 90001",90001,ID00135,NEP,Competitor Loyalist
C685,R9043,N,20250111,1,171,14,0,14,Robert Hernandez,"450 Michael Heights Suite 689, Atlanta, GA, 30301",30301,ID00050,CAR,New Adopter
C926,R1711,B,20250213,2,171,19,38,57,Michelle Elliott,"8851 Kevin Cliff, Atlanta, GA, 30301",30301,ID00001,CAR,High-Volume Loyalist
C828,R5066,B,20250126,2,171,6,11,17,Michael Campbell,"272 Glass Prairie, Atlanta, GA, 30301",30301,ID00045,END,Low-Volume Prescriber
C165,R8752,T,20250218,1,171,0,0,0,Tammy Rivera,"7813 Bradshaw Lane, Los Angeles, CA, 90001",90001,ID00084,NEP,Aware Non-Prescriber
C984,R8801,T,20250324,2,172,0,20,20,Tammy Rivera,"7813 Bradshaw Lane, Los Angeles, CA, 90001",90001,ID00084,NEP,Aware Non-Prescriber
C789,R9920,B,20250405,1,171,7,17,24,Tina Smith,"0220 Li Corner, Chicago, IL, 60601",60601,ID00029,NEP,Low-Volume Prescriber
C233,R3636,N,20250222,2,171,12,0,12,Jeremy Haynes,"4394 Gray Manor, New York, NY, 10001",10001,ID00065,NEP,New Adopter
C423,R5272,B,20250324,3,171,19,46,65,Jill King,"9346 Eric Highway, Los Angeles, CA, 90001",90001,ID00004,NEP,High-Volume Loyalist
C553,R5871,B,20250408,3,171,16,44,60,Clinton Diaz,"85425 Laura Summit Suite 944, Philadelphia, PA, 19103",19103,ID00009,END,High-Volume Loyalist
C234,R4387,T,20250225,3,172,0,14,14,Mrs. Kristin Rodriguez,"484 Caldwell Ways Apt. 822, New York, NY, 10001",10001,ID00105,NEP,Unaware
C271,R4454,T,20250401,3,173,0,10,10,Sandra Mccoy,"96055 Megan Valley, Seattle, WA, 98101",98101,ID00133,CAR,Competitor Loyalist
C177,R3924,T,20250219,3,173,0,16,16,Valerie Smith,"2865 Rodriguez Pike Apt. 296, New York, NY, 10001",10001,ID00080,NEP,Aware Non-Prescriber
C446,R3868,B,20250116,1,171,15,47,62,Paul Nelson PhD,"47328 Nancy Ville Suite 584, Atlanta, GA, 30301",30301,ID00019,END,High-Volume Loyalist
C562,R2481,N,20250415,3,171,0,0,0,Patrick Hall,"344 Williams Extension, Houston, TX, 77001",77001,ID00110,END,Managed Care Restricted
C502,R3572,T,20250210,2,173,0,28,28,Lori Clark,"889 Curtis Summit Apt. 266, Atlanta, GA, 30301",30301,ID00104,NEP,Unaware
C793,R4387,N,20250418,1,171,11,0,11,Dwayne Jones,"111 Vance Passage, Los Angeles, CA, 90001",90001,ID00054,END,New Adopter
C302,R8993,T,20250301,3,172,0,27,27,Audrey Ruiz,"8055 Martha Curve Apt. 773, Philadelphia, PA, 19103",19103,ID00100,END,Unaware
C661,R8913,T,20250405,2,173,0,10,10,John Thomas,"03583 Duncan Walk Apt. 643, Seattle, WA, 98101",98101,ID00102,CAR,Unaware
C489,R1719,N,20250216,3,171,0,0,0,Anthony Green,"47110 Contreras Shoal Suite 755, Atlanta, GA, 30301",30301,ID00111,CAR,Managed Care Restricted
C224,R2965,T,20250316,3,173,0,20,20,John Church,"5132 Crystal Prairie, Los Angeles, CA, 90001",90001,ID00135,NEP,Competitor Loyalist
C636,R9745,T,20250320,3,173,0,23,23,Brittany Christensen,"828 Brandon Square Apt. 201, Chicago, IL, 60601",60601,ID00085,END,Aware Non-Prescriber
C437,R9635,N,20250328,2,171,0,0,0,Erin Bautista,"17802 Morrison Club Suite 483, New York, NY, 10001",10001,ID00114,NEP,Managed Care Restricted
C652,R6119,T,20250327,3,173,0,18,18,Jessica Matthews,"0909 Miller Dam Apt. 891, Los Angeles, CA, 90001",90001,ID00130,END,Competitor Loyalist
C671,R7802,T,20250311,3,173,0,13,13,Cynthia Graves,"1646 Samuel Crescent Suite 809, New York, NY, 10001",10001,ID00095,NEP,Unaware
C756,R9901,B,20250427,2,171,7,17,24,Brian Webb,"98193 Donna Mill Suite 101, Los Angeles, CA, 90001",90001,ID00026,NEP,Low-Volume Prescriber
C598,R9633,B,20250113,2,171,20,48,68,John Campbell,"53474 Jeffrey Estates, Seattle, WA, 98101",98101,ID00016,END,High-Volume Loyalist
C230,R3639,T,20250101,1,172,0,12,12,Peter Morse,"83908 Garcia Turnpike, Chicago, IL, 60601",60601,ID00074,CAR,Aware Non-Prescriber
C715,R5668,B,20250322,1,171,6,18,24,Ruth Rodriguez,"72952 Anthony Ways, Houston, TX, 77001",77001,ID00041,CAR,Low-Volume Prescriber
C771,R3589,N,20250223,1,171,0,0,0,Michael Smith,"41758 Brian Prairie, Chicago, IL, 60601",60601,ID00106,CAR,Managed Care Restricted
C367,R9783,T,20250323,3,173,0,28,28,Tammy Rose,"86335 Lawson Ranch Apt. 743, Los Angeles, CA, 90001",90001,ID00076,END,Aware Non-Prescriber
C601,R2442,N,20250406,1,171,10,0,10,Eduardo Adams,"1440 Rodriguez Turnpike Suite 678, Houston, TX, 77001",77001,ID00057,END,New Adopter
C265,R6629,T,20250417,1,172,0,10,10,James Warner,"222 Joseph Land Apt. 785, New York, NY, 10001",10001,ID00083,END,Aware Non-Prescriber
C686,R3406,T,20250116,3,172,0,20,20,Peter Morse,"83908 Garcia Turnpike, Chicago, IL, 60601",60601,ID00074,CAR,Aware Non-Prescriber
C100,R6310,B,20250215,1,171,18,46,64,Stephanie Hawkins,"2393 Oneill Corner, New York, NY, 10001",10001,ID00002,CAR,High-Volume Loyalist
C955,R2702,B,20250419,3,171,0,0,0,Dean Dunn,"68691 Candace Center, Los Angeles, CA, 90001",90001,ID00067,NEP,Aware Non-Prescriber
C666,R8091,N,20250307,3,171,8,0,8,John Allen,"6872 Katie Ford, Houston, TX, 77001",77001,ID00063,CAR,New Adopter
C271,R4454,T,20250401,3,173,0,27,27,Sandra Mccoy,"96055 Megan Valley, Seattle, WA, 98101",98101,ID00133,CAR,Competitor Loyalist
C482,R3555,T,20250124,3,172,0,23,23,John Jones,"27478 Holland Mountains, Philadelphia, PA, 19103",19103,ID00101,END,Unaware
C331,R6641,N,20250320,3,171,11,0,11,Eduardo Adams,"1440 Rodriguez Turnpike Suite 678, Houston, TX, 77001",77001,ID00057,END,New Adopter
C166,R1749,N,20250315,2,171,10,0,10,Eduardo Adams,"1440 Rodriguez Turnpike Suite 678, Houston, TX, 77001",77001,ID00057,END,New Adopter
C204,R4675,N,20250103,2,171,15,0,15,Jeffrey Norman,"2046 Steve River, Philadelphia, PA, 19103",19103,ID00064,NEP,New Adopter
C968,R3717,T,20250304,1,173,0,11,11,Jonathan Joseph,"5976 Cabrera Orchard Suite 124, Chicago, IL, 60601",60601,ID00072,CAR,Aware Non-Prescriber
C450,R9031,N,20250422,3,171,10,0,10,Caitlin Armstrong,"82936 Rebecca Drives, Chicago, IL, 60601",60601,ID00058,END,New Adopter
C359,R6024,T,20250121,2,173,0,14,14,Stephen Smith,"295 Randolph Skyway, Philadelphia, PA, 19103",19103,ID00077,END,Aware Non-Prescriber
C553,R6772,T,20250308,3,173,0,26,26,John Garcia,"59147 Keith Drives, New York, NY, 10001",10001,ID00096,CAR,Unaware
C982,R1542,T,20250122,3,171,0,0,0,Scott Johnson,"09995 Charles Plain, Philadelphia, PA, 19103",19103,ID00132,CAR,Competitor Loyalist
C450,R7885,T,20250303,1,172,0,17,17,Tiffany Mckee,"9995 Hill Loop, Chicago, IL, 60601",60601,ID00087,CAR,Unaware
C317,R6813,B,20250303,2,171,12,45,57,Emma Moore,"7136 Stephanie Drive, Philadelphia, PA, 19103",19103,ID00008,CAR,High-Volume Loyalist
C710,R2391,B,20250215,2,171,15,48,63,Jillian Hall,"63505 Sheryl Mountains, Seattle, WA, 98101",98101,ID00015,CAR,High-Volume Loyalist
C143,R7643,T,20250211,3,172,0,15,15,Michael Garcia,"29926 Kathryn Overpass, Los Angeles, CA, 90001",90001,ID00140,END,Competitor Loyalist
C656,R6696,T,20250312,1,173,0,28,28,Stephen Lopez,"736 Graham Inlet, Atlanta, GA, 30301",30301,ID00091,CAR,Unaware
C154,R2659,N,20250317,2,171,10,0,10,Robert Hernandez,"450 Michael Heights Suite 689, Atlanta, GA, 30301",30301,ID00050,CAR,New Adopter
C259,R2747,T,20250416,3,172,0,27,27,Valerie Smith,"2865 Rodriguez Pike Apt. 296, New York, NY, 10001",10001,ID00080,NEP,Aware Non-Prescriber
C945,R2489,N,20250220,1,171,8,0,8,Cynthia French,"3991 Brennan Underpass, Philadelphia, PA, 19103",19103,ID00062,END,New Adopter
C489,R6188,B,20250323,1,171,15,47,62,Mark Hunt,"050 Smith Land Apt. 308, Seattle, WA, 98101",98101,ID00011,END,High-Volume Loyalist
C153,R4568,T,20250124,2,172,0,27,27,Amy Terry,"7327 Gary Ways Suite 354, Seattle, WA, 98101",98101,ID00089,NEP,Unaware
C468,R2767,T,20250324,3,172,0,20,20,Mr. Scott Lopez,"99002 Vasquez Island Apt. 417, New York, NY, 10001",10001,ID00103,CAR,Unaware
C597,R4139,N,20250124,1,171,0,0,0,Manuel Young,"36774 James Fords Apt. 798, New York, NY, 10001",10001,ID00093,NEP,Unaware
C656,R6696,T,20250312,1,172,0,23,23,Stephen Lopez,"736 Graham Inlet, Atlanta, GA, 30301",30301,ID00091,CAR,Unaware
C296,R5097,T,20250228,1,172,0,23,23,Eric Becker,"33578 Charles Camp Apt. 263, Seattle, WA, 98101",98101,ID00088,END,Unaware
C730,R5603,T,20250131,1,173,0,23,23,Luis Lozano,"59703 David Ford Apt. 715, Los Angeles, CA, 90001",90001,ID00131,END,Competitor Loyalist
C607,R1768,B,20250320,3,171,8,18,26,Douglas Mcclain,"09854 Barrett Stravenue, Philadelphia, PA, 19103",19103,ID00030,NEP,Low-Volume Prescriber
C112,R7737,T,20250415,1,173,0,21,21,John Church,"5132 Crystal Prairie, Los Angeles, CA, 90001",90001,ID00135,NEP,Competitor Loyalist
C428,R9419,T,20250205,3,172,0,13,13,Dean Dunn,"68691 Candace Center, Los Angeles, CA, 90001",90001,ID00067,NEP,Aware Non-Prescriber
C137,R3319,T,20250427,1,173,0,23,23,Michael Garcia,"29926 Kathryn Overpass, Los Angeles, CA, 90001",90001,ID00140,END,Competitor Loyalist
C800,R6765,T,20250101,2,173,0,23,23,Lori Clark,"889 Curtis Summit Apt. 266, Atlanta, GA, 30301",30301,ID00104,NEP,Unaware
C184,R3077,T,20250204,2,173,0,22,22,Luis Lozano,"59703 David Ford Apt. 715, Los Angeles, CA, 90001",90001,ID00131,END,Competitor Loyalist
C714,R8133,B,20250414,1,171,0,0,0,Stephen Smith,"295 Randolph Skyway, Philadelphia, PA, 19103",19103,ID00077,END,Aware Non-Prescriber
C215,R8889,T,20250330,2,171,0,0,0,Renee Montoya,"42137 Susan Groves Suite 215, Houston, TX, 77001",77001,ID00129,NEP,Competitor Loyalist
C289,R7078,N,20250110,3,171,14,0,14,Kaitlyn Schwartz,"863 Stacy Spurs Suite 299, Atlanta, GA, 30301",30301,ID00051,CAR,New Adopter
C582,R1372,T,20250207,2,172,0,11,11,John Thomas,"03583 Duncan Walk Apt. 643, Seattle, WA, 98101",98101,ID00102,CAR,Unaware
C607,R4203,B,20250214,2,171,6,20,26,Daniel Smith,"404 Brenda Plains Suite 108, Atlanta, GA, 30301",30301,ID00034,END,Low-Volume Prescriber
C776,R5843,B,20250209,1,171,11,40,51,Dr. Cynthia Miller,"725 Mills Forge, Seattle, WA, 98101",98101,ID00020,NEP,High-Volume Loyalist
C486,R6868,T,20250101,3,173,0,28,28,Stephen Lopez,"736 Graham Inlet, Atlanta, GA, 30301",30301,ID00091,CAR,Unaware
C861,R7814,T,20250214,3,172,0,23,23,Lisa Guerrero,"897 Amanda Circles, Houston, TX, 77001",77001,ID00094,NEP,Unaware
C872,R1815,B,20250422,1,171,12,35,47,Jillian Hall,"63505 Sheryl Mountains, Seattle, WA, 98101",98101,ID00015,CAR,High-Volume Loyalist
C521,R8161,T,20250310,2,171,0,0,0,Brittany Christensen,"828 Brandon Square Apt. 201, Chicago, IL, 60601",60601,ID00085,END,Aware Non-Prescriber
C112,R5731,T,20250420,2,172,0,20,20,Sandra Mccoy,"96055 Megan Valley, Seattle, WA, 98101",98101,ID00133,CAR,Competitor Loyalist
C255,R9115,B,20250330,2,171,16,50,66,Mark Hunt,"050 Smith Land Apt. 308, Seattle, WA, 98101",98101,ID00011,END,High-Volume Loyalist
C810,R9117,B,20250418,1,171,15,43,58,Thomas Rhodes,"890 Dylan Trail, Atlanta, GA, 30301",30301,ID00010,NEP,High-Volume Loyalist
C578,R2240,T,20250131,2,173,0,20,20,James Rhodes,"28272 Mary Lane, Houston, TX, 77001",77001,ID00136,CAR,Competitor Loyalist
C224,R1782,B,20250408,2,171,13,39,52,Paul Nelson PhD,"47328 Nancy Ville Suite 584, Atlanta, GA, 30301",30301,ID00019,END,High-Volume Loyalist
C987,R3078,B,20250116,2,171,5,14,19,Brian Roberts,"4298 Lowery Garden Suite 160, Los Angeles, CA, 90001",90001,ID00039,CAR,Low-Volume Prescriber
C122,R4046,T,20250105,3,173,0,18,18,Tiffany Mckee,"9995 Hill Loop, Chicago, IL, 60601",60601,ID00087,CAR,Unaware
C654,R7014,N,20250413,2,171,0,0,0,Tiffany Gonzalez,"266 Robertson Heights, Los Angeles, CA, 90001",90001,ID00092,END,Unaware
C119,R8720,T,20250302,3,171,0,0,0,Michael Garcia,"29926 Kathryn Overpass, Los Angeles, CA, 90001",90001,ID00140,END,Competitor Loyalist
C777,R4733,B,20250313,1,171,11,31,42,Michelle Elliott,"8851 Kevin Cliff, Atlanta, GA, 30301",30301,ID00001,CAR,High-Volume Loyalist
C787,R4842,T,20250210,2,173,0,16,16,Amy Ward,"777 Aaron Junctions, Philadelphia, PA, 19103",19103,ID00070,CAR,Aware Non-Prescriber
C549,R1175,T,20250408,1,173,0,13,13,Suzanne Barnett,"169 Carol Lights Apt. 195, New York, NY, 10001",10001,ID00078,CAR,Aware Non-Prescriber
C844,R1134,N,20250331,2,171,0,0,0,Tiffany Mckee,"9995 Hill Loop, Chicago, IL, 60601",60601,ID00087,CAR,Unaware
C678,R3450,T,20250208,3,172,0,22,22,Katrina Torres,"4105 King Ridges Apt. 254, Seattle, WA, 98101",98101,ID00099,NEP,Unaware
C878,R5016,B,20250407,1,171,10,18,28,Heather Hall,"185 Peterson Unions, Atlanta, GA, 30301",30301,ID00044,CAR,Low-Volume Prescriber
C802,R9759,N,20250211,3,171,11,0,11,Amanda Gillespie,"16188 Krystal Place, Atlanta, GA, 30301",30301,ID00055,NEP,New Adopter
C923,R2492,T,20250119,2,172,0,23,23,Stephen Smith,"295 Randolph Skyway, Philadelphia, PA, 19103",19103,ID00077,END,Aware Non-Prescriber
C137,R3319,T,20250427,1,171,0,0,0,Michael Garcia,"29926 Kathryn Overpass, Los Angeles, CA, 90001",90001,ID00140,END,Competitor Loyalist
C296,R4545,B,20250208,1,171,18,35,53,Emma Moore,"7136 Stephanie Drive, Philadelphia, PA, 19103",19103,ID00008,CAR,High-Volume Loyalist
C598,R1718,T,20250414,2,173,0,14,14,Dean Dunn,"68691 Candace Center, Los Angeles, CA, 90001",90001,ID00067,NEP,Aware Non-Prescriber
C600,R2489,B,20250327,1,171,10,19,29,Erin Simmons,"2413 Donna Village, New York, NY, 10001",10001,ID00028,NEP,Low-Volume Prescriber
C770,R6530,B,20250312,1,171,8,18,26,Tina Wilson,"63359 Blake Center, Philadelphia, PA, 19103",19103,ID00031,NEP,Low-Volume Prescriber
C994,R1202,N,20250418,2,171,15,0,15,Robert Ramirez,"28928 Jeffrey Circle Apt. 512, Atlanta, GA, 30301",30301,ID00052,NEP,New Adopter
C954,R5091,T,20250125,1,173,0,10,10,Valerie Smith,"2865 Rodriguez Pike Apt. 296, New York, NY, 10001",10001,ID00080,NEP,Aware Non-Prescriber
C211,R3357,T,20250322,2,171,0,0,0,Bryan Johnson,"714 Watkins Unions Suite 059, Philadelphia, PA, 19103",19103,ID00137,END,Competitor Loyalist
C668,R8081,T,20250401,2,172,0,27,27,Jill Taylor,"10380 Owens Pine, Chicago, IL, 60601",60601,ID00082,END,Aware Non-Prescriber
C859,R2279,T,20250228,3,171,0,0,0,Jessica Matthews,"0909 Miller Dam Apt. 891, Los Angeles, CA, 90001",90001,ID00130,END,Competitor Loyalist
C143,R7643,T,20250211,3,172,0,15,15,Michael Garcia,"29926 Kathryn Overpass, Los Angeles, CA, 90001",90001,ID00140,END,Competitor Loyalist
C286,R3238,N,20250418,1,171,0,0,0,David Mccoy,"65524 Thomas Track, Chicago, IL, 60601",60601,ID00086,CAR,Unaware
C706,R9939,B,20250214,1,171,9,13,22,Amanda Thompson,"199 Angela Circles, New York, NY, 10001",10001,ID00035,NEP,Low-Volume Prescriber
C560,R6483,T,20250228,3,173,0,13,13,Jill Taylor,"10380 Owens Pine, Chicago, IL, 60601",60601,ID00082,END,Aware Non-Prescriber
C797,R8548,T,20250405,2,173,0,27,27,Paul Solomon,"98394 Leroy Garden Apt. 332, Houston, TX, 77001",77001,ID00079,END,Aware Non-Prescriber
C894,R9289,T,20250226,1,173,0,19,19,Tiffany Gonzalez,"266 Robertson Heights, Los Angeles, CA, 90001",90001,ID00092,END,Unaware
C633,R3001,T,20250404,3,172,0,10,10,Amy Terry,"7327 Gary Ways Suite 354, Seattle, WA, 98101",98101,ID00089,NEP,Unaware
C549,R2923,B,20250225,2,171,7,11,18,Dylan George,"894 Davis Lakes Suite 123, Philadelphia, PA, 19103",19103,ID00038,END,Low-Volume Prescriber
C362,R1804,T,20250329,3,173,0,26,26,Lisa Guerrero,"897 Amanda Circles, Houston, TX, 77001",77001,ID00094,NEP,Unaware
C933,R2636,T,20250313,3,171,0,0,0,Jill Taylor,"10380 Owens Pine, Chicago, IL, 60601",60601,ID00082,END,Aware Non-Prescriber
C137,R3381,N,20250323,2,171,0,0,0,Pamela Davis,"26187 Lee View, Atlanta, GA, 30301",30301,ID00113,END,Managed Care Restricted
C151,R3131,N,20250309,2,171,0,0,0,Jessica Chan,"3929 William Court Suite 842, Seattle, WA, 98101",98101,ID00122,END,Managed Care Restricted
C632,R1117,T,20250313,3,173,0,20,20,Tammy Rose,"86335 Lawson Ranch Apt. 743, Los Angeles, CA, 90001",90001,ID00076,END,Aware Non-Prescriber
C749,R3360,T,20250410,3,172,0,12,12,John Walsh,"0193 Mcclain Circles Suite 081, Philadelphia, PA, 19103",19103,ID00069,END,Aware Non-Prescriber
C587,R9724,T,20250228,2,173,0,16,16,Sandra Mccoy,"96055 Megan Valley, Seattle, WA, 98101",98101,ID00133,CAR,Competitor Loyalist
C889,R6478,T,20250408,1,173,0,20,20,Karen Moore,"1184 Rachel Mountains Apt. 047, Philadelphia, PA, 19103",19103,ID00098,NEP,Unaware
C764,R6198,N,20250402,2,171,15,0,15,Jodi Griffith,"37360 Beth Coves Apt. 692, Seattle, WA, 98101",98101,ID00048,CAR,New Adopter
C340,R5451,B,20250203,2,171,11,39,50,Kristin Elliott,"294 Schroeder Garden Apt. 703, Houston, TX, 77001",77001,ID00006,END,High-Volume Loyalist
C988,R7332,T,20250101,2,172,0,17,17,Mr. Scott Lopez,"99002 Vasquez Island Apt. 417, New York, NY, 10001",10001,ID00103,CAR,Unaware
C122,R4046,T,20250105,3,172,0,10,10,Tiffany Mckee,"9995 Hill Loop, Chicago, IL, 60601",60601,ID00087,CAR,Unaware
C164,R9856,T,20250302,2,172,0,10,10,Tina Reed,"19172 Miller Vista, Philadelphia, PA, 19103",19103,ID00139,END,Competitor Loyalist
C174,R7120,N,20250408,1,171,13,0,13,Jodi Griffith,"37360 Beth Coves Apt. 692, Seattle, WA, 98101",98101,ID00048,CAR,New Adopter
C835,R6640,T,20250426,2,172,0,25,25,Michelle Ross,"5963 Connor Spring, Houston, TX, 77001",77001,ID00127,NEP,Competitor Loyalist
C565,R9346,T,20250319,1,171,0,0,0,Renee Montoya,"42137 Susan Groves Suite 215, Houston, TX, 77001",77001,ID00129,NEP,Competitor Loyalist
C584,R2874,B,20250319,1,171,13,34,47,James Bradford,"48045 Natasha Vista Suite 907, Seattle, WA, 98101",98101,ID00007,END,High-Volume Loyalist
C946,R3450,T,20250101,1,172,0,29,29,Timothy Mccarthy,"3359 Harrell Center, Atlanta, GA, 30301",30301,ID00075,END,Aware Non-Prescriber
C723,R4920,B,20250302,1,171,10,50,60,Mark Hunt,"050 Smith Land Apt. 308, Seattle, WA, 98101",98101,ID00011,END,High-Volume Loyalist
C295,R6254,T,20250214,2,173,0,12,12,John Jones,"27478 Holland Mountains, Philadelphia, PA, 19103",19103,ID00101,END,Unaware
C298,R1025,N,20250330,2,171,0,0,0,Kevin Vaughan,"66337 Lyons Island, Atlanta, GA, 30301",30301,ID00115,CAR,Managed Care Restricted
C837,R1020,N,20250212,2,171,9,0,9,Heidi Lucero,"5415 Billy Key, Seattle, WA, 98101",98101,ID00049,NEP,New Adopter
C410,R1172,T,20250220,2,171,0,0,0,Brittany Christensen,"828 Brandon Square Apt. 201, Chicago, IL, 60601",60601,ID00085,END,Aware Non-Prescriber
C451,R9765,T,20250318,1,172,0,13,13,Jessica Matthews,"0909 Miller Dam Apt. 891, Los Angeles, CA, 90001",90001,ID00130,END,Competitor Loyalist
C601,R4109,N,20250309,3,171,0,0,0,Stephen Lopez,"736 Graham Inlet, Atlanta, GA, 30301",30301,ID00091,CAR,Unaware
C686,R7456,T,20250114,1,171,0,0,0,John Walsh,"0193 Mcclain Circles Suite 081, Philadelphia, PA, 19103",19103,ID00069,END,Aware Non-Prescriber
C279,R2343,T,20250302,3,173,0,10,10,Bonnie Davis,"5907 Angela Valley, New York, NY, 10001",10001,ID00071,END,Aware Non-Prescriber
C279,R2343,T,20250302,3,172,0,22,22,Bonnie Davis,"5907 Angela Valley, New York, NY, 10001",10001,ID00071,END,Aware Non-Prescriber
C505,R4982,T,20250314,1,172,0,10,10,Jeffrey Salazar,"8770 Thomas Wells Apt. 251, New York, NY, 10001",10001,ID00090,NEP,Unaware
C521,R8161,T,20250310,2,173,0,23,23,Brittany Christensen,"828 Brandon Square Apt. 201, Chicago, IL, 60601",60601,ID00085,END,Aware Non-Prescriber
C685,R4212,T,20250218,3,173,0,27,27,Audrey Ruiz,"8055 Martha Curve Apt. 773, Philadelphia, PA, 19103",19103,ID00100,END,Unaware
C614,R2738,T,20250329,1,173,0,13,13,Dr. Joseph Hughes,"89401 Robert Run Apt. 512, Atlanta, GA, 30301",30301,ID00068,CAR,Aware Non-Prescriber
C146,R7563,B,20250402,2,171,8,15,23,Dr. Ann Richards,"943 Valdez Haven, Chicago, IL, 60601",60601,ID00023,NEP,Low-Volume Prescriber
C165,R8752,T,20250218,1,172,0,18,18,Tammy Rivera,"7813 Bradshaw Lane, Los Angeles, CA, 90001",90001,ID00084,NEP,Aware Non-Prescriber
C988,R7332,N,20250101,2,171,0,0,0,Mr. Scott Lopez,"99002 Vasquez Island Apt. 417, New York, NY, 10001",10001,ID00103,CAR,Unaware
C913,R5127,T,20250108,1,172,0,16,16,Dr. Joseph Hughes,"89401 Robert Run Apt. 512, Atlanta, GA, 30301",30301,ID00068,CAR,Aware Non-Prescriber
C939,R8373,T,20250222,3,172,0,24,24,Renee Montoya,"42137 Susan Groves Suite 215, Houston, TX, 77001",77001,ID00129,NEP,Competitor Loyalist
C415,R6992,T,20250412,1,173,0,24,24,Brittany Christensen,"828 Brandon Square Apt. 201, Chicago, IL, 60601",60601,ID00085,END,Aware Non-Prescriber
C379,R8381,B,20250408,2,171,5,20,25,Jonathan Lee,"582 Allison Glens Apt. 728, Chicago, IL, 60601",60601,ID00033,NEP,Low-Volume Prescriber
C817,R5951,B,20250322,1,171,20,44,64,Mariah Bailey,"1518 Austin Knoll, Philadelphia, PA, 19103",19103,ID00013,CAR,High-Volume Loyalist
C971,R5552,T,20250304,1,172,0,10,10,Luis Lozano,"59703 David Ford Apt. 715, Los Angeles, CA, 90001",90001,ID00131,END,Competitor Loyalist
C354,R3583,T,20250407,1,173,0,29,29,Jeffrey Salazar,"8770 Thomas Wells Apt. 251, New York, NY, 10001",10001,ID00090,NEP,Unaware
C995,R7658,B,20250325,1,171,15,47,62,Lori Williams MD,"31525 Colin Knoll, Philadelphia, PA, 19103",19103,ID00005,END,High-Volume Loyalist
C889,R6478,T,20250408,1,172,0,19,19,Karen Moore,"1184 Rachel Mountains Apt. 047, Philadelphia, PA, 19103",19103,ID00098,NEP,Unaware
C526,R2974,T,20250212,2,173,0,16,16,Karen Moore,"1184 Rachel Mountains Apt. 047, Philadelphia, PA, 19103",19103,ID00098,NEP,Unaware
C588,R1096,B,20250329,1,171,19,42,61,James Bradford,"48045 Natasha Vista Suite 907, Seattle, WA, 98101",98101,ID00007,END,High-Volume Loyalist
C172,R5979,T,20250104,3,172,0,11,11,Lisa Guerrero,"897 Amanda Circles, Houston, TX, 77001",77001,ID00094,NEP,Unaware
C383,R7995,T,20250321,2,172,0,24,24,James Rhodes,"28272 Mary Lane, Houston, TX, 77001",77001,ID00136,CAR,Competitor Loyalist
C967,R7580,B,20250322,1,171,10,45,55,Jason Webster,"36796 Ballard Fork Suite 800, Houston, TX, 77001",77001,ID00014,END,High-Volume Loyalist
C843,R8982,T,20250131,1,173,0,17,17,Amy Ward,"777 Aaron Junctions, Philadelphia, PA, 19103",19103,ID00070,CAR,Aware Non-Prescriber
C762,R2181,B,20250125,3,171,0,0,0,Dean Dunn,"68691 Candace Center, Los Angeles, CA, 90001",90001,ID00067,NEP,Aware Non-Prescriber
C690,R9821,T,20250420,3,173,0,13,13,James Warner,"222 Joseph Land Apt. 785, New York, NY, 10001",10001,ID00083,END,Aware Non-Prescriber
C557,R4205,T,20250318,3,173,0,28,28,Timothy Lewis,"60203 Cindy Lock, Atlanta, GA, 30301",30301,ID00126,CAR,Competitor Loyalist
C465,R1783,B,20250405,3,171,13,39,52,Paul Nelson PhD,"47328 Nancy Ville Suite 584, Atlanta, GA, 30301",30301,ID00019,END,High-Volume Loyalist
C693,R4817,T,20250118,3,173,0,19,19,Michael Garcia,"29926 Kathryn Overpass, Los Angeles, CA, 90001",90001,ID00140,END,Competitor Loyalist
C948,R8532,B,20250112,2,171,15,50,65,Emma Moore,"7136 Stephanie Drive, Philadelphia, PA, 19103",19103,ID00008,CAR,High-Volume Loyalist
C254,R1241,T,20250128,1,173,0,26,26,Tiffany Mckee,"9995 Hill Loop, Chicago, IL, 60601",60601,ID00087,CAR,Unaware
C282,R1512,T,20250415,1,173,0,12,12,Manuel Young,"36774 James Fords Apt. 798, New York, NY, 10001",10001,ID00093,NEP,Unaware
C678,R3450,N,20250208,3,171,0,0,0,Katrina Torres,"4105 King Ridges Apt. 254, Seattle, WA, 98101",98101,ID00099,NEP,Unaware
C811,R5981,T,20250120,1,173,0,21,21,Luis Lozano,"59703 David Ford Apt. 715, Los Angeles, CA, 90001",90001,ID00131,END,Competitor Loyalist
C445,R3591,T,20250219,3,172,0,10,10,John Garcia,"59147 Keith Drives, New York, NY, 10001",10001,ID00096,CAR,Unaware
C482,R3555,T,20250124,3,173,0,11,11,John Jones,"27478 Holland Mountains, Philadelphia, PA, 19103",19103,ID00101,END,Unaware
C457,R4624,T,20250308,2,171,0,0,0,Catherine Elliott,"605 Jessica Lodge, Chicago, IL, 60601",60601,ID00066,CAR,Aware Non-Prescriber
C747,R8175,T,20250302,1,171,0,0,0,Tina Reed,"19172 Miller Vista, Philadelphia, PA, 19103",19103,ID00139,END,Competitor Loyalist
C151,R5609,B,20250126,3,171,7,10,17,Dr. Ann Richards,"943 Valdez Haven, Chicago, IL, 60601",60601,ID00023,NEP,Low-Volume Prescriber
C103,R7298,T,20250309,1,172,0,12,12,Alejandro Gould,"48615 Craig Tunnel, New York, NY, 10001",10001,ID00138,NEP,Competitor Loyalist
C324,R7730,T,20250420,2,173,0,24,24,Timothy Mccarthy,"3359 Harrell Center, Atlanta, GA, 30301",30301,ID00075,END,Aware Non-Prescriber
C304,R5374,N,20250117,1,171,8,0,8,Jeffrey Norman,"2046 Steve River, Philadelphia, PA, 19103",19103,ID00064,NEP,New Adopter
C415,R5919,N,20250131,1,171,0,0,0,Ryan Baird,"115 Morales Spurs, Los Angeles, CA, 90001",90001,ID00116,END,Managed Care Restricted
C893,R8069,T,20250324,1,172,0,10,10,Timothy Mccarthy,"3359 Harrell Center, Atlanta, GA, 30301",30301,ID00075,END,Aware Non-Prescriber
C800,R6765,N,20250101,2,171,0,0,0,Lori Clark,"889 Curtis Summit Apt. 266, Atlanta, GA, 30301",30301,ID00104,NEP,Unaware
C412,R4441,T,20250308,3,172,0,16,16,John Walsh,"0193 Mcclain Circles Suite 081, Philadelphia, PA, 19103",19103,ID00069,END,Aware Non-Prescriber
C982,R1542,T,20250122,3,172,0,12,12,Scott Johnson,"09995 Charles Plain, Philadelphia, PA, 19103",19103,ID00132,CAR,Competitor Loyalist
C864,R3236,B,20250217,1,171,19,46,65,Mark Hunt,"050 Smith Land Apt. 308, Seattle, WA, 98101",98101,ID00011,END,High-Volume Loyalist
C573,R1672,B,20250318,3,171,18,42,60,Brian Perez,"2053 Nicole Mountains Suite 024, Los Angeles, CA, 90001",90001,ID00017,END,High-Volume Loyalist
C949,R7484,B,20250313,2,171,14,30,44,John Villa,"71110 Garza Ridge Apt. 137, Los Angeles, CA, 90001",90001,ID00012,NEP,High-Volume Loyalist
C502,R3572,N,20250210,2,171,0,0,0,Lori Clark,"889 Curtis Summit Apt. 266, Atlanta, GA, 30301",30301,ID00104,NEP,Unaware
C134,R1388,T,20250131,1,173,0,13,13,John Church,"5132 Crystal Prairie, Los Angeles, CA, 90001",90001,ID00135,NEP,Competitor Loyalist
C704,R7912,B,20250326,3,171,18,32,50,Michelle Elliott,"8851 Kevin Cliff, Atlanta, GA, 30301",30301,ID00001,CAR,High-Volume Loyalist
C338,R9872,B,20250118,1,171,8,10,18,Heather Hall,"185 Peterson Unions, Atlanta, GA, 30301",30301,ID00044,CAR,Low-Volume Prescriber
C515,R2140,T,20250121,2,172,0,23,23,Timothy Lewis,"60203 Cindy Lock, Atlanta, GA, 30301",30301,ID00126,CAR,Competitor Loyalist
C562,R8485,N,20250306,1,171,0,0,0,Michael Brown,"87331 Julian Center Suite 186, Atlanta, GA, 30301",30301,ID00109,NEP,Managed Care Restricted
C578,R2240,T,20250131,2,171,0,0,0,James Rhodes,"28272 Mary Lane, Houston, TX, 77001",77001,ID00136,CAR,Competitor Loyalist
C779,R9631,T,20250216,3,172,0,21,21,John Thomas,"03583 Duncan Walk Apt. 643, Seattle, WA, 98101",98101,ID00102,CAR,Unaware
C239,R7406,T,20250228,1,171,0,0,0,John Walsh,"0193 Mcclain Circles Suite 081, Philadelphia, PA, 19103",19103,ID00069,END,Aware Non-Prescriber
C604,R5501,T,20250215,3,173,0,10,10,Reginald Baker,"502 John Extension, Houston, TX, 77001",77001,ID00081,NEP,Aware Non-Prescriber
C772,R5780,T,20250313,1,172,0,14,14,Luis Lozano,"59703 David Ford Apt. 715, Los Angeles, CA, 90001",90001,ID00131,END,Competitor Loyalist
C955,R2702,T,20250419,3,172,0,20,20,Dean Dunn,"68691 Candace Center, Los Angeles, CA, 90001",90001,ID00067,NEP,Aware Non-Prescriber
C397,R2103,T,20250227,3,172,0,12,12,Amy Ward,"777 Aaron Junctions, Philadelphia, PA, 19103",19103,ID00070,CAR,Aware Non-Prescriber
C936,R8541,B,20250418,2,171,13,36,49,Lori Williams MD,"31525 Colin Knoll, Philadelphia, PA, 19103",19103,ID00005,END,High-Volume Loyalist
C888,R6298,T,20250328,3,171,0,0,0,James Rhodes,"28272 Mary Lane, Houston, TX, 77001",77001,ID00136,CAR,Competitor Loyalist
C107,R9161,T,20250222,3,171,0,0,0,Renee Montoya,"42137 Susan Groves Suite 215, Houston, TX, 77001",77001,ID00129,NEP,Competitor Loyalist
C993,R5348,T,20250129,3,173,0,20,20,Valerie Smith,"2865 Rodriguez Pike Apt. 296, New York, NY, 10001",10001,ID00080,NEP,Aware Non-Prescriber
C371,R7014,T,20250118,1,172,0,15,15,James Steele,"0564 Katherine Tunnel Apt. 235, Atlanta, GA, 30301",30301,ID00097,END,Unaware
C787,R2927,N,20250208,2,171,0,0,0,Ashley Leach,"30119 Gina Green Suite 169, Seattle, WA, 98101",98101,ID00121,NEP,Managed Care Restricted
C853,R3262,B,20250313,2,171,0,0,0,Stephen Smith,"295 Randolph Skyway, Philadelphia, PA, 19103",19103,ID00077,END,Aware Non-Prescriber
C177,R3924,B,20250219,3,171,0,0,0,Valerie Smith,"2865 Rodriguez Pike Apt. 296, New York, NY, 10001",10001,ID00080,NEP,Aware Non-Prescriber
C412,R4441,T,20250308,3,173,0,12,12,John Walsh,"0193 Mcclain Circles Suite 081, Philadelphia, PA, 19103",19103,ID00069,END,Aware Non-Prescriber
C672,R2185,T,20250220,3,172,0,29,29,Paul Solomon,"98394 Leroy Garden Apt. 332, Houston, TX, 77001",77001,ID00079,END,Aware Non-Prescriber
C336,R1427,N,20250316,1,171,0,0,0,Olivia Ortiz,"37350 Rodriguez Garden, Houston, TX, 77001",77001,ID00107,CAR,Managed Care Restricted
C837,R6126,N,20250414,2,171,0,0,0,Michael Brown,"87331 Julian Center Suite 186, Atlanta, GA, 30301",30301,ID00109,NEP,Managed Care Restricted
C642,R5995,N,20250104,1,171,0,0,0,Lori Clark,"889 Curtis Summit Apt. 266, Atlanta, GA, 30301",30301,ID00104,NEP,Unaware
C490,R2857,T,20250104,3,173,0,24,24,Dean Dunn,"68691 Candace Center, Los Angeles, CA, 90001",90001,ID00067,NEP,Aware Non-Prescriber
C913,R5127,T,20250108,1,172,0,16,16,Dr. Joseph Hughes,"89401 Robert Run Apt. 512, Atlanta, GA, 30301",30301,ID00068,CAR,Aware Non-Prescriber
C971,R9992,T,20250122,3,172,0,16,16,Amy Ward,"777 Aaron Junctions, Philadelphia, PA, 19103",19103,ID00070,CAR,Aware Non-Prescriber
C202,R4513,T,20250225,3,171,0,0,0,Stephen Smith,"295 Randolph Skyway, Philadelphia, PA, 19103",19103,ID00077,END,Aware Non-Prescriber
C158,R4552,T,20250319,1,172,0,21,21,John Church,"5132 Crystal Prairie, Los Angeles, CA, 90001",90001,ID00135,NEP,Competitor Loyalist
C181,R7917,N,20250127,2,171,0,0,0,David Mccoy,"65524 Thomas Track, Chicago, IL, 60601",60601,ID00086,CAR,Unaware
C636,R1674,T,20250105,2,173,0,23,23,Katrina Torres,"4105 King Ridges Apt. 254, Seattle, WA, 98101",98101,ID00099,NEP,Unaware
C769,R3703,N,20250330,1,171,14,0,14,Robert Hernandez,"450 Michael Heights Suite 689, Atlanta, GA, 30301",30301,ID00050,CAR,New Adopter
C601,R4109,T,20250309,3,173,0,25,25,Stephen Lopez,"736 Graham Inlet, Atlanta, GA, 30301",30301,ID00091,CAR,Unaware
C771,R1396,T,20250212,3,172,0,30,30,John Jones,"27478 Holland Mountains, Philadelphia, PA, 19103",19103,ID00101,END,Unaware
C747,R2485,T,20250219,1,171,0,0,0,Alejandro Gould,"48615 Craig Tunnel, New York, NY, 10001",10001,ID00138,NEP,Competitor Loyalist
C223,R4155,B,20250202,2,171,14,37,51,Emma Moore,"7136 Stephanie Drive, Philadelphia, PA, 19103",19103,ID00008,CAR,High-Volume Loyalist
C196,R2588,B,20250409,2,171,16,36,52,Andrea Miller,"677 Johnson Rue, Chicago, IL, 60601",60601,ID00003,END,High-Volume Loyalist
C701,R2106,B,20250406,2,171,5,10,15,Christopher Gamble,"53267 Kathleen Extension, Chicago, IL, 60601",60601,ID00042,CAR,Low-Volume Prescriber
C889,R7504,T,20250310,1,171,0,0,0,Tammy Rivera,"7813 Bradshaw Lane, Los Angeles, CA, 90001",90001,ID00084,NEP,Aware Non-Prescriber
C989,R9042,B,20250310,2,171,12,50,62,Clinton Diaz,"85425 Laura Summit Suite 944, Philadelphia, PA, 19103",19103,ID00009,END,High-Volume Loyalist
C973,R6571,T,20250214,3,172,0,28,28,Alejandro Gould,"48615 Craig Tunnel, New York, NY, 10001",10001,ID00138,NEP,Competitor Loyalist
C153,R4568,T,20250124,2,172,0,14,14,Amy Terry,"7327 Gary Ways Suite 354, Seattle, WA, 98101",98101,ID00089,NEP,Unaware
C925,R6878,N,20250121,1,171,13,0,13,Benjamin Tucker,"9040 Smith Causeway, Los Angeles, CA, 90001",90001,ID00047,END,New Adopter
C560,R6483,T,20250228,3,171,0,0,0,Jill Taylor,"10380 Owens Pine, Chicago, IL, 60601",60601,ID00082,END,Aware Non-Prescriber
C286,R3238,T,20250418,1,173,0,22,22,David Mccoy,"65524 Thomas Track, Chicago, IL, 60601",60601,ID00086,CAR,Unaware
C487,R2291,B,20250402,2,171,18,33,51,Michelle Elliott,"8851 Kevin Cliff, Atlanta, GA, 30301",30301,ID00001,CAR,High-Volume Loyalist
C111,R3316,T,20250206,3,173,0,14,14,John Walsh,"0193 Mcclain Circles Suite 081, Philadelphia, PA, 19103",19103,ID00069,END,Aware Non-Prescriber
C653,R1533,T,20250411,2,173,0,26,26,Reginald Baker,"502 John Extension, Houston, TX, 77001",77001,ID00081,NEP,Aware Non-Prescriber
C794,R7333,B,20250107,2,171,11,47,58,Brian Perez,"2053 Nicole Mountains Suite 024, Los Angeles, CA, 90001",90001,ID00017,END,High-Volume Loyalist
C111,R5285,B,20250210,2,171,9,19,28,Jonathan Robinson,"338 Daniel Stravenue Apt. 058, Los Angeles, CA, 90001",90001,ID00027,END,Low-Volume Prescriber
C513,R2148,T,20250301,2,172,0,30,30,Alejandro Gould,"48615 Craig Tunnel, New York, NY, 10001",10001,ID00138,NEP,Competitor Loyalist
C685,R4212,T,20250218,3,173,0,13,13,Audrey Ruiz,"8055 Martha Curve Apt. 773, Philadelphia, PA, 19103",19103,ID00100,END,Unaware
C878,R9595,B,20250403,2,171,14,48,62,Emma Moore,"7136 Stephanie Drive, Philadelphia, PA, 19103",19103,ID00008,CAR,High-Volume Loyalist
C748,R4610,T,20250201,1,173,0,22,22,Paul Solomon,"98394 Leroy Garden Apt. 332, Houston, TX, 77001",77001,ID00079,END,Aware Non-Prescriber
C999,R5644,T,20250219,3,172,0,27,27,Peter Morse,"83908 Garcia Turnpike, Chicago, IL, 60601",60601,ID00074,CAR,Aware Non-Prescriber
C571,R6827,T,20250111,1,173,0,24,24,James Steele,"0564 Katherine Tunnel Apt. 235, Atlanta, GA, 30301",30301,ID00097,END,Unaware
C752,R8460,T,20250205,1,172,0,19,19,David Mccoy,"65524 Thomas Track, Chicago, IL, 60601",60601,ID00086,CAR,Unaware
C746,R3373,T,20250318,2,172,0,20,20,James Warner,"222 Joseph Land Apt. 785, New York, NY, 10001",10001,ID00083,END,Aware Non-Prescriber
C688,R1060,T,20250424,2,172,0,30,30,Alejandro Gould,"48615 Craig Tunnel, New York, NY, 10001",10001,ID00138,NEP,Competitor Loyalist
C490,R2285,T,20250402,3,172,0,21,21,Karen Moore,"1184 Rachel Mountains Apt. 047, Philadelphia, PA, 19103",19103,ID00098,NEP,Unaware
C248,R9690,T,20250228,2,172,0,26,26,Sandra Mccoy,"96055 Megan Valley, Seattle, WA, 98101",98101,ID00133,CAR,Competitor Loyalist
C251,R3165,T,20250409,2,173,0,20,20,Katrina Torres,"4105 King Ridges Apt. 254, Seattle, WA, 98101",98101,ID00099,NEP,Unaware
C998,R8863,B,20250116,3,171,0,0,0,Bonnie Davis,"5907 Angela Valley, New York, NY, 10001",10001,ID00071,END,Aware Non-Prescriber
C373,R3608,B,20250409,2,171,20,37,57,Lori Williams MD,"31525 Colin Knoll, Philadelphia, PA, 19103",19103,ID00005,END,High-Volume Loyalist
C327,R7075,T,20250110,1,172,0,19,19,Stephen Smith,"295 Randolph Skyway, Philadelphia, PA, 19103",19103,ID00077,END,Aware Non-Prescriber
C228,R8992,T,20250308,1,173,0,16,16,Stephen Lopez,"736 Graham Inlet, Atlanta, GA, 30301",30301,ID00091,CAR,Unaware
C456,R6110,B,20250221,1,171,5,12,17,Holly Johnson,"364 Donald Locks Suite 870, Seattle, WA, 98101",98101,ID00036,NEP,Low-Volume Prescriber
C251,R3165,T,20250409,2,173,0,23,23,Katrina Torres,"4105 King Ridges Apt. 254, Seattle, WA, 98101",98101,ID00099,NEP,Unaware
C270,R8272,B,20250207,2,171,19,43,62,Dr. Cynthia Miller,"725 Mills Forge, Seattle, WA, 98101",98101,ID00020,NEP,High-Volume Loyalist
C983,R3459,N,20250420,3,171,0,0,0,Ryan Evans,"1962 Burns Mission, Houston, TX, 77001",77001,ID00112,END,Managed Care Restricted
C853,R9589,N,20250311,3,171,0,0,0,Audrey Ruiz,"8055 Martha Curve Apt. 773, Philadelphia, PA, 19103",19103,ID00100,END,Unaware
C681,R3159,N,20250109,2,171,0,0,0,Jean Christian,"8530 Mata Shores, Los Angeles, CA, 90001",90001,ID00123,END,Managed Care Restricted
C488,R2650,T,20241231,3,173,0,14,14,Reginald Baker,"502 John Extension, Houston, TX, 77001",77001,ID00081,NEP,Aware Non-Prescriber
C671,R6690,T,20250128,2,173,0,29,29,Stephen Lopez,"736 Graham Inlet, Atlanta, GA, 30301",30301,ID00091,CAR,Unaware
C439,R6911,T,20250422,1,173,0,12,12,Catherine Elliott,"605 Jessica Lodge, Chicago, IL, 60601",60601,ID00066,CAR,Aware Non-Prescriber
C686,R3502,N,20250221,1,171,0,0,0,Mrs. Kristin Rodriguez,"484 Caldwell Ways Apt. 822, New York, NY, 10001",10001,ID00105,NEP,Unaware
C659,R3830,B,20250419,3,171,8,15,23,Christopher Gamble,"53267 Kathleen Extension, Chicago, IL, 60601",60601,ID00042,CAR,Low-Volume Prescriber
C296,R5097,T,20250228,1,173,0,24,24,Eric Becker,"33578 Charles Camp Apt. 263, Seattle, WA, 98101",98101,ID00088,END,Unaware
C844,R2235,T,20250201,3,173,0,23,23,Bonnie Davis,"5907 Angela Valley, New York, NY, 10001",10001,ID00071,END,Aware Non-Prescriber
C797,R8548,T,20250405,2,172,0,22,22,Paul Solomon,"98394 Leroy Garden Apt. 332, Houston, TX, 77001",77001,ID00079,END,Aware Non-Prescriber
C488,R2650,T,20241231,3,173,0,11,11,Reginald Baker,"502 John Extension, Houston, TX, 77001",77001,ID00081,NEP,Aware Non-Prescriber
C342,R9220,T,20250417,3,171,0,0,0,Renee Montoya,"42137 Susan Groves Suite 215, Houston, TX, 77001",77001,ID00129,NEP,Competitor Loyalist
C158,R7620,N,20250123,1,171,11,0,11,Amanda Gillespie,"16188 Krystal Place, Atlanta, GA, 30301",30301,ID00055,NEP,New Adopter
C323,R2740,T,20250309,2,173,0,13,13,Bryan Johnson,"714 Watkins Unions Suite 059, Philadelphia, PA, 19103",19103,ID00137,END,Competitor Loyalist
C140,R7294,T,20250121,3,172,0,23,23,Tina Reed,"19172 Miller Vista, Philadelphia, PA, 19103",19103,ID00139,END,Competitor Loyalist
C397,R2103,T,20250227,3,171,0,0,0,Amy Ward,"777 Aaron Junctions, Philadelphia, PA, 19103",19103,ID00070,CAR,Aware Non-Prescriber
C490,R2285,T,20250402,3,173,0,15,15,Karen Moore,"1184 Rachel Mountains Apt. 047, Philadelphia, PA, 19103",19103,ID00098,NEP,Unaware
C215,R3945,N,20250401,3,171,0,0,0,Patrick Hall,"344 Williams Extension, Houston, TX, 77001",77001,ID00110,END,Managed Care Restricted
C274,R3868,B,20250307,2,171,19,35,54,John Villa,"71110 Garza Ridge Apt. 137, Los Angeles, CA, 90001",90001,ID00012,NEP,High-Volume Loyalist
C620,R2631,T,20250128,2,173,0,17,17,Mr. Scott Lopez,"99002 Vasquez Island Apt. 417, New York, NY, 10001",10001,ID00103,CAR,Unaware
C230,R4143,B,20250209,2,171,14,47,61,Lori Williams MD,"31525 Colin Knoll, Philadelphia, PA, 19103",19103,ID00005,END,High-Volume Loyalist
C239,R7406,T,20250228,1,173,0,17,17,John Walsh,"0193 Mcclain Circles Suite 081, Philadelphia, PA, 19103",19103,ID00069,END,Aware Non-Prescriber
C690,R9821,T,20250420,3,171,0,0,0,James Warner,"222 Joseph Land Apt. 785, New York, NY, 10001",10001,ID00083,END,Aware Non-Prescriber
C531,R7631,T,20250420,1,172,0,29,29,James Warner,"222 Joseph Land Apt. 785, New York, NY, 10001",10001,ID00083,END,Aware Non-Prescriber
C506,R6961,T,20250116,2,171,0,0,0,Jonathan Joseph,"5976 Cabrera Orchard Suite 124, Chicago, IL, 60601",60601,ID00072,CAR,Aware Non-Prescriber
C571,R6827,T,20250111,1,172,0,24,24,James Steele,"0564 Katherine Tunnel Apt. 235, Atlanta, GA, 30301",30301,ID00097,END,Unaware
C802,R6544,T,20250303,1,173,0,17,17,Jeffrey Salazar,"8770 Thomas Wells Apt. 251, New York, NY, 10001",10001,ID00090,NEP,Unaware
C242,R5405,B,20250120,3,171,8,12,20,Daniel Smith,"404 Brenda Plains Suite 108, Atlanta, GA, 30301",30301,ID00034,END,Low-Volume Prescriber
C219,R9409,T,20250304,2,173,0,11,11,Paul Solomon,"98394 Leroy Garden Apt. 332, Houston, TX, 77001",77001,ID00079,END,Aware Non-Prescriber
C636,R1674,T,20250105,2,172,0,12,12,Katrina Torres,"4105 King Ridges Apt. 254, Seattle, WA, 98101",98101,ID00099,NEP,Unaware
C822,R3262,B,20250408,3,171,8,10,18,Nicholas Kelley,"579 Scott Squares, Los Angeles, CA, 90001",90001,ID00025,END,Low-Volume Prescriber
C995,R1711,B,20250306,2,171,0,0,0,Timothy Mccarthy,"3359 Harrell Center, Atlanta, GA, 30301",30301,ID00075,END,Aware Non-Prescriber
C523,R7737,N,20250406,2,171,0,0,0,Michael Smith,"41758 Brian Prairie, Chicago, IL, 60601",60601,ID00106,CAR,Managed Care Restricted
C504,R1504,T,20250204,2,172,0,11,11,John Walsh,"0193 Mcclain Circles Suite 081, Philadelphia, PA, 19103",19103,ID00069,END,Aware Non-Prescriber
C195,R7937,B,20250415,3,171,20,46,66,Jon Thomas,"14771 Patrick Ville, Seattle, WA, 98101",98101,ID00018,NEP,High-Volume Loyalist
C579,R1994,T,20250427,1,172,0,21,21,Lisa Guerrero,"897 Amanda Circles, Houston, TX, 77001",77001,ID00094,NEP,Unaware
C739,R1447,T,20250412,3,172,0,27,27,Luis Lozano,"59703 David Ford Apt. 715, Los Angeles, CA, 90001",90001,ID00131,END,Competitor Loyalist
C523,R4908,N,20250219,3,171,0,0,0,Alexandra Clark,"7622 Johnson Greens, Houston, TX, 77001",77001,ID00124,END,Managed Care Restricted
C685,R3148,T,20250203,2,173,0,22,22,Jill Taylor,"10380 Owens Pine, Chicago, IL, 60601",60601,ID00082,END,Aware Non-Prescriber
C574,R2929,N,20250215,2,171,12,0,12,Karla Johnson,"53763 Lisa Lake Apt. 638, Houston, TX, 77001",77001,ID00056,NEP,New Adopter
C543,R5072,N,20250306,3,171,9,0,9,Taylor Hebert,"419 Mccarthy Falls, Houston, TX, 77001",77001,ID00061,NEP,New Adopter
C720,R2161,T,20250214,1,172,0,17,17,Lisa Guerrero,"897 Amanda Circles, Houston, TX, 77001",77001,ID00094,NEP,Unaware
C586,R5441,B,20250128,1,171,10,19,29,Kristin Woods,"6290 Harrington Pass, Atlanta, GA, 30301",30301,ID00032,NEP,Low-Volume Prescriber
C580,R8438,T,20250408,1,173,0,21,21,Jessica Matthews,"0909 Miller Dam Apt. 891, Los Angeles, CA, 90001",90001,ID00130,END,Competitor Loyalist
C998,R8863,T,20250116,3,173,0,15,15,Bonnie Davis,"5907 Angela Valley, New York, NY, 10001",10001,ID00071,END,Aware Non-Prescriber
C320,R5166,T,20250328,1,171,0,0,0,Jill Taylor,"10380 Owens Pine, Chicago, IL, 60601",60601,ID00082,END,Aware Non-Prescriber
C490,R6881,B,20250418,2,171,11,37,48,John Villa,"71110 Garza Ridge Apt. 137, Los Angeles, CA, 90001",90001,ID00012,NEP,High-Volume Loyalist
C480,R8404,N,20250421,1,171,0,0,0,Joy Diaz,"140 Donna Trafficway, Los Angeles, CA, 90001",90001,ID00119,CAR,Managed Care Restricted
C988,R7332,T,20250101,2,173,0,27,27,Mr. Scott Lopez,"99002 Vasquez Island Apt. 417, New York, NY, 10001",10001,ID00103,CAR,Unaware
C439,R6911,B,20250422,1,171,0,0,0,Catherine Elliott,"605 Jessica Lodge, Chicago, IL, 60601",60601,ID00066,CAR,Aware Non-Prescriber
C174,R2153,T,20250112,1,172,0,15,15,Bryan Johnson,"714 Watkins Unions Suite 059, Philadelphia, PA, 19103",19103,ID00137,END,Competitor Loyalist
C686,R7456,T,20250114,1,172,0,28,28,John Walsh,"0193 Mcclain Circles Suite 081, Philadelphia, PA, 19103",19103,ID00069,END,Aware Non-Prescriber
C553,R3071,T,20250130,3,172,0,22,22,Tammy Rivera,"7813 Bradshaw Lane, Los Angeles, CA, 90001",90001,ID00084,NEP,Aware Non-Prescriber
C251,R3165,T,20250409,2,172,0,29,29,Katrina Torres,"4105 King Ridges Apt. 254, Seattle, WA, 98101",98101,ID00099,NEP,Unaware
C865,R4764,T,20250418,3,172,0,10,10,Stephen Smith,"295 Randolph Skyway, Philadelphia, PA, 19103",19103,ID00077,END,Aware Non-Prescriber
C248,R3525,T,20250211,1,173,0,17,17,Scott Johnson,"09995 Charles Plain, Philadelphia, PA, 19103",19103,ID00132,CAR,Competitor Loyalist
C103,R8005,N,20250118,1,171,13,0,13,Robert Hernandez,"450 Michael Heights Suite 689, Atlanta, GA, 30301",30301,ID00050,CAR,New Adopter
C447,R1918,T,20250101,1,173,0,19,19,Michael Garcia,"29926 Kathryn Overpass, Los Angeles, CA, 90001",90001,ID00140,END,Competitor Loyalist
C761,R1969,B,20250405,2,171,7,14,21,Brian Webb,"98193 Donna Mill Suite 101, Los Angeles, CA, 90001",90001,ID00026,NEP,Low-Volume Prescriber
C140,R3518,T,20250227,3,173,0,12,12,Catherine Elliott,"605 Jessica Lodge, Chicago, IL, 60601",60601,ID00066,CAR,Aware Non-Prescriber
C692,R2196,B,20250413,1,171,10,13,23,Erin Simmons,"2413 Donna Village, New York, NY, 10001",10001,ID00028,NEP,Low-Volume Prescriber
C712,R8851,B,20250410,2,171,5,17,22,Amanda Thompson,"199 Angela Circles, New York, NY, 10001",10001,ID00035,NEP,Low-Volume Prescriber
C383,R6889,T,20250331,3,172,0,28,28,Bonnie Davis,"5907 Angela Valley, New York, NY, 10001",10001,ID00071,END,Aware Non-Prescriber
C273,R3293,B,20250226,1,171,10,15,25,Tina Wilson,"63359 Blake Center, Philadelphia, PA, 19103",19103,ID00031,NEP,Low-Volume Prescriber
C496,R7116,B,20250217,2,171,10,50,60,Paul Nelson PhD,"47328 Nancy Ville Suite 584, Atlanta, GA, 30301",30301,ID00019,END,High-Volume Loyalist
C159,R7761,B,20250206,3,171,6,17,23,Douglas Mcclain,"09854 Barrett Stravenue, Philadelphia, PA, 19103",19103,ID00030,NEP,Low-Volume Prescriber
C119,R8720,T,20250302,3,172,0,25,25,Michael Garcia,"29926 Kathryn Overpass, Los Angeles, CA, 90001",90001,ID00140,END,Competitor Loyalist
C924,R6168,B,20250416,1,171,13,31,44,Michelle Elliott,"8851 Kevin Cliff, Atlanta, GA, 30301",30301,ID00001,CAR,High-Volume Loyalist
C971,R9992,T,20250122,3,172,0,23,23,Amy Ward,"777 Aaron Junctions, Philadelphia, PA, 19103",19103,ID00070,CAR,Aware Non-Prescriber
C190,R5017,T,20250306,3,172,0,13,13,Jessica Matthews,"0909 Miller Dam Apt. 891, Los Angeles, CA, 90001",90001,ID00130,END,Competitor Loyalist
C488,R2650,T,20241231,3,173,0,15,15,Reginald Baker,"502 John Extension, Houston, TX, 77001",77001,ID00081,NEP,Aware Non-Prescriber
C712,R9908,T,20250425,1,173,0,29,29,Tammy Rose,"86335 Lawson Ranch Apt. 743, Los Angeles, CA, 90001",90001,ID00076,END,Aware Non-Prescriber
C383,R9720,N,20250123,2,171,0,0,0,Ashley Leach,"30119 Gina Green Suite 169, Seattle, WA, 98101",98101,ID00121,NEP,Managed Care Restricted
C714,R8133,T,20250414,1,173,0,29,29,Stephen Smith,"295 Randolph Skyway, Philadelphia, PA, 19103",19103,ID00077,END,Aware Non-Prescriber
C158,R4552,T,20250319,1,173,0,18,18,John Church,"5132 Crystal Prairie, Los Angeles, CA, 90001",90001,ID00135,NEP,Competitor Loyalist
C745,R6886,T,20250423,1,173,0,18,18,Tina Reed,"19172 Miller Vista, Philadelphia, PA, 19103",19103,ID00139,END,Competitor Loyalist
C879,R8989,T,20250213,1,173,0,20,20,Jonathan Joseph,"5976 Cabrera Orchard Suite 124, Chicago, IL, 60601",60601,ID00072,CAR,Aware Non-Prescriber
C910,R6381,B,20250207,3,171,16,50,66,Brian Perez,"2053 Nicole Mountains Suite 024, Los Angeles, CA, 90001",90001,ID00017,END,High-Volume Loyalist
C174,R2153,T,20250112,1,172,0,18,18,Bryan Johnson,"714 Watkins Unions Suite 059, Philadelphia, PA, 19103",19103,ID00137,END,Competitor Loyalist
C850,R4161,N,20250412,2,171,0,0,0,Stephen Lopez,"736 Graham Inlet, Atlanta, GA, 30301",30301,ID00091,CAR,Unaware
C125,R9468,T,20250217,2,173,0,11,11,Dean Dunn,"68691 Candace Center, Los Angeles, CA, 90001",90001,ID00067,NEP,Aware Non-Prescriber
C835,R6640,T,20250426,2,171,0,0,0,Michelle Ross,"5963 Connor Spring, Houston, TX, 77001",77001,ID00127,NEP,Competitor Loyalist
C687,R6431,T,20250305,2,173,0,18,18,Jessica Matthews,"0909 Miller Dam Apt. 891, Los Angeles, CA, 90001",90001,ID00130,END,Competitor Loyalist
C828,R6277,B,20250329,1,171,6,12,18,Brian Roberts,"4298 Lowery Garden Suite 160, Los Angeles, CA, 90001",90001,ID00039,CAR,Low-Volume Prescriber
C662,R1870,T,20250106,2,173,0,22,22,Michelle Ross,"5963 Connor Spring, Houston, TX, 77001",77001,ID00127,NEP,Competitor Loyalist
C873,R1003,T,20250422,3,172,0,29,29,Timothy Lewis,"60203 Cindy Lock, Atlanta, GA, 30301",30301,ID00126,CAR,Competitor Loyalist
C257,R5726,T,20250416,2,171,0,0,0,Michelle Peters,"68718 Rivera Motorway, Philadelphia, PA, 19103",19103,ID00128,END,Competitor Loyalist
C331,R4044,T,20250217,2,173,0,30,30,Renee Montoya,"42137 Susan Groves Suite 215, Houston, TX, 77001",77001,ID00129,NEP,Competitor Loyalist
C579,R5470,B,20250307,2,171,6,18,24,Brian Webb,"98193 Donna Mill Suite 101, Los Angeles, CA, 90001",90001,ID00026,NEP,Low-Volume Prescriber
C491,R6883,N,20250130,3,171,8,0,8,Benjamin Tucker,"9040 Smith Causeway, Los Angeles, CA, 90001",90001,ID00047,END,New Adopter
C932,R7637,T,20250423,1,171,0,0,0,Bonnie Davis,"5907 Angela Valley, New York, NY, 10001",10001,ID00071,END,Aware Non-Prescriber
C406,R2293,N,20250313,1,171,15,0,15,Kaitlyn Schwartz,"863 Stacy Spurs Suite 299, Atlanta, GA, 30301",30301,ID00051,CAR,New Adopter
C804,R9059,T,20250228,3,172,0,11,11,Brittany Christensen,"828 Brandon Square Apt. 201, Chicago, IL, 60601",60601,ID00085,END,Aware Non-Prescriber
C604,R5501,T,20250215,3,172,0,30,30,Reginald Baker,"502 John Extension, Houston, TX, 77001",77001,ID00081,NEP,Aware Non-Prescriber
C297,R9621,T,20250217,1,173,0,10,10,Cynthia Graves,"1646 Samuel Crescent Suite 809, New York, NY, 10001",10001,ID00095,NEP,Unaware
C754,R2705,N,20250426,3,171,11,0,11,Heidi Lucero,"5415 Billy Key, Seattle, WA, 98101",98101,ID00049,NEP,New Adopter
C451,R9765,T,20250318,1,173,0,26,26,Jessica Matthews,"0909 Miller Dam Apt. 891, Los Angeles, CA, 90001",90001,ID00130,END,Competitor Loyalist
C209,R3546,B,20250421,1,171,14,33,47,Jill King,"9346 Eric Highway, Los Angeles, CA, 90001",90001,ID00004,NEP,High-Volume Loyalist
C491,R6172,T,20250427,2,173,0,15,15,Sandra Mccoy,"96055 Megan Valley, Seattle, WA, 98101",98101,ID00133,CAR,Competitor Loyalist
C378,R9060,T,20250319,2,172,0,28,28,David Mccoy,"65524 Thomas Track, Chicago, IL, 60601",60601,ID00086,CAR,Unaware
C657,R6876,B,20250418,2,171,11,41,52,Mariah Bailey,"1518 Austin Knoll, Philadelphia, PA, 19103",19103,ID00013,CAR,High-Volume Loyalist
C194,R7550,N,20250131,2,171,0,0,0,James Steele,"0564 Katherine Tunnel Apt. 235, Atlanta, GA, 30301",30301,ID00097,END,Unaware
C371,R7014,N,20250118,1,171,0,0,0,James Steele,"0564 Katherine Tunnel Apt. 235, Atlanta, GA, 30301",30301,ID00097,END,Unaware
C254,R2584,N,20250127,2,171,8,0,8,Kaitlyn Schwartz,"863 Stacy Spurs Suite 299, Atlanta, GA, 30301",30301,ID00051,CAR,New Adopter
C344,R1004,T,20250326,1,173,0,24,24,Suzanne Barnett,"169 Carol Lights Apt. 195, New York, NY, 10001",10001,ID00078,CAR,Aware Non-Prescriber
C522,R4646,N,20250427,2,171,0,0,0,Brianna Murray,"194 Maddox Mews, Houston, TX, 77001",77001,ID00108,END,Managed Care Restricted
C799,R2220,N,20250205,2,171,10,0,10,Jeremy Haynes,"4394 Gray Manor, New York, NY, 10001",10001,ID00065,NEP,New Adopter
C659,R7012,T,20250202,2,171,0,0,0,Renee Montoya,"42137 Susan Groves Suite 215, Houston, TX, 77001",77001,ID00129,NEP,Competitor Loyalist
C973,R6571,T,20250214,3,173,0,10,10,Alejandro Gould,"48615 Craig Tunnel, New York, NY, 10001",10001,ID00138,NEP,Competitor Loyalist
C527,R3880,B,20250403,3,171,5,12,17,Brian Webb,"98193 Donna Mill Suite 101, Los Angeles, CA, 90001",90001,ID00026,NEP,Low-Volume Prescriber
C539,R1025,B,20250313,1,171,12,39,51,Paul Nelson PhD,"47328 Nancy Ville Suite 584, Atlanta, GA, 30301",30301,ID00019,END,High-Volume Loyalist
C942,R9031,B,20250322,2,171,10,43,53,Emma Moore,"7136 Stephanie Drive, Philadelphia, PA, 19103",19103,ID00008,CAR,High-Volume Loyalist
C346,R4144,B,20250112,1,171,9,12,21,Kristin Woods,"6290 Harrington Pass, Atlanta, GA, 30301",30301,ID00032,NEP,Low-Volume Prescriber
C377,R8289,B,20250330,2,171,0,0,0,James Warner,"222 Joseph Land Apt. 785, New York, NY, 10001",10001,ID00083,END,Aware Non-Prescriber
C271,R5523,N,20250209,1,171,0,0,0,Jeffrey Salazar,"8770 Thomas Wells Apt. 251, New York, NY, 10001",10001,ID00090,NEP,Unaware
C499,R7199,T,20250403,3,172,0,30,30,David Mccoy,"65524 Thomas Track, Chicago, IL, 60601",60601,ID00086,CAR,Unaware
C169,R4853,B,20250417,1,171,11,49,60,Andrea Miller,"677 Johnson Rue, Chicago, IL, 60601",60601,ID00003,END,High-Volume Loyalist
C923,R8622,B,20250226,2,171,20,30,50,John Villa,"71110 Garza Ridge Apt. 137, Los Angeles, CA, 90001",90001,ID00012,NEP,High-Volume Loyalist
C225,R8450,B,20250106,2,171,14,36,50,Mariah Bailey,"1518 Austin Knoll, Philadelphia, PA, 19103",19103,ID00013,CAR,High-Volume Loyalist
C777,R5122,T,20250115,3,172,0,10,10,Tammy Rivera,"7813 Bradshaw Lane, Los Angeles, CA, 90001",90001,ID00084,NEP,Aware Non-Prescriber
C362,R1804,T,20250329,3,173,0,16,16,Lisa Guerrero,"897 Amanda Circles, Houston, TX, 77001",77001,ID00094,NEP,Unaware
C844,R2235,T,20250201,3,171,0,0,0,Bonnie Davis,"5907 Angela Valley, New York, NY, 10001",10001,ID00071,END,Aware Non-Prescriber
C505,R4982,T,20250314,1,172,0,13,13,Jeffrey Salazar,"8770 Thomas Wells Apt. 251, New York, NY, 10001",10001,ID00090,NEP,Unaware
C892,R5934,T,20250427,2,173,0,11,11,Catherine Elliott,"605 Jessica Lodge, Chicago, IL, 60601",60601,ID00066,CAR,Aware Non-Prescriber
C865,R4764,T,20250418,3,172,0,16,16,Stephen Smith,"295 Randolph Skyway, Philadelphia, PA, 19103",19103,ID00077,END,Aware Non-Prescriber
C962,R6653,T,20250313,3,172,0,26,26,Sandra Mccoy,"96055 Megan Valley, Seattle, WA, 98101",98101,ID00133,CAR,Competitor Loyalist
C777,R4241,B,20250427,2,171,20,48,68,Clinton Diaz,"85425 Laura Summit Suite 944, Philadelphia, PA, 19103",19103,ID00009,END,High-Volume Loyalist
C172,R5979,T,20250104,3,172,0,16,16,Lisa Guerrero,"897 Amanda Circles, Houston, TX, 77001",77001,ID00094,NEP,Unaware
C431,R2467,N,20250408,2,171,0,0,0,Audrey Ruiz,"8055 Martha Curve Apt. 773, Philadelphia, PA, 19103",19103,ID00100,END,Unaware
C677,R5979,B,20241231,2,171,6,14,20,Heather Hall,"185 Peterson Unions, Atlanta, GA, 30301",30301,ID00044,CAR,Low-Volume Prescriber
C124,R4164,B,20250212,2,171,13,37,50,Lori Williams MD,"31525 Colin Knoll, Philadelphia, PA, 19103",19103,ID00005,END,High-Volume Loyalist
C853,R3262,T,20250313,2,172,0,23,23,Stephen Smith,"295 Randolph Skyway, Philadelphia, PA, 19103",19103,ID00077,END,Aware Non-Prescriber
C341,R8944,T,20250201,3,171,0,0,0,Scott Johnson,"09995 Charles Plain, Philadelphia, PA, 19103",19103,ID00132,CAR,Competitor Loyalist
C125,R7240,N,20250412,1,171,9,0,9,Jeffrey Norman,"2046 Steve River, Philadelphia, PA, 19103",19103,ID00064,NEP,New Adopter
C578,R2240,T,20250131,2,173,0,21,21,James Rhodes,"28272 Mary Lane, Houston, TX, 77001",77001,ID00136,CAR,Competitor Loyalist
C130,R5602,N,20250208,3,171,11,0,11,Benjamin Tucker,"9040 Smith Causeway, Los Angeles, CA, 90001",90001,ID00047,END,New Adopter
C853,R3262,T,20250313,2,172,0,18,18,Stephen Smith,"295 Randolph Skyway, Philadelphia, PA, 19103",19103,ID00077,END,Aware Non-Prescriber
C686,R3502,T,20250221,1,173,0,10,10,Mrs. Kristin Rodriguez,"484 Caldwell Ways Apt. 822, New York, NY, 10001",10001,ID00105,NEP,Unaware
C610,R4271,T,20250122,3,172,0,10,10,Valerie Smith,"2865 Rodriguez Pike Apt. 296, New York, NY, 10001",10001,ID00080,NEP,Aware Non-Prescriber
C894,R4912,N,20250319,2,171,0,0,0,Tiffany Gonzalez,"266 Robertson Heights, Los Angeles, CA, 90001",90001,ID00092,END,Unaware
C302,R8993,T,20250301,3,173,0,30,30,Audrey Ruiz,"8055 Martha Curve Apt. 773, Philadelphia, PA, 19103",19103,ID00100,END,Unaware
C428,R9419,T,20250205,3,173,0,19,19,Dean Dunn,"68691 Candace Center, Los Angeles, CA, 90001",90001,ID00067,NEP,Aware Non-Prescriber
C926,R9570,T,20250114,1,173,0,15,15,Michael Garcia,"29926 Kathryn Overpass, Los Angeles, CA, 90001",90001,ID00140,END,Competitor Loyalist
C769,R3435,T,20250310,2,173,0,30,30,Jonathan Joseph,"5976 Cabrera Orchard Suite 124, Chicago, IL, 60601",60601,ID00072,CAR,Aware Non-Prescriber
C164,R9856,T,20250302,2,171,0,0,0,Tina Reed,"19172 Miller Vista, Philadelphia, PA, 19103",19103,ID00139,END,Competitor Loyalist
C897,R6875,N,20250122,3,171,14,0,14,Jocelyn Norris,"170 Bonnie Isle Apt. 987, New York, NY, 10001",10001,ID00060,END,New Adopter
C426,R2623,B,20250109,2,171,13,30,43,Jon Thomas,"14771 Patrick Ville, Seattle, WA, 98101",98101,ID00018,NEP,High-Volume Loyalist
C344,R1004,T,20250326,1,172,0,13,13,Suzanne Barnett,"169 Carol Lights Apt. 195, New York, NY, 10001",10001,ID00078,CAR,Aware Non-Prescriber
C493,R6902,T,20250123,3,173,0,27,27,Michelle Peters,"68718 Rivera Motorway, Philadelphia, PA, 19103",19103,ID00128,END,Competitor Loyalist
C681,R2758,B,20250421,1,171,5,14,19,Brian Webb,"98193 Donna Mill Suite 101, Los Angeles, CA, 90001",90001,ID00026,NEP,Low-Volume Prescriber
C174,R6207,T,20250302,3,173,0,25,25,Catherine Elliott,"605 Jessica Lodge, Chicago, IL, 60601",60601,ID00066,CAR,Aware Non-Prescriber
C629,R5454,T,20250320,1,172,0,13,13,David Mccoy,"65524 Thomas Track, Chicago, IL, 60601",60601,ID00086,CAR,Unaware
C573,R7770,B,20250419,3,171,10,47,57,Thomas Rhodes,"890 Dylan Trail, Atlanta, GA, 30301",30301,ID00010,NEP,High-Volume Loyalist
C504,R1504,B,20250204,2,171,0,0,0,John Walsh,"0193 Mcclain Circles Suite 081, Philadelphia, PA, 19103",19103,ID00069,END,Aware Non-Prescriber
C279,R2343,T,20250302,3,171,0,0,0,Bonnie Davis,"5907 Angela Valley, New York, NY, 10001",10001,ID00071,END,Aware Non-Prescriber
C702,R4193,T,20250402,3,172,0,24,24,Devin Watkins,"915 Alejandro Dam Suite 837, Seattle, WA, 98101",98101,ID00134,CAR,Competitor Loyalist
C241,R3471,B,20250210,2,171,18,32,50,Kristin Elliott,"294 Schroeder Garden Apt. 703, Houston, TX, 77001",77001,ID00006,END,High-Volume Loyalist
C933,R2636,T,20250313,3,172,0,14,14,Jill Taylor,"10380 Owens Pine, Chicago, IL, 60601",60601,ID00082,END,Aware Non-Prescriber
C140,R7294,T,20250121,3,173,0,23,23,Tina Reed,"19172 Miller Vista, Philadelphia, PA, 19103",19103,ID00139,END,Competitor Loyalist
C996,R1630,N,20250307,3,171,0,0,0,Michael Brown,"87331 Julian Center Suite 186, Atlanta, GA, 30301",30301,ID00109,NEP,Managed Care Restricted
C261,R8202,B,20250206,2,171,5,10,15,Gregory Hughes,"47230 Reynolds Landing Apt. 921, Los Angeles, CA, 90001",90001,ID00022,NEP,Low-Volume Prescriber
C354,R7304,T,20250114,3,173,0,17,17,Eric Becker,"33578 Charles Camp Apt. 263, Seattle, WA, 98101",98101,ID00088,END,Unaware
C428,R9419,T,20250205,3,171,0,0,0,Dean Dunn,"68691 Candace Center, Los Angeles, CA, 90001",90001,ID00067,NEP,Aware Non-Prescriber
C676,R7547,B,20250120,3,171,9,10,19,Holly Johnson,"364 Donald Locks Suite 870, Seattle, WA, 98101",98101,ID00036,NEP,Low-Volume Prescriber
C558,R7505,T,20250214,2,172,0,23,23,John Garcia,"59147 Keith Drives, New York, NY, 10001",10001,ID00096,CAR,Unaware
C125,R9468,T,20250217,2,172,0,16,16,Dean Dunn,"68691 Candace Center, Los Angeles, CA, 90001",90001,ID00067,NEP,Aware Non-Prescriber
C771,R9051,T,20241231,1,173,0,27,27,Lisa Guerrero,"897 Amanda Circles, Houston, TX, 77001",77001,ID00094,NEP,Unaware
C199,R4633,N,20250331,2,171,9,0,9,Cynthia French,"3991 Brennan Underpass, Philadelphia, PA, 19103",19103,ID00062,END,New Adopter
C894,R9289,T,20250226,1,173,0,22,22,Tiffany Gonzalez,"266 Robertson Heights, Los Angeles, CA, 90001",90001,ID00092,END,Unaware
C753,R5895,N,20250131,2,171,0,0,0,Amy Terry,"7327 Gary Ways Suite 354, Seattle, WA, 98101",98101,ID00089,NEP,Unaware
C579,R1994,N,20250427,1,171,0,0,0,Lisa Guerrero,"897 Amanda Circles, Houston, TX, 77001",77001,ID00094,NEP,Unaware
C632,R1117,T,20250313,3,172,0,11,11,Tammy Rose,"86335 Lawson Ranch Apt. 743, Los Angeles, CA, 90001",90001,ID00076,END,Aware Non-Prescriber
C746,R3373,T,20250318,2,172,0,19,19,James Warner,"222 Joseph Land Apt. 785, New York, NY, 10001",10001,ID00083,END,Aware Non-Prescriber
C432,R9363,T,20250121,2,173,0,30,30,James Warner,"222 Joseph Land Apt. 785, New York, NY, 10001",10001,ID00083,END,Aware Non-Prescriber
C705,R8063,N,20250125,3,171,0,0,0,Tracey Powell,"3589 Timothy Harbor Suite 446, Los Angeles, CA, 90001",90001,ID00125,NEP,Managed Care Restricted
C258,R7980,T,20250220,2,171,0,0,0,Tammy Rose,"86335 Lawson Ranch Apt. 743, Los Angeles, CA, 90001",90001,ID00076,END,Aware Non-Prescriber
C776,R5445,T,20250107,2,172,0,21,21,Mr. Scott Lopez,"99002 Vasquez Island Apt. 417, New York, NY, 10001",10001,ID00103,CAR,Unaware
C598,R1718,T,20250414,2,173,0,24,24,Dean Dunn,"68691 Candace Center, Los Angeles, CA, 90001",90001,ID00067,NEP,Aware Non-Prescriber
C487,R6754,N,20250120,2,171,15,0,15,Heidi Lucero,"5415 Billy Key, Seattle, WA, 98101",98101,ID00049,NEP,New Adopter
C306,R8449,N,20250315,3,171,0,0,0,Anthony Green,"47110 Contreras Shoal Suite 755, Atlanta, GA, 30301",30301,ID00111,CAR,Managed Care Restricted
C323,R2740,T,20250309,2,172,0,20,20,Bryan Johnson,"714 Watkins Unions Suite 059, Philadelphia, PA, 19103",19103,ID00137,END,Competitor Loyalist
C557,R4205,T,20250318,3,171,0,0,0,Timothy Lewis,"60203 Cindy Lock, Atlanta, GA, 30301",30301,ID00126,CAR,Competitor Loyalist
C504,R1504,T,20250204,2,172,0,21,21,John Walsh,"0193 Mcclain Circles Suite 081, Philadelphia, PA, 19103",19103,ID00069,END,Aware Non-Prescriber
C406,R3661,B,20250405,3,171,8,11,19,Jonathan Lee,"582 Allison Glens Apt. 728, Chicago, IL, 60601",60601,ID00033,NEP,Low-Volume Prescriber
C313,R8746,T,20250306,3,172,0,12,12,Amy Terry,"7327 Gary Ways Suite 354, Seattle, WA, 98101",98101,ID00089,NEP,Unaware
C597,R4139,T,20250124,1,172,0,30,30,Manuel Young,"36774 James Fords Apt. 798, New York, NY, 10001",10001,ID00093,NEP,Unaware
C243,R1584,T,20250403,1,173,0,11,11,Tina Reed,"19172 Miller Vista, Philadelphia, PA, 19103",19103,ID00139,END,Competitor Loyalist
C323,R5408,B,20250228,2,171,0,0,0,Valerie Smith,"2865 Rodriguez Pike Apt. 296, New York, NY, 10001",10001,ID00080,NEP,Aware Non-Prescriber
C484,R8075,B,20250302,1,171,7,18,25,Jonathan Lee,"582 Allison Glens Apt. 728, Chicago, IL, 60601",60601,ID00033,NEP,Low-Volume Prescriber
C586,R3278,T,20250324,1,173,0,19,19,Michelle Peters,"68718 Rivera Motorway, Philadelphia, PA, 19103",19103,ID00128,END,Competitor Loyalist
C202,R4513,T,20250225,3,173,0,23,23,Stephen Smith,"295 Randolph Skyway, Philadelphia, PA, 19103",19103,ID00077,END,Aware Non-Prescriber
C404,R4891,N,20250201,3,171,12,0,12,Robert Hernandez,"450 Michael Heights Suite 689, Atlanta, GA, 30301",30301,ID00050,CAR,New Adopter
C114,R7684,B,20250330,1,171,14,47,61,Mark Hunt,"050 Smith Land Apt. 308, Seattle, WA, 98101",98101,ID00011,END,High-Volume Loyalist
C889,R9039,T,20250305,3,171,0,0,0,Alejandro Gould,"48615 Craig Tunnel, New York, NY, 10001",10001,ID00138,NEP,Competitor Loyalist
C642,R5995,T,20250104,1,173,0,17,17,Lori Clark,"889 Curtis Summit Apt. 266, Atlanta, GA, 30301",30301,ID00104,NEP,Unaware
C892,R5934,T,20250427,2,171,0,0,0,Catherine Elliott,"605 Jessica Lodge, Chicago, IL, 60601",60601,ID00066,CAR,Aware Non-Prescriber
C346,R4692,B,20250216,1,171,9,17,26,Douglas Mcclain,"09854 Barrett Stravenue, Philadelphia, PA, 19103",19103,ID00030,NEP,Low-Volume Prescriber
C888,R4985,T,20250216,3,173,0,30,30,Paul Solomon,"98394 Leroy Garden Apt. 332, Houston, TX, 77001",77001,ID00079,END,Aware Non-Prescriber
C354,R3583,T,20250407,1,172,0,17,17,Jeffrey Salazar,"8770 Thomas Wells Apt. 251, New York, NY, 10001",10001,ID00090,NEP,Unaware
C394,R2523,T,20250329,2,171,0,0,0,Valerie Smith,"2865 Rodriguez Pike Apt. 296, New York, NY, 10001",10001,ID00080,NEP,Aware Non-Prescriber
C258,R7980,T,20250220,2,172,0,18,18,Tammy Rose,"86335 Lawson Ranch Apt. 743, Los Angeles, CA, 90001",90001,ID00076,END,Aware Non-Prescriber
C761,R2612,B,20250419,3,171,10,50,60,Andrea Miller,"677 Johnson Rue, Chicago, IL, 60601",60601,ID00003,END,High-Volume Loyalist
C998,R8863,T,20250116,3,173,0,20,20,Bonnie Davis,"5907 Angela Valley, New York, NY, 10001",10001,ID00071,END,Aware Non-Prescriber
C273,R6729,T,20250407,2,172,0,27,27,John Jones,"27478 Holland Mountains, Philadelphia, PA, 19103",19103,ID00101,END,Unaware
C667,R1333,B,20250307,3,171,18,46,64,Paul Nelson PhD,"47328 Nancy Ville Suite 584, Atlanta, GA, 30301",30301,ID00019,END,High-Volume Loyalist
C179,R2838,B,20250307,2,171,9,15,24,Erin Simmons,"2413 Donna Village, New York, NY, 10001",10001,ID00028,NEP,Low-Volume Prescriber
C824,R1964,B,20250315,1,171,10,32,42,Andrea Miller,"677 Johnson Rue, Chicago, IL, 60601",60601,ID00003,END,High-Volume Loyalist
C289,R1306,T,20250216,3,173,0,10,10,Tiffany Gonzalez,"266 Robertson Heights, Los Angeles, CA, 90001",90001,ID00092,END,Unaware
C584,R9698,B,20250207,3,171,19,41,60,Emma Moore,"7136 Stephanie Drive, Philadelphia, PA, 19103",19103,ID00008,CAR,High-Volume Loyalist
C111,R7266,T,20250417,3,172,0,21,21,Katrina Torres,"4105 King Ridges Apt. 254, Seattle, WA, 98101",98101,ID00099,NEP,Unaware
C679,R4027,T,20250324,3,171,0,0,0,James Rhodes,"28272 Mary Lane, Houston, TX, 77001",77001,ID00136,CAR,Competitor Loyalist
C859,R2279,T,20250228,3,173,0,22,22,Jessica Matthews,"0909 Miller Dam Apt. 891, Los Angeles, CA, 90001",90001,ID00130,END,Competitor Loyalist
C937,R4825,T,20250224,1,172,0,24,24,John Jones,"27478 Holland Mountains, Philadelphia, PA, 19103",19103,ID00101,END,Unaware
C240,R7270,B,20250112,2,171,7,14,21,Ruth Rodriguez,"72952 Anthony Ways, Houston, TX, 77001",77001,ID00041,CAR,Low-Volume Prescriber
C282,R1512,T,20250415,1,173,0,13,13,Manuel Young,"36774 James Fords Apt. 798, New York, NY, 10001",10001,ID00093,NEP,Unaware
C778,R8837,B,20250306,1,171,9,15,24,Nicholas Kelley,"579 Scott Squares, Los Angeles, CA, 90001",90001,ID00025,END,Low-Volume Prescriber
C173,R9899,N,20250408,2,171,0,0,0,Eric Becker,"33578 Charles Camp Apt. 263, Seattle, WA, 98101",98101,ID00088,END,Unaware
C581,R5681,B,20250303,3,171,10,20,30,Dr. Ann Richards,"943 Valdez Haven, Chicago, IL, 60601",60601,ID00023,NEP,Low-Volume Prescriber
C720,R2161,T,20250214,1,173,0,30,30,Lisa Guerrero,"897 Amanda Circles, Houston, TX, 77001",77001,ID00094,NEP,Unaware
C827,R2890,N,20250304,3,171,13,0,13,Jeffrey Norman,"2046 Steve River, Philadelphia, PA, 19103",19103,ID00064,NEP,New Adopter
C727,R4726,T,20250306,3,172,0,22,22,Mrs. Kristin Rodriguez,"484 Caldwell Ways Apt. 822, New York, NY, 10001",10001,ID00105,NEP,Unaware
C298,R6206,T,20250111,2,172,0,19,19,Amy Ward,"777 Aaron Junctions, Philadelphia, PA, 19103",19103,ID00070,CAR,Aware Non-Prescriber
C426,R2100,B,20250228,1,171,8,17,25,Holly Johnson,"364 Donald Locks Suite 870, Seattle, WA, 98101",98101,ID00036,NEP,Low-Volume Prescriber
C111,R3316,B,20250206,3,171,0,0,0,John Walsh,"0193 Mcclain Circles Suite 081, Philadelphia, PA, 19103",19103,ID00069,END,Aware Non-Prescriber
C644,R7739,B,20250324,2,171,5,10,15,Kristin Woods,"6290 Harrington Pass, Atlanta, GA, 30301",30301,ID00032,NEP,Low-Volume Prescriber
C136,R2121,B,20250320,3,171,17,47,64,Mark Hunt,"050 Smith Land Apt. 308, Seattle, WA, 98101",98101,ID00011,END,High-Volume Loyalist
C111,R3316,T,20250206,3,173,0,22,22,John Walsh,"0193 Mcclain Circles Suite 081, Philadelphia, PA, 19103",19103,ID00069,END,Aware Non-Prescriber
C580,R8438,T,20250408,1,172,0,16,16,Jessica Matthews,"0909 Miller Dam Apt. 891, Los Angeles, CA, 90001",90001,ID00130,END,Competitor Loyalist
C103,R7298,T,20250309,1,172,0,21,21,Alejandro Gould,"48615 Craig Tunnel, New York, NY, 10001",10001,ID00138,NEP,Competitor Loyalist
C685,R3148,T,20250203,2,172,0,24,24,Jill Taylor,"10380 Owens Pine, Chicago, IL, 60601",60601,ID00082,END,Aware Non-Prescriber
C118,R1067,N,20241231,2,171,11,0,11,Eduardo Adams,"1440 Rodriguez Turnpike Suite 678, Houston, TX, 77001",77001,ID00057,END,New Adopter
C993,R5096,B,20250119,1,171,19,34,53,Jon Thomas,"14771 Patrick Ville, Seattle, WA, 98101",98101,ID00018,NEP,High-Volume Loyalist
C289,R1306,T,20250216,3,173,0,30,30,Tiffany Gonzalez,"266 Robertson Heights, Los Angeles, CA, 90001",90001,ID00092,END,Unaware
C640,R7859,B,20250227,2,171,16,46,62,Jon Thomas,"14771 Patrick Ville, Seattle, WA, 98101",98101,ID00018,NEP,High-Volume Loyalist
C533,R2821,B,20250310,3,171,19,46,65,Paul Nelson PhD,"47328 Nancy Ville Suite 584, Atlanta, GA, 30301",30301,ID00019,END,High-Volume Loyalist
C931,R2015,T,20250304,2,172,0,23,23,Lori Clark,"889 Curtis Summit Apt. 266, Atlanta, GA, 30301",30301,ID00104,NEP,Unaware
C625,R1328,N,20250202,3,171,14,0,14,Dwayne Jones,"111 Vance Passage, Los Angeles, CA, 90001",90001,ID00054,END,New Adopter
C656,R1094,N,20250303,2,171,0,0,0,Ryan Evans,"1962 Burns Mission, Houston, TX, 77001",77001,ID00112,END,Managed Care Restricted
C889,R9761,N,20250216,3,171,12,0,12,Caitlin Armstrong,"82936 Rebecca Drives, Chicago, IL, 60601",60601,ID00058,END,New Adopter
C710,R8584,N,20250113,3,171,0,0,0,Tracey Powell,"3589 Timothy Harbor Suite 446, Los Angeles, CA, 90001",90001,ID00125,NEP,Managed Care Restricted
C112,R7737,T,20250415,1,172,0,11,11,John Church,"5132 Crystal Prairie, Los Angeles, CA, 90001",90001,ID00135,NEP,Competitor Loyalist
C505,R6005,B,20250325,3,171,6,10,16,Edward Moore,"26617 Castillo Mission, Los Angeles, CA, 90001",90001,ID00040,END,Low-Volume Prescriber
C238,R5945,T,20250101,3,172,0,19,19,James Steele,"0564 Katherine Tunnel Apt. 235, Atlanta, GA, 30301",30301,ID00097,END,Unaware
C109,R8052,B,20250405,2,171,0,0,0,Brittany Christensen,"828 Brandon Square Apt. 201, Chicago, IL, 60601",60601,ID00085,END,Aware Non-Prescriber
C341,R3835,N,20250309,3,171,0,0,0,Tracey Powell,"3589 Timothy Harbor Suite 446, Los Angeles, CA, 90001",90001,ID00125,NEP,Managed Care Restricted
C695,R8786,N,20241231,1,171,0,0,0,Jeffrey Salazar,"8770 Thomas Wells Apt. 251, New York, NY, 10001",10001,ID00090,NEP,Unaware
C798,R5088,B,20250214,1,171,15,36,51,Lori Williams MD,"31525 Colin Knoll, Philadelphia, PA, 19103",19103,ID00005,END,High-Volume Loyalist
C614,R2738,T,20250329,1,173,0,18,18,Dr. Joseph Hughes,"89401 Robert Run Apt. 512, Atlanta, GA, 30301",30301,ID00068,CAR,Aware Non-Prescriber
C800,R8625,N,20250226,2,171,0,0,0,Jean Christian,"8530 Mata Shores, Los Angeles, CA, 90001",90001,ID00123,END,Managed Care Restricted
C828,R1941,T,20250428,2,173,0,26,26,Suzanne Barnett,"169 Carol Lights Apt. 195, New York, NY, 10001",10001,ID00078,CAR,Aware Non-Prescriber
C712,R9908,T,20250425,1,172,0,27,27,Tammy Rose,"86335 Lawson Ranch Apt. 743, Los Angeles, CA, 90001",90001,ID00076,END,Aware Non-Prescriber
C239,R7406,T,20250228,1,172,0,29,29,John Walsh,"0193 Mcclain Circles Suite 081, Philadelphia, PA, 19103",19103,ID00069,END,Aware Non-Prescriber
C163,R2936,B,20250323,2,171,10,13,23,Jonathan Robinson,"338 Daniel Stravenue Apt. 058, Los Angeles, CA, 90001",90001,ID00027,END,Low-Volume Prescriber
C972,R5819,T,20250219,1,172,0,28,28,Michelle Ross,"5963 Connor Spring, Houston, TX, 77001",77001,ID00127,NEP,Competitor Loyalist
C791,R8844,T,20250401,1,173,0,16,16,Peter Morse,"83908 Garcia Turnpike, Chicago, IL, 60601",60601,ID00074,CAR,Aware Non-Prescriber
C819,R7459,T,20250129,2,172,0,13,13,Michelle Ross,"5963 Connor Spring, Houston, TX, 77001",77001,ID00127,NEP,Competitor Loyalist
C526,R2974,T,20250212,2,173,0,12,12,Karen Moore,"1184 Rachel Mountains Apt. 047, Philadelphia, PA, 19103",19103,ID00098,NEP,Unaware
C921,R6301,N,20250211,3,171,10,0,10,Jodi Griffith,"37360 Beth Coves Apt. 692, Seattle, WA, 98101",98101,ID00048,CAR,New Adopter
C380,R7518,N,20250221,3,171,11,0,11,John Allen,"6872 Katie Ford, Houston, TX, 77001",77001,ID00063,CAR,New Adopter
C187,R4954,B,20250311,1,171,18,36,54,Emma Moore,"7136 Stephanie Drive, Philadelphia, PA, 19103",19103,ID00008,CAR,High-Volume Loyalist
C406,R7391,T,20250324,1,171,0,0,0,Tina Reed,"19172 Miller Vista, Philadelphia, PA, 19103",19103,ID00139,END,Competitor Loyalist
C623,R3534,N,20250426,3,171,0,0,0,James Steele,"0564 Katherine Tunnel Apt. 235, Atlanta, GA, 30301",30301,ID00097,END,Unaware
C582,R1372,T,20250207,2,173,0,26,26,John Thomas,"03583 Duncan Walk Apt. 643, Seattle, WA, 98101",98101,ID00102,CAR,Unaware
C445,R3591,N,20250219,3,171,0,0,0,John Garcia,"59147 Keith Drives, New York, NY, 10001",10001,ID00096,CAR,Unaware
C698,R7242,B,20250226,2,171,20,38,58,Mariah Bailey,"1518 Austin Knoll, Philadelphia, PA, 19103",19103,ID00013,CAR,High-Volume Loyalist
C184,R3077,T,20250204,2,171,0,0,0,Luis Lozano,"59703 David Ford Apt. 715, Los Angeles, CA, 90001",90001,ID00131,END,Competitor Loyalist
C802,R9233,B,20250227,2,171,6,16,22,Jonathan Robinson,"338 Daniel Stravenue Apt. 058, Los Angeles, CA, 90001",90001,ID00027,END,Low-Volume Prescriber
C832,R5243,T,20250425,2,173,0,22,22,Bryan Johnson,"714 Watkins Unions Suite 059, Philadelphia, PA, 19103",19103,ID00137,END,Competitor Loyalist
C904,R4629,T,20241230,2,172,0,27,27,Bonnie Davis,"5907 Angela Valley, New York, NY, 10001",10001,ID00071,END,Aware Non-Prescriber
C904,R9592,B,20250212,3,171,10,16,26,Douglas Mcclain,"09854 Barrett Stravenue, Philadelphia, PA, 19103",19103,ID00030,NEP,Low-Volume Prescriber
C567,R1251,B,20250420,2,171,11,46,57,Mark Hunt,"050 Smith Land Apt. 308, Seattle, WA, 98101",98101,ID00011,END,High-Volume Loyalist
C693,R4817,T,20250118,3,173,0,16,16,Michael Garcia,"29926 Kathryn Overpass, Los Angeles, CA, 90001",90001,ID00140,END,Competitor Loyalist
C410,R1172,T,20250220,2,172,0,27,27,Brittany Christensen,"828 Brandon Square Apt. 201, Chicago, IL, 60601",60601,ID00085,END,Aware Non-Prescriber
C720,R9138,B,20250203,1,171,19,31,50,John Villa,"71110 Garza Ridge Apt. 137, Los Angeles, CA, 90001",90001,ID00012,NEP,High-Volume Loyalist
C738,R9369,T,20250316,1,173,0,22,22,Timothy Mccarthy,"3359 Harrell Center, Atlanta, GA, 30301",30301,ID00075,END,Aware Non-Prescriber
C560,R6483,T,20250228,3,173,0,11,11,Jill Taylor,"10380 Owens Pine, Chicago, IL, 60601",60601,ID00082,END,Aware Non-Prescriber
C820,R9542,T,20250323,2,171,0,0,0,Alan Wilson,"562 Steele Brooks, Philadelphia, PA, 19103",19103,ID00073,END,Aware Non-Prescriber
C428,R9419,T,20250205,3,173,0,12,12,Dean Dunn,"68691 Candace Center, Los Angeles, CA, 90001",90001,ID00067,NEP,Aware Non-Prescriber
C455,R5530,T,20250401,3,172,0,22,22,Suzanne Barnett,"169 Carol Lights Apt. 195, New York, NY, 10001",10001,ID00078,CAR,Aware Non-Prescriber
C463,R4659,N,20250323,1,171,11,0,11,Karla Johnson,"53763 Lisa Lake Apt. 638, Houston, TX, 77001",77001,ID00056,NEP,New Adopter
C431,R1100,N,20250304,3,171,0,0,0,Ryan Baird,"115 Morales Spurs, Los Angeles, CA, 90001",90001,ID00116,END,Managed Care Restricted
C655,R6739,N,20250112,1,171,0,0,0,Ashley Leach,"30119 Gina Green Suite 169, Seattle, WA, 98101",98101,ID00121,NEP,Managed Care Restricted
C906,R3906,N,20250316,3,171,0,0,0,Erin Bautista,"17802 Morrison Club Suite 483, New York, NY, 10001",10001,ID00114,NEP,Managed Care Restricted
C718,R3087,N,20250204,2,171,0,0,0,Alexandra Clark,"7622 Johnson Greens, Houston, TX, 77001",77001,ID00124,END,Managed Care Restricted
C543,R6183,T,20250217,2,173,0,20,20,Dr. Joseph Hughes,"89401 Robert Run Apt. 512, Atlanta, GA, 30301",30301,ID00068,CAR,Aware Non-Prescriber
C139,R3245,B,20250219,3,171,5,10,15,Jennifer Rodriguez,"943 Amber Park, Los Angeles, CA, 90001",90001,ID00024,NEP,Low-Volume Prescriber
C972,R5819,T,20250219,1,173,0,27,27,Michelle Ross,"5963 Connor Spring, Houston, TX, 77001",77001,ID00127,NEP,Competitor Loyalist
C155,R9613,T,20250405,3,172,0,20,20,Reginald Baker,"502 John Extension, Houston, TX, 77001",77001,ID00081,NEP,Aware Non-Prescriber
C762,R7732,T,20250301,1,172,0,16,16,Peter Morse,"83908 Garcia Turnpike, Chicago, IL, 60601",60601,ID00074,CAR,Aware Non-Prescriber
C233,R3209,N,20250223,3,171,0,0,0,Audrey Ruiz,"8055 Martha Curve Apt. 773, Philadelphia, PA, 19103",19103,ID00100,END,Unaware
C174,R6207,T,20250302,3,172,0,16,16,Catherine Elliott,"605 Jessica Lodge, Chicago, IL, 60601",60601,ID00066,CAR,Aware Non-Prescriber
C946,R3450,B,20250101,1,171,0,0,0,Timothy Mccarthy,"3359 Harrell Center, Atlanta, GA, 30301",30301,ID00075,END,Aware Non-Prescriber
C936,R3276,T,20250110,1,173,0,15,15,Timothy Lewis,"60203 Cindy Lock, Atlanta, GA, 30301",30301,ID00126,CAR,Competitor Loyalist
C595,R2260,B,20250223,2,171,8,14,22,Daniel Smith,"404 Brenda Plains Suite 108, Atlanta, GA, 30301",30301,ID00034,END,Low-Volume Prescriber
C948,R1206,T,20250413,2,172,0,19,19,Eric Becker,"33578 Charles Camp Apt. 263, Seattle, WA, 98101",98101,ID00088,END,Unaware
C820,R6761,N,20250425,3,171,8,0,8,Benjamin Tucker,"9040 Smith Causeway, Los Angeles, CA, 90001",90001,ID00047,END,New Adopter
C729,R3776,T,20250409,3,171,0,0,0,Suzanne Barnett,"169 Carol Lights Apt. 195, New York, NY, 10001",10001,ID00078,CAR,Aware Non-Prescriber
C930,R6410,T,20250324,1,172,0,30,30,Peter Morse,"83908 Garcia Turnpike, Chicago, IL, 60601",60601,ID00074,CAR,Aware Non-Prescriber
C259,R2747,B,20250416,3,171,0,0,0,Valerie Smith,"2865 Rodriguez Pike Apt. 296, New York, NY, 10001",10001,ID00080,NEP,Aware Non-Prescriber
C518,R8381,B,20250310,1,171,12,30,42,Clinton Diaz,"85425 Laura Summit Suite 944, Philadelphia, PA, 19103",19103,ID00009,END,High-Volume Loyalist
C149,R1104,B,20250307,1,171,5,20,25,Tina Wilson,"63359 Blake Center, Philadelphia, PA, 19103",19103,ID00031,NEP,Low-Volume Prescriber
C155,R9613,T,20250405,3,172,0,24,24,Reginald Baker,"502 John Extension, Houston, TX, 77001",77001,ID00081,NEP,Aware Non-Prescriber
C824,R7292,N,20250109,3,171,0,0,0,Anthony Green,"47110 Contreras Shoal Suite 755, Atlanta, GA, 30301",30301,ID00111,CAR,Managed Care Restricted
C138,R2433,T,20250226,3,173,0,29,29,Dr. Joseph Hughes,"89401 Robert Run Apt. 512, Atlanta, GA, 30301",30301,ID00068,CAR,Aware Non-Prescriber
C490,R2285,N,20250402,3,171,0,0,0,Karen Moore,"1184 Rachel Mountains Apt. 047, Philadelphia, PA, 19103",19103,ID00098,NEP,Unaware
C661,R8913,N,20250405,2,171,0,0,0,John Thomas,"03583 Duncan Walk Apt. 643, Seattle, WA, 98101",98101,ID00102,CAR,Unaware
C619,R5918,N,20250321,2,171,13,0,13,Amanda Gillespie,"16188 Krystal Place, Atlanta, GA, 30301",30301,ID00055,NEP,New Adopter
C320,R5166,T,20250328,1,172,0,18,18,Jill Taylor,"10380 Owens Pine, Chicago, IL, 60601",60601,ID00082,END,Aware Non-Prescriber
C189,R7262,T,20250324,1,172,0,23,23,Mrs. Kristin Rodriguez,"484 Caldwell Ways Apt. 822, New York, NY, 10001",10001,ID00105,NEP,Unaware
C882,R1245,N,20250103,2,171,0,0,0,Brianna Murray,"194 Maddox Mews, Houston, TX, 77001",77001,ID00108,END,Managed Care Restricted
C682,R1477,N,20250218,3,171,0,0,0,Ryan Baird,"115 Morales Spurs, Los Angeles, CA, 90001",90001,ID00116,END,Managed Care Restricted
C243,R1584,T,20250403,1,172,0,17,17,Tina Reed,"19172 Miller Vista, Philadelphia, PA, 19103",19103,ID00139,END,Competitor Loyalist
C252,R1894,N,20250301,2,171,14,0,14,Taylor Hebert,"419 Mccarthy Falls, Houston, TX, 77001",77001,ID00061,NEP,New Adopter
C146,R1609,B,20250323,2,171,11,34,45,Mariah Bailey,"1518 Austin Knoll, Philadelphia, PA, 19103",19103,ID00013,CAR,High-Volume Loyalist
C582,R1372,N,20250207,2,171,0,0,0,John Thomas,"03583 Duncan Walk Apt. 643, Seattle, WA, 98101",98101,ID00102,CAR,Unaware
C793,R9856,B,20250312,1,171,9,16,25,Jonathan Lee,"582 Allison Glens Apt. 728, Chicago, IL, 60601",60601,ID00033,NEP,Low-Volume Prescriber
C593,R2904,T,20250423,3,173,0,11,11,Paul Solomon,"98394 Leroy Garden Apt. 332, Houston, TX, 77001",77001,ID00079,END,Aware Non-Prescriber
C915,R1919,B,20250424,1,171,10,40,50,John Villa,"71110 Garza Ridge Apt. 137, Los Angeles, CA, 90001",90001,ID00012,NEP,High-Volume Loyalist
C164,R9830,N,20250209,3,171,0,0,0,Tiffany Gonzalez,"266 Robertson Heights, Los Angeles, CA, 90001",90001,ID00092,END,Unaware
C557,R4205,T,20250318,3,173,0,11,11,Timothy Lewis,"60203 Cindy Lock, Atlanta, GA, 30301",30301,ID00126,CAR,Competitor Loyalist
C933,R2636,T,20250313,3,172,0,21,21,Jill Taylor,"10380 Owens Pine, Chicago, IL, 60601",60601,ID00082,END,Aware Non-Prescriber
C327,R7075,T,20250110,1,172,0,12,12,Stephen Smith,"295 Randolph Skyway, Philadelphia, PA, 19103",19103,ID00077,END,Aware Non-Prescriber
C786,R2713,B,20250212,2,171,15,40,55,Thomas Rhodes,"890 Dylan Trail, Atlanta, GA, 30301",30301,ID00010,NEP,High-Volume Loyalist
C565,R8996,B,20250404,2,171,10,15,25,Brian Roberts,"4298 Lowery Garden Suite 160, Los Angeles, CA, 90001",90001,ID00039,CAR,Low-Volume Prescriber
C378,R9060,N,20250319,2,171,0,0,0,David Mccoy,"65524 Thomas Track, Chicago, IL, 60601",60601,ID00086,CAR,Unaware
C954,R5091,T,20250125,1,171,0,0,0,Valerie Smith,"2865 Rodriguez Pike Apt. 296, New York, NY, 10001",10001,ID00080,NEP,Aware Non-Prescriber
C522,R8054,T,20250417,2,173,0,14,14,John Garcia,"59147 Keith Drives, New York, NY, 10001",10001,ID00096,CAR,Unaware
C600,R5341,N,20250409,2,171,15,0,15,Kaitlyn Schwartz,"863 Stacy Spurs Suite 299, Atlanta, GA, 30301",30301,ID00051,CAR,New Adopter
C842,R5641,T,20250212,1,173,0,29,29,John Church,"5132 Crystal Prairie, Los Angeles, CA, 90001",90001,ID00135,NEP,Competitor Loyalist
C258,R7084,T,20250328,3,173,0,21,21,Jeffrey Salazar,"8770 Thomas Wells Apt. 251, New York, NY, 10001",10001,ID00090,NEP,Unaware
C575,R7533,T,20250105,1,172,0,16,16,Sandra Mccoy,"96055 Megan Valley, Seattle, WA, 98101",98101,ID00133,CAR,Competitor Loyalist
C725,R5466,T,20250417,2,172,0,13,13,Devin Watkins,"915 Alejandro Dam Suite 837, Seattle, WA, 98101",98101,ID00134,CAR,Competitor Loyalist
C258,R7980,T,20250220,2,173,0,14,14,Tammy Rose,"86335 Lawson Ranch Apt. 743, Los Angeles, CA, 90001",90001,ID00076,END,Aware Non-Prescriber
C652,R6119,T,20250327,3,171,0,0,0,Jessica Matthews,"0909 Miller Dam Apt. 891, Los Angeles, CA, 90001",90001,ID00130,END,Competitor Loyalist
C251,R1902,N,20250105,1,171,0,0,0,Pamela Davis,"26187 Lee View, Atlanta, GA, 30301",30301,ID00113,END,Managed Care Restricted
C942,R1681,B,20250408,3,171,7,18,25,Dylan George,"894 Davis Lakes Suite 123, Philadelphia, PA, 19103",19103,ID00038,END,Low-Volume Prescriber
C809,R7512,B,20250228,2,171,15,49,64,Mark Hunt,"050 Smith Land Apt. 308, Seattle, WA, 98101",98101,ID00011,END,High-Volume Loyalist
C233,R1235,T,20250329,3,172,0,27,27,Michael Garcia,"29926 Kathryn Overpass, Los Angeles, CA, 90001",90001,ID00140,END,Competitor Loyalist
C861,R7814,T,20250214,3,172,0,22,22,Lisa Guerrero,"897 Amanda Circles, Houston, TX, 77001",77001,ID00094,NEP,Unaware
C425,R8417,B,20250427,2,171,10,15,25,Michael Campbell,"272 Glass Prairie, Atlanta, GA, 30301",30301,ID00045,END,Low-Volume Prescriber
C294,R9586,T,20250413,2,172,0,10,10,Tiffany Gonzalez,"266 Robertson Heights, Los Angeles, CA, 90001",90001,ID00092,END,Unaware
C336,R9710,N,20250111,3,171,0,0,0,Cynthia Graves,"1646 Samuel Crescent Suite 809, New York, NY, 10001",10001,ID00095,NEP,Unaware
C692,R9918,T,20250321,2,172,0,13,13,Alan Wilson,"562 Steele Brooks, Philadelphia, PA, 19103",19103,ID00073,END,Aware Non-Prescriber
C111,R7266,T,20250417,3,172,0,13,13,Katrina Torres,"4105 King Ridges Apt. 254, Seattle, WA, 98101",98101,ID00099,NEP,Unaware
C610,R4271,T,20250122,3,173,0,22,22,Valerie Smith,"2865 Rodriguez Pike Apt. 296, New York, NY, 10001",10001,ID00080,NEP,Aware Non-Prescriber
C329,R2773,B,20250126,1,171,20,45,65,Jillian Hall,"63505 Sheryl Mountains, Seattle, WA, 98101",98101,ID00015,CAR,High-Volume Loyalist
C615,R4629,B,20250305,3,171,11,44,55,Jason Webster,"36796 Ballard Fork Suite 800, Houston, TX, 77001",77001,ID00014,END,High-Volume Loyalist
C972,R5819,T,20250219,1,173,0,30,30,Michelle Ross,"5963 Connor Spring, Houston, TX, 77001",77001,ID00127,NEP,Competitor Loyalist
C999,R5644,T,20250219,3,171,0,0,0,Peter Morse,"83908 Garcia Turnpike, Chicago, IL, 60601",60601,ID00074,CAR,Aware Non-Prescriber
C857,R9814,T,20250210,1,172,0,24,24,John Thomas,"03583 Duncan Walk Apt. 643, Seattle, WA, 98101",98101,ID00102,CAR,Unaware
C257,R5726,T,20250416,2,172,0,21,21,Michelle Peters,"68718 Rivera Motorway, Philadelphia, PA, 19103",19103,ID00128,END,Competitor Loyalist
C315,R3734,T,20250404,3,172,0,28,28,Tammy Rivera,"7813 Bradshaw Lane, Los Angeles, CA, 90001",90001,ID00084,NEP,Aware Non-Prescriber
C219,R9409,B,20250304,2,171,0,0,0,Paul Solomon,"98394 Leroy Garden Apt. 332, Houston, TX, 77001",77001,ID00079,END,Aware Non-Prescriber
C180,R7243,T,20250302,3,172,0,11,11,James Warner,"222 Joseph Land Apt. 785, New York, NY, 10001",10001,ID00083,END,Aware Non-Prescriber
C370,R2900,T,20250105,3,172,0,27,27,Sandra Mccoy,"96055 Megan Valley, Seattle, WA, 98101",98101,ID00133,CAR,Competitor Loyalist
C810,R8254,T,20250131,3,172,0,26,26,Paul Solomon,"98394 Leroy Garden Apt. 332, Houston, TX, 77001",77001,ID00079,END,Aware Non-Prescriber
C916,R1582,N,20250426,2,171,0,0,0,Daniel Cooper,"16128 Tracy Burg Apt. 578, Atlanta, GA, 30301",30301,ID00117,CAR,Managed Care Restricted
C796,R8291,B,20250115,3,171,6,18,24,Edward Moore,"26617 Castillo Mission, Los Angeles, CA, 90001",90001,ID00040,END,Low-Volume Prescriber
C754,R5833,B,20250427,3,171,7,11,18,Jonathan Robinson,"338 Daniel Stravenue Apt. 058, Los Angeles, CA, 90001",90001,ID00027,END,Low-Volume Prescriber
C598,R8155,T,20250117,3,172,0,17,17,Michelle Peters,"68718 Rivera Motorway, Philadelphia, PA, 19103",19103,ID00128,END,Competitor Loyalist
C419,R6293,T,20250217,3,172,0,18,18,Amy Terry,"7327 Gary Ways Suite 354, Seattle, WA, 98101",98101,ID00089,NEP,Unaware
C299,R1550,T,20250124,3,173,0,20,20,Suzanne Barnett,"169 Carol Lights Apt. 195, New York, NY, 10001",10001,ID00078,CAR,Aware Non-Prescriber
C337,R9515,B,20250331,2,171,5,10,15,Heather Hall,"185 Peterson Unions, Atlanta, GA, 30301",30301,ID00044,CAR,Low-Volume Prescriber
C888,R6298,T,20250328,3,172,0,14,14,James Rhodes,"28272 Mary Lane, Houston, TX, 77001",77001,ID00136,CAR,Competitor Loyalist
C299,R1550,T,20250124,3,173,0,10,10,Suzanne Barnett,"169 Carol Lights Apt. 195, New York, NY, 10001",10001,ID00078,CAR,Aware Non-Prescriber
C675,R2739,B,20250219,1,171,7,18,25,Dr. Ann Richards,"943 Valdez Haven, Chicago, IL, 60601",60601,ID00023,NEP,Low-Volume Prescriber
C294,R3610,B,20250413,2,171,9,15,24,Dr. Ann Richards,"943 Valdez Haven, Chicago, IL, 60601",60601,ID00023,NEP,Low-Volume Prescriber
C797,R8548,T,20250405,2,172,0,28,28,Paul Solomon,"98394 Leroy Garden Apt. 332, Houston, TX, 77001",77001,ID00079,END,Aware Non-Prescriber
C738,R3389,T,20250318,2,173,0,27,27,John Jones,"27478 Holland Mountains, Philadelphia, PA, 19103",19103,ID00101,END,Unaware
C423,R6080,B,20250124,1,171,13,31,44,Paul Nelson PhD,"47328 Nancy Ville Suite 584, Atlanta, GA, 30301",30301,ID00019,END,High-Volume Loyalist
C720,R2161,T,20250214,1,173,0,11,11,Lisa Guerrero,"897 Amanda Circles, Houston, TX, 77001",77001,ID00094,NEP,Unaware
C913,R5127,T,20250108,1,171,0,0,0,Dr. Joseph Hughes,"89401 Robert Run Apt. 512, Atlanta, GA, 30301",30301,ID00068,CAR,Aware Non-Prescriber
C884,R1256,B,20250103,3,171,8,19,27,Tina Smith,"0220 Li Corner, Chicago, IL, 60601",60601,ID00029,NEP,Low-Volume Prescriber
C202,R4513,T,20250225,3,172,0,17,17,Stephen Smith,"295 Randolph Skyway, Philadelphia, PA, 19103",19103,ID00077,END,Aware Non-Prescriber
C620,R3903,N,20250416,3,171,15,0,15,John Allen,"6872 Katie Ford, Houston, TX, 77001",77001,ID00063,CAR,New Adopter
C249,R3450,T,20250418,2,172,0,10,10,Jill Taylor,"10380 Owens Pine, Chicago, IL, 60601",60601,ID00082,END,Aware Non-Prescriber
C776,R3444,T,20250405,1,173,0,18,18,Timothy Lewis,"60203 Cindy Lock, Atlanta, GA, 30301",30301,ID00126,CAR,Competitor Loyalist
C525,R9897,T,20250409,3,172,0,25,25,Catherine Elliott,"605 Jessica Lodge, Chicago, IL, 60601",60601,ID00066,CAR,Aware Non-Prescriber
C991,R9791,T,20250226,3,172,0,18,18,Michael Garcia,"29926 Kathryn Overpass, Los Angeles, CA, 90001",90001,ID00140,END,Competitor Loyalist
C507,R4638,T,20250302,1,172,0,23,23,Reginald Baker,"502 John Extension, Houston, TX, 77001",77001,ID00081,NEP,Aware Non-Prescriber
C111,R7266,T,20250417,3,172,0,25,25,Katrina Torres,"4105 King Ridges Apt. 254, Seattle, WA, 98101",98101,ID00099,NEP,Unaware
C888,R4985,T,20250216,3,173,0,25,25,Paul Solomon,"98394 Leroy Garden Apt. 332, Houston, TX, 77001",77001,ID00079,END,Aware Non-Prescriber
C415,R6992,B,20250412,1,171,0,0,0,Brittany Christensen,"828 Brandon Square Apt. 201, Chicago, IL, 60601",60601,ID00085,END,Aware Non-Prescriber
C427,R2097,N,20250415,3,171,12,0,12,Robert Ramirez,"28928 Jeffrey Circle Apt. 512, Atlanta, GA, 30301",30301,ID00052,NEP,New Adopter
C609,R8635,B,20250207,2,171,7,18,25,Tina Wilson,"63359 Blake Center, Philadelphia, PA, 19103",19103,ID00031,NEP,Low-Volume Prescriber
C473,R7563,B,20250125,2,171,0,0,0,Jill Taylor,"10380 Owens Pine, Chicago, IL, 60601",60601,ID00082,END,Aware Non-Prescriber
C354,R3583,N,20250407,1,171,0,0,0,Jeffrey Salazar,"8770 Thomas Wells Apt. 251, New York, NY, 10001",10001,ID00090,NEP,Unaware
C814,R4617,N,20250209,3,171,0,0,0,Katrina Torres,"4105 King Ridges Apt. 254, Seattle, WA, 98101",98101,ID00099,NEP,Unaware
C686,R9792,B,20250106,3,171,9,13,22,Erin Simmons,"2413 Donna Village, New York, NY, 10001",10001,ID00028,NEP,Low-Volume Prescriber
C344,R1004,T,20250326,1,173,0,11,11,Suzanne Barnett,"169 Carol Lights Apt. 195, New York, NY, 10001",10001,ID00078,CAR,Aware Non-Prescriber
C629,R5454,T,20250320,1,172,0,22,22,David Mccoy,"65524 Thomas Track, Chicago, IL, 60601",60601,ID00086,CAR,Unaware
C998,R8863,T,20250116,3,173,0,14,14,Bonnie Davis,"5907 Angela Valley, New York, NY, 10001",10001,ID00071,END,Aware Non-Prescriber
C747,R8175,T,20250302,1,173,0,26,26,Tina Reed,"19172 Miller Vista, Philadelphia, PA, 19103",19103,ID00139,END,Competitor Loyalist
C739,R1447,T,20250412,3,172,0,20,20,Luis Lozano,"59703 David Ford Apt. 715, Los Angeles, CA, 90001",90001,ID00131,END,Competitor Loyalist
C108,R9362,T,20250110,3,172,0,16,16,Michelle Ross,"5963 Connor Spring, Houston, TX, 77001",77001,ID00127,NEP,Competitor Loyalist
C297,R9621,N,20250217,1,171,0,0,0,Cynthia Graves,"1646 Samuel Crescent Suite 809, New York, NY, 10001",10001,ID00095,NEP,Unaware
C493,R6902,T,20250123,3,172,0,19,19,Michelle Peters,"68718 Rivera Motorway, Philadelphia, PA, 19103",19103,ID00128,END,Competitor Loyalist
C208,R2654,N,20250118,1,171,9,0,9,Robert Ramirez,"28928 Jeffrey Circle Apt. 512, Atlanta, GA, 30301",30301,ID00052,NEP,New Adopter
C323,R5408,T,20250228,2,173,0,11,11,Valerie Smith,"2865 Rodriguez Pike Apt. 296, New York, NY, 10001",10001,ID00080,NEP,Aware Non-Prescriber
C981,R3863,T,20250304,2,173,0,18,18,Reginald Baker,"502 John Extension, Houston, TX, 77001",77001,ID00081,NEP,Aware Non-Prescriber
C387,R1510,N,20250107,1,171,0,0,0,Adam Reed,"091 Hale Junctions Apt. 822, Philadelphia, PA, 19103",19103,ID00118,CAR,Managed Care Restricted
C686,R3406,T,20250116,3,171,0,0,0,Peter Morse,"83908 Garcia Turnpike, Chicago, IL, 60601",60601,ID00074,CAR,Aware Non-Prescriber
C280,R9486,B,20250423,1,171,16,37,53,Kristin Elliott,"294 Schroeder Garden Apt. 703, Houston, TX, 77001",77001,ID00006,END,High-Volume Loyalist
C164,R9830,T,20250209,3,173,0,21,21,Tiffany Gonzalez,"266 Robertson Heights, Los Angeles, CA, 90001",90001,ID00092,END,Unaware
C112,R7737,T,20250415,1,171,0,0,0,John Church,"5132 Crystal Prairie, Los Angeles, CA, 90001",90001,ID00135,NEP,Competitor Loyalist
C408,R7653,B,20250404,1,171,19,48,67,Kristin Elliott,"294 Schroeder Garden Apt. 703, Houston, TX, 77001",77001,ID00006,END,High-Volume Loyalist
C838,R8170,B,20250119,1,171,19,35,54,Jon Thomas,"14771 Patrick Ville, Seattle, WA, 98101",98101,ID00018,NEP,High-Volume Loyalist
C813,R8973,B,20250201,2,171,14,43,57,Andrea Miller,"677 Johnson Rue, Chicago, IL, 60601",60601,ID00003,END,High-Volume Loyalist
C473,R7563,T,20250125,2,172,0,25,25,Jill Taylor,"10380 Owens Pine, Chicago, IL, 60601",60601,ID00082,END,Aware Non-Prescriber
C746,R5961,B,20250224,1,171,17,44,61,Brian Perez,"2053 Nicole Mountains Suite 024, Los Angeles, CA, 90001",90001,ID00017,END,High-Volume Loyalist
C298,R2877,T,20250122,1,173,0,12,12,Amy Ward,"777 Aaron Junctions, Philadelphia, PA, 19103",19103,ID00070,CAR,Aware Non-Prescriber
C356,R4216,B,20250212,3,171,7,11,18,Gregory Hughes,"47230 Reynolds Landing Apt. 921, Los Angeles, CA, 90001",90001,ID00022,NEP,Low-Volume Prescriber
C354,R1111,B,20250122,1,171,8,15,23,Jonathan Robinson,"338 Daniel Stravenue Apt. 058, Los Angeles, CA, 90001",90001,ID00027,END,Low-Volume Prescriber
C488,R2650,T,20241231,3,171,0,0,0,Reginald Baker,"502 John Extension, Houston, TX, 77001",77001,ID00081,NEP,Aware Non-Prescriber
C698,R2676,N,20250227,2,171,14,0,14,Dwayne Jones,"111 Vance Passage, Los Angeles, CA, 90001",90001,ID00054,END,New Adopter
C174,R6207,B,20250302,3,171,0,0,0,Catherine Elliott,"605 Jessica Lodge, Chicago, IL, 60601",60601,ID00066,CAR,Aware Non-Prescriber
C694,R9869,T,20250323,1,172,0,17,17,Mrs. Kristin Rodriguez,"484 Caldwell Ways Apt. 822, New York, NY, 10001",10001,ID00105,NEP,Unaware
C787,R4842,T,20250210,2,173,0,14,14,Amy Ward,"777 Aaron Junctions, Philadelphia, PA, 19103",19103,ID00070,CAR,Aware Non-Prescriber
C765,R5566,B,20250307,2,171,16,40,56,Dr. Cynthia Miller,"725 Mills Forge, Seattle, WA, 98101",98101,ID00020,NEP,High-Volume Loyalist
C296,R5097,T,20250228,1,173,0,22,22,Eric Becker,"33578 Charles Camp Apt. 263, Seattle, WA, 98101",98101,ID00088,END,Unaware
C436,R6857,N,20250324,3,171,10,0,10,Jocelyn Norris,"170 Bonnie Isle Apt. 987, New York, NY, 10001",10001,ID00060,END,New Adopter
C522,R8054,T,20250417,2,173,0,20,20,John Garcia,"59147 Keith Drives, New York, NY, 10001",10001,ID00096,CAR,Unaware
C164,R9856,T,20250302,2,172,0,13,13,Tina Reed,"19172 Miller Vista, Philadelphia, PA, 19103",19103,ID00139,END,Competitor Loyalist
C453,R8043,B,20250202,1,171,18,33,51,John Campbell,"53474 Jeffrey Estates, Seattle, WA, 98101",98101,ID00016,END,High-Volume Loyalist
C808,R4986,B,20250110,2,171,13,42,55,Emma Moore,"7136 Stephanie Drive, Philadelphia, PA, 19103",19103,ID00008,CAR,High-Volume Loyalist
C586,R3278,T,20250324,1,171,0,0,0,Michelle Peters,"68718 Rivera Motorway, Philadelphia, PA, 19103",19103,ID00128,END,Competitor Loyalist
C460,R8434,B,20250212,2,171,18,40,58,Emma Moore,"7136 Stephanie Drive, Philadelphia, PA, 19103",19103,ID00008,CAR,High-Volume Loyalist
C291,R9987,T,20250209,2,172,0,25,25,Reginald Baker,"502 John Extension, Houston, TX, 77001",77001,ID00081,NEP,Aware Non-Prescriber
C553,R6772,N,20250308,3,171,0,0,0,John Garcia,"59147 Keith Drives, New York, NY, 10001",10001,ID00096,CAR,Unaware
C420,R1950,N,20250302,2,171,10,0,10,Karla Johnson,"53763 Lisa Lake Apt. 638, Houston, TX, 77001",77001,ID00056,NEP,New Adopter
C308,R7073,B,20250111,3,171,8,15,23,Tina Wilson,"63359 Blake Center, Philadelphia, PA, 19103",19103,ID00031,NEP,Low-Volume Prescriber
C794,R8218,B,20250207,2,171,13,41,54,Jon Thomas,"14771 Patrick Ville, Seattle, WA, 98101",98101,ID00018,NEP,High-Volume Loyalist
C147,R1653,T,20250217,2,172,0,20,20,Alan Wilson,"562 Steele Brooks, Philadelphia, PA, 19103",19103,ID00073,END,Aware Non-Prescriber
C845,R1691,N,20250119,3,171,0,0,0,Amy Terry,"7327 Gary Ways Suite 354, Seattle, WA, 98101",98101,ID00089,NEP,Unaware
C863,R5485,N,20250206,2,171,0,0,0,Michael Smith,"41758 Brian Prairie, Chicago, IL, 60601",60601,ID00106,CAR,Managed Care Restricted
C521,R8848,N,20250322,2,171,15,0,15,Ariana Bailey,"84002 Phillips Camp, Chicago, IL, 60601",60601,ID00046,END,New Adopter
C679,R6971,T,20250328,3,172,0,15,15,Amy Ward,"777 Aaron Junctions, Philadelphia, PA, 19103",19103,ID00070,CAR,Aware Non-Prescriber
C531,R7631,B,20250420,1,171,0,0,0,James Warner,"222 Joseph Land Apt. 785, New York, NY, 10001",10001,ID00083,END,Aware Non-Prescriber
C802,R6544,T,20250303,1,172,0,14,14,Jeffrey Salazar,"8770 Thomas Wells Apt. 251, New York, NY, 10001",10001,ID00090,NEP,Unaware
C629,R5121,T,20250214,3,172,0,25,25,Alan Wilson,"562 Steele Brooks, Philadelphia, PA, 19103",19103,ID00073,END,Aware Non-Prescriber
C954,R1056,B,20250307,1,171,10,13,23,Tina Smith,"0220 Li Corner, Chicago, IL, 60601",60601,ID00029,NEP,Low-Volume Prescriber
C508,R9221,T,20250201,1,173,0,20,20,Audrey Ruiz,"8055 Martha Curve Apt. 773, Philadelphia, PA, 19103",19103,ID00100,END,Unaware
C575,R7533,T,20250105,1,173,0,10,10,Sandra Mccoy,"96055 Megan Valley, Seattle, WA, 98101",98101,ID00133,CAR,Competitor Loyalist
C383,R3370,B,20250210,1,171,19,30,49,Mariah Bailey,"1518 Austin Knoll, Philadelphia, PA, 19103",19103,ID00013,CAR,High-Volume Loyalist
C601,R3329,B,20250415,1,171,10,16,26,Brian Roberts,"4298 Lowery Garden Suite 160, Los Angeles, CA, 90001",90001,ID00039,CAR,Low-Volume Prescriber
C986,R5625,B,20250104,2,171,5,17,22,Heather Hall,"185 Peterson Unions, Atlanta, GA, 30301",30301,ID00044,CAR,Low-Volume Prescriber
C989,R5713,T,20250427,1,173,0,17,17,John Thomas,"03583 Duncan Walk Apt. 643, Seattle, WA, 98101",98101,ID00102,CAR,Unaware
C623,R3534,T,20250426,3,173,0,19,19,James Steele,"0564 Katherine Tunnel Apt. 235, Atlanta, GA, 30301",30301,ID00097,END,Unaware
C850,R2934,B,20250120,2,171,6,14,20,Scott Turner,"0766 Schneider Ways, New York, NY, 10001",10001,ID00043,CAR,Low-Volume Prescriber
C834,R6617,B,20250202,2,171,19,36,55,Jill King,"9346 Eric Highway, Los Angeles, CA, 90001",90001,ID00004,NEP,High-Volume Loyalist
C542,R5747,T,20250110,1,173,0,18,18,Katrina Torres,"4105 King Ridges Apt. 254, Seattle, WA, 98101",98101,ID00099,NEP,Unaware
C932,R7637,T,20250423,1,172,0,15,15,Bonnie Davis,"5907 Angela Valley, New York, NY, 10001",10001,ID00071,END,Aware Non-Prescriber
C931,R2015,T,20250304,2,172,0,13,13,Lori Clark,"889 Curtis Summit Apt. 266, Atlanta, GA, 30301",30301,ID00104,NEP,Unaware
C923,R2492,T,20250119,2,173,0,21,21,Stephen Smith,"295 Randolph Skyway, Philadelphia, PA, 19103",19103,ID00077,END,Aware Non-Prescriber
C973,R6571,T,20250214,3,172,0,24,24,Alejandro Gould,"48615 Craig Tunnel, New York, NY, 10001",10001,ID00138,NEP,Competitor Loyalist
C364,R7678,T,20250311,1,172,0,15,15,Dr. Joseph Hughes,"89401 Robert Run Apt. 512, Atlanta, GA, 30301",30301,ID00068,CAR,Aware Non-Prescriber
C366,R2006,T,20250402,3,171,0,0,0,Luis Lozano,"59703 David Ford Apt. 715, Los Angeles, CA, 90001",90001,ID00131,END,Competitor Loyalist
C526,R2974,N,20250212,2,171,0,0,0,Karen Moore,"1184 Rachel Mountains Apt. 047, Philadelphia, PA, 19103",19103,ID00098,NEP,Unaware
C286,R6213,N,20250218,3,171,8,0,8,Heidi Lucero,"5415 Billy Key, Seattle, WA, 98101",98101,ID00049,NEP,New Adopter
C356,R8305,T,20250313,3,173,0,12,12,Bryan Johnson,"714 Watkins Unions Suite 059, Philadelphia, PA, 19103",19103,ID00137,END,Competitor Loyalist
C327,R7075,T,20250110,1,173,0,22,22,Stephen Smith,"295 Randolph Skyway, Philadelphia, PA, 19103",19103,ID00077,END,Aware Non-Prescriber
C259,R2747,T,20250416,3,173,0,23,23,Valerie Smith,"2865 Rodriguez Pike Apt. 296, New York, NY, 10001",10001,ID00080,NEP,Aware Non-Prescriber
C146,R4976,T,20250425,3,173,0,24,24,Michael Garcia,"29926 Kathryn Overpass, Los Angeles, CA, 90001",90001,ID00140,END,Competitor Loyalist
C819,R7459,T,20250129,2,172,0,21,21,Michelle Ross,"5963 Connor Spring, Houston, TX, 77001",77001,ID00127,NEP,Competitor Loyalist
C689,R9269,T,20250225,3,173,0,23,23,Katrina Torres,"4105 King Ridges Apt. 254, Seattle, WA, 98101",98101,ID00099,NEP,Unaware
C248,R3525,T,20250211,1,173,0,15,15,Scott Johnson,"09995 Charles Plain, Philadelphia, PA, 19103",19103,ID00132,CAR,Competitor Loyalist
C356,R1646,T,20250401,1,173,0,16,16,Stephen Lopez,"736 Graham Inlet, Atlanta, GA, 30301",30301,ID00091,CAR,Unaware
C971,R9992,T,20250122,3,171,0,0,0,Amy Ward,"777 Aaron Junctions, Philadelphia, PA, 19103",19103,ID00070,CAR,Aware Non-Prescriber
C261,R5179,B,20250418,3,171,6,15,21,Scott Turner,"0766 Schneider Ways, New York, NY, 10001",10001,ID00043,CAR,Low-Volume Prescriber
C356,R3240,B,20250127,3,171,13,49,62,John Villa,"71110 Garza Ridge Apt. 137, Los Angeles, CA, 90001",90001,ID00012,NEP,High-Volume Loyalist
C172,R9423,B,20250128,1,171,10,40,50,Andrea Miller,"677 Johnson Rue, Chicago, IL, 60601",60601,ID00003,END,High-Volume Loyalist
C705,R8480,T,20250116,3,172,0,11,11,Brittany Christensen,"828 Brandon Square Apt. 201, Chicago, IL, 60601",60601,ID00085,END,Aware Non-Prescriber
C368,R3544,T,20250307,1,173,0,15,15,Tammy Rivera,"7813 Bradshaw Lane, Los Angeles, CA, 90001",90001,ID00084,NEP,Aware Non-Prescriber
C674,R1144,B,20250205,1,171,0,0,0,Catherine Elliott,"605 Jessica Lodge, Chicago, IL, 60601",60601,ID00066,CAR,Aware Non-Prescriber
C248,R9690,T,20250228,2,173,0,25,25,Sandra Mccoy,"96055 Megan Valley, Seattle, WA, 98101",98101,ID00133,CAR,Competitor Loyalist
C323,R2740,T,20250309,2,171,0,0,0,Bryan Johnson,"714 Watkins Unions Suite 059, Philadelphia, PA, 19103",19103,ID00137,END,Competitor Loyalist
C384,R7906,B,20250226,2,171,15,42,57,James Bradford,"48045 Natasha Vista Suite 907, Seattle, WA, 98101",98101,ID00007,END,High-Volume Loyalist
C334,R8899,T,20250329,3,173,0,22,22,Timothy Mccarthy,"3359 Harrell Center, Atlanta, GA, 30301",30301,ID00075,END,Aware Non-Prescriber
C432,R9363,T,20250121,2,173,0,17,17,James Warner,"222 Joseph Land Apt. 785, New York, NY, 10001",10001,ID00083,END,Aware Non-Prescriber
C180,R7243,T,20250302,3,173,0,10,10,James Warner,"222 Joseph Land Apt. 785, New York, NY, 10001",10001,ID00083,END,Aware Non-Prescriber
C772,R5780,T,20250313,1,171,0,0,0,Luis Lozano,"59703 David Ford Apt. 715, Los Angeles, CA, 90001",90001,ID00131,END,Competitor Loyalist
C299,R1550,T,20250124,3,173,0,26,26,Suzanne Barnett,"169 Carol Lights Apt. 195, New York, NY, 10001",10001,ID00078,CAR,Aware Non-Prescriber
C891,R9814,T,20250109,1,171,0,0,0,Dean Dunn,"68691 Candace Center, Los Angeles, CA, 90001",90001,ID00067,NEP,Aware Non-Prescriber
C245,R9624,T,20250328,1,171,0,0,0,Renee Montoya,"42137 Susan Groves Suite 215, Houston, TX, 77001",77001,ID00129,NEP,Competitor Loyalist
C984,R8801,T,20250324,2,173,0,17,17,Tammy Rivera,"7813 Bradshaw Lane, Los Angeles, CA, 90001",90001,ID00084,NEP,Aware Non-Prescriber
C138,R2433,T,20250226,3,173,0,25,25,Dr. Joseph Hughes,"89401 Robert Run Apt. 512, Atlanta, GA, 30301",30301,ID00068,CAR,Aware Non-Prescriber
C747,R2485,T,20250219,1,173,0,12,12,Alejandro Gould,"48615 Craig Tunnel, New York, NY, 10001",10001,ID00138,NEP,Competitor Loyalist
C926,R9570,T,20250114,1,172,0,20,20,Michael Garcia,"29926 Kathryn Overpass, Los Angeles, CA, 90001",90001,ID00140,END,Competitor Loyalist
C560,R5844,T,20250307,1,172,0,30,30,Tiffany Gonzalez,"266 Robertson Heights, Los Angeles, CA, 90001",90001,ID00092,END,Unaware
C284,R9464,T,20250106,1,172,0,30,30,Peter Morse,"83908 Garcia Turnpike, Chicago, IL, 60601",60601,ID00074,CAR,Aware Non-Prescriber
C147,R2631,B,20250409,2,171,10,10,20,Edward Moore,"26617 Castillo Mission, Los Angeles, CA, 90001",90001,ID00040,END,Low-Volume Prescriber
C812,R4018,T,20250423,1,173,0,28,28,James Rhodes,"28272 Mary Lane, Houston, TX, 77001",77001,ID00136,CAR,Competitor Loyalist
C120,R6535,N,20250426,2,171,13,0,13,Stephanie Jackson,"336 Catherine Terrace Apt. 956, Philadelphia, PA, 19103",19103,ID00053,CAR,New Adopter
C804,R9059,T,20250228,3,171,0,0,0,Brittany Christensen,"828 Brandon Square Apt. 201, Chicago, IL, 60601",60601,ID00085,END,Aware Non-Prescriber
C685,R4212,N,20250218,3,171,0,0,0,Audrey Ruiz,"8055 Martha Curve Apt. 773, Philadelphia, PA, 19103",19103,ID00100,END,Unaware
C810,R2823,T,20241231,2,173,0,30,30,John Thomas,"03583 Duncan Walk Apt. 643, Seattle, WA, 98101",98101,ID00102,CAR,Unaware
C828,R7271,T,20250320,2,173,0,27,27,Michelle Ross,"5963 Connor Spring, Houston, TX, 77001",77001,ID00127,NEP,Competitor Loyalist
C303,R7302,B,20250328,2,171,17,39,56,John Villa,"71110 Garza Ridge Apt. 137, Los Angeles, CA, 90001",90001,ID00012,NEP,High-Volume Loyalist
C762,R7732,T,20250301,1,173,0,15,15,Peter Morse,"83908 Garcia Turnpike, Chicago, IL, 60601",60601,ID00074,CAR,Aware Non-Prescriber
C770,R1136,T,20250105,2,172,0,20,20,Mr. Scott Lopez,"99002 Vasquez Island Apt. 417, New York, NY, 10001",10001,ID00103,CAR,Unaware
C779,R2697,B,20241231,3,171,18,39,57,Jill King,"9346 Eric Highway, Los Angeles, CA, 90001",90001,ID00004,NEP,High-Volume Loyalist
C354,R3583,T,20250407,1,172,0,23,23,Jeffrey Salazar,"8770 Thomas Wells Apt. 251, New York, NY, 10001",10001,ID00090,NEP,Unaware
C672,R6802,B,20250308,3,171,13,46,59,John Campbell,"53474 Jeffrey Estates, Seattle, WA, 98101",98101,ID00016,END,High-Volume Loyalist
C116,R9443,B,20250113,2,171,19,47,66,Paul Nelson PhD,"47328 Nancy Ville Suite 584, Atlanta, GA, 30301",30301,ID00019,END,High-Volume Loyalist
C933,R4390,B,20250120,3,171,6,13,19,Brian Roberts,"4298 Lowery Garden Suite 160, Los Angeles, CA, 90001",90001,ID00039,CAR,Low-Volume Prescriber
C946,R3450,T,20250101,1,172,0,18,18,Timothy Mccarthy,"3359 Harrell Center, Atlanta, GA, 30301",30301,ID00075,END,Aware Non-Prescriber
C888,R6298,T,20250328,3,173,0,15,15,James Rhodes,"28272 Mary Lane, Houston, TX, 77001",77001,ID00136,CAR,Competitor Loyalist
C418,R6549,N,20250120,1,171,0,0,0,Jessica Chan,"3929 William Court Suite 842, Seattle, WA, 98101",98101,ID00122,END,Managed Care Restricted
C157,R5366,T,20250416,1,172,0,12,12,Eric Becker,"33578 Charles Camp Apt. 263, Seattle, WA, 98101",98101,ID00088,END,Unaware
C257,R5726,T,20250416,2,172,0,16,16,Michelle Peters,"68718 Rivera Motorway, Philadelphia, PA, 19103",19103,ID00128,END,Competitor Loyalist
C273,R6729,T,20250407,2,173,0,17,17,John Jones,"27478 Holland Mountains, Philadelphia, PA, 19103",19103,ID00101,END,Unaware
C447,R1918,T,20250101,1,172,0,12,12,Michael Garcia,"29926 Kathryn Overpass, Los Angeles, CA, 90001",90001,ID00140,END,Competitor Loyalist
C235,R7337,B,20250307,1,171,7,15,22,Christopher Gamble,"53267 Kathleen Extension, Chicago, IL, 60601",60601,ID00042,CAR,Low-Volume Prescriber
C686,R7456,T,20250114,1,173,0,22,22,John Walsh,"0193 Mcclain Circles Suite 081, Philadelphia, PA, 19103",19103,ID00069,END,Aware Non-Prescriber
C243,R1584,T,20250403,1,171,0,0,0,Tina Reed,"19172 Miller Vista, Philadelphia, PA, 19103",19103,ID00139,END,Competitor Loyalist
C359,R6024,T,20250121,2,173,0,24,24,Stephen Smith,"295 Randolph Skyway, Philadelphia, PA, 19103",19103,ID00077,END,Aware Non-Prescriber
C641,R5119,B,20250217,2,171,19,44,63,Stephanie Hawkins,"2393 Oneill Corner, New York, NY, 10001",10001,ID00002,CAR,High-Volume Loyalist
C332,R2480,B,20250129,3,171,20,39,59,Mark Hunt,"050 Smith Land Apt. 308, Seattle, WA, 98101",98101,ID00011,END,High-Volume Loyalist
C327,R4519,T,20241230,2,172,0,30,30,James Steele,"0564 Katherine Tunnel Apt. 235, Atlanta, GA, 30301",30301,ID00097,END,Unaware
C805,R5705,N,20250301,3,171,0,0,0,Kevin Vaughan,"66337 Lyons Island, Atlanta, GA, 30301",30301,ID00115,CAR,Managed Care Restricted
C416,R4757,T,20250109,3,173,0,12,12,Tammy Rivera,"7813 Bradshaw Lane, Los Angeles, CA, 90001",90001,ID00084,NEP,Aware Non-Prescriber
C857,R9037,B,20250131,2,171,10,20,30,Tina Wilson,"63359 Blake Center, Philadelphia, PA, 19103",19103,ID00031,NEP,Low-Volume Prescriber
C671,R6690,T,20250128,2,173,0,30,30,Stephen Lopez,"736 Graham Inlet, Atlanta, GA, 30301",30301,ID00091,CAR,Unaware
C812,R9952,N,20250408,3,171,0,0,0,Patrick Hall,"344 Williams Extension, Houston, TX, 77001",77001,ID00110,END,Managed Care Restricted
C571,R6827,N,20250111,1,171,0,0,0,James Steele,"0564 Katherine Tunnel Apt. 235, Atlanta, GA, 30301",30301,ID00097,END,Unaware
C860,R9715,T,20250204,3,172,0,22,22,David Mccoy,"65524 Thomas Track, Chicago, IL, 60601",60601,ID00086,CAR,Unaware
C531,R9185,T,20250228,1,171,0,0,0,Jill Taylor,"10380 Owens Pine, Chicago, IL, 60601",60601,ID00082,END,Aware Non-Prescriber
C930,R6410,T,20250324,1,173,0,16,16,Peter Morse,"83908 Garcia Turnpike, Chicago, IL, 60601",60601,ID00074,CAR,Aware Non-Prescriber
C738,R3389,T,20250318,2,173,0,27,27,John Jones,"27478 Holland Mountains, Philadelphia, PA, 19103",19103,ID00101,END,Unaware
C708,R8308,N,20250129,2,171,15,0,15,Dwayne Jones,"111 Vance Passage, Los Angeles, CA, 90001",90001,ID00054,END,New Adopter
C844,R3149,N,20250101,1,171,11,0,11,Caitlin Armstrong,"82936 Rebecca Drives, Chicago, IL, 60601",60601,ID00058,END,New Adopter
C777,R5122,T,20250115,3,171,0,0,0,Tammy Rivera,"7813 Bradshaw Lane, Los Angeles, CA, 90001",90001,ID00084,NEP,Aware Non-Prescriber
C431,R4943,T,20250414,3,173,0,19,19,John Garcia,"59147 Keith Drives, New York, NY, 10001",10001,ID00096,CAR,Unaware
C323,R5408,T,20250228,2,173,0,14,14,Valerie Smith,"2865 Rodriguez Pike Apt. 296, New York, NY, 10001",10001,ID00080,NEP,Aware Non-Prescriber
C712,R1653,B,20250309,2,171,17,32,49,Thomas Rhodes,"890 Dylan Trail, Atlanta, GA, 30301",30301,ID00010,NEP,High-Volume Loyalist
C334,R8899,B,20250329,3,171,0,0,0,Timothy Mccarthy,"3359 Harrell Center, Atlanta, GA, 30301",30301,ID00075,END,Aware Non-Prescriber
C172,R4824,B,20250204,3,171,14,44,58,Clinton Diaz,"85425 Laura Summit Suite 944, Philadelphia, PA, 19103",19103,ID00009,END,High-Volume Loyalist
C796,R2946,B,20250406,3,171,7,19,26,Jennifer Rodriguez,"943 Amber Park, Los Angeles, CA, 90001",90001,ID00024,NEP,Low-Volume Prescriber
C738,R3389,T,20250318,2,172,0,16,16,John Jones,"27478 Holland Mountains, Philadelphia, PA, 19103",19103,ID00101,END,Unaware
C164,R9830,T,20250209,3,173,0,10,10,Tiffany Gonzalez,"266 Robertson Heights, Los Angeles, CA, 90001",90001,ID00092,END,Unaware
C833,R9928,B,20250317,1,171,18,36,54,Michelle Elliott,"8851 Kevin Cliff, Atlanta, GA, 30301",30301,ID00001,CAR,High-Volume Loyalist
C174,R2153,T,20250112,1,172,0,10,10,Bryan Johnson,"714 Watkins Unions Suite 059, Philadelphia, PA, 19103",19103,ID00137,END,Competitor Loyalist
C219,R9409,T,20250304,2,172,0,28,28,Paul Solomon,"98394 Leroy Garden Apt. 332, Houston, TX, 77001",77001,ID00079,END,Aware Non-Prescriber
C586,R3278,T,20250324,1,173,0,19,19,Michelle Peters,"68718 Rivera Motorway, Philadelphia, PA, 19103",19103,ID00128,END,Competitor Loyalist
C173,R5362,N,20250130,1,171,0,0,0,Audrey Ruiz,"8055 Martha Curve Apt. 773, Philadelphia, PA, 19103",19103,ID00100,END,Unaware
C349,R8613,B,20250415,1,171,14,44,58,Emma Moore,"7136 Stephanie Drive, Philadelphia, PA, 19103",19103,ID00008,CAR,High-Volume Loyalist
C285,R2926,N,20250204,3,171,0,0,0,Ryan Evans,"1962 Burns Mission, Houston, TX, 77001",77001,ID00112,END,Managed Care Restricted
C238,R5945,T,20250101,3,172,0,19,19,James Steele,"0564 Katherine Tunnel Apt. 235, Atlanta, GA, 30301",30301,ID00097,END,Unaware
C372,R9667,T,20250414,3,172,0,24,24,Lisa Guerrero,"897 Amanda Circles, Houston, TX, 77001",77001,ID00094,NEP,Unaware
C891,R9814,T,20250109,1,172,0,18,18,Dean Dunn,"68691 Candace Center, Los Angeles, CA, 90001",90001,ID00067,NEP,Aware Non-Prescriber
C617,R8688,N,20241231,3,171,10,0,10,Taylor Hebert,"419 Mccarthy Falls, Houston, TX, 77001",77001,ID00061,NEP,New Adopter
C421,R3041,B,20250107,3,171,15,49,64,Lori Williams MD,"31525 Colin Knoll, Philadelphia, PA, 19103",19103,ID00005,END,High-Volume Loyalist
C333,R1841,B,20250201,3,171,9,19,28,Jennifer Rodriguez,"943 Amber Park, Los Angeles, CA, 90001",90001,ID00024,NEP,Low-Volume Prescriber
C383,R6327,N,20250301,1,171,13,0,13,Amanda Gillespie,"16188 Krystal Place, Atlanta, GA, 30301",30301,ID00055,NEP,New Adopter
C449,R3578,B,20250126,2,171,16,44,60,Jillian Hall,"63505 Sheryl Mountains, Seattle, WA, 98101",98101,ID00015,CAR,High-Volume Loyalist
C232,R7229,B,20250303,3,171,16,35,51,John Campbell,"53474 Jeffrey Estates, Seattle, WA, 98101",98101,ID00016,END,High-Volume Loyalist
C320,R3449,B,20241230,1,171,10,38,48,Paul Nelson PhD,"47328 Nancy Ville Suite 584, Atlanta, GA, 30301",30301,ID00019,END,High-Volume Loyalist
C797,R8548,B,20250405,2,171,0,0,0,Paul Solomon,"98394 Leroy Garden Apt. 332, Houston, TX, 77001",77001,ID00079,END,Aware Non-Prescriber
C419,R7149,B,20250207,1,171,19,30,49,James Bradford,"48045 Natasha Vista Suite 907, Seattle, WA, 98101",98101,ID00007,END,High-Volume Loyalist
C441,R5961,T,20250428,2,171,0,0,0,Alejandro Gould,"48615 Craig Tunnel, New York, NY, 10001",10001,ID00138,NEP,Competitor Loyalist
C452,R5698,T,20241230,3,172,0,17,17,Brittany Christensen,"828 Brandon Square Apt. 201, Chicago, IL, 60601",60601,ID00085,END,Aware Non-Prescriber
C507,R2621,T,20250206,2,172,0,10,10,Jill Taylor,"10380 Owens Pine, Chicago, IL, 60601",60601,ID00082,END,Aware Non-Prescriber
C408,R8504,B,20250318,1,171,20,46,66,Jason Webster,"36796 Ballard Fork Suite 800, Houston, TX, 77001",77001,ID00014,END,High-Volume Loyalist
C601,R4109,T,20250309,3,173,0,18,18,Stephen Lopez,"736 Graham Inlet, Atlanta, GA, 30301",30301,ID00091,CAR,Unaware
C652,R6119,T,20250327,3,173,0,16,16,Jessica Matthews,"0909 Miller Dam Apt. 891, Los Angeles, CA, 90001",90001,ID00130,END,Competitor Loyalist
C560,R6946,N,20250113,3,171,0,0,0,Anthony Green,"47110 Contreras Shoal Suite 755, Atlanta, GA, 30301",30301,ID00111,CAR,Managed Care Restricted
C986,R1510,T,20250113,2,172,0,28,28,Michelle Ross,"5963 Connor Spring, Houston, TX, 77001",77001,ID00127,NEP,Competitor Loyalist
C184,R1505,B,20250330,2,171,8,12,20,Dylan George,"894 Davis Lakes Suite 123, Philadelphia, PA, 19103",19103,ID00038,END,Low-Volume Prescriber
C762,R2181,T,20250125,3,172,0,17,17,Dean Dunn,"68691 Candace Center, Los Angeles, CA, 90001",90001,ID00067,NEP,Aware Non-Prescriber
C286,R3238,T,20250418,1,173,0,12,12,David Mccoy,"65524 Thomas Track, Chicago, IL, 60601",60601,ID00086,CAR,Unaware
C190,R5017,T,20250306,3,173,0,16,16,Jessica Matthews,"0909 Miller Dam Apt. 891, Los Angeles, CA, 90001",90001,ID00130,END,Competitor Loyalist
C675,R9281,B,20250302,1,171,6,16,22,Dylan George,"894 Davis Lakes Suite 123, Philadelphia, PA, 19103",19103,ID00038,END,Low-Volume Prescriber
C526,R4068,B,20250318,2,171,13,48,61,Paul Nelson PhD,"47328 Nancy Ville Suite 584, Atlanta, GA, 30301",30301,ID00019,END,High-Volume Loyalist
C788,R3194,B,20250426,3,171,9,11,20,Colton Ortiz,"002 Jessica Ford Suite 996, New York, NY, 10001",10001,ID00037,END,Low-Volume Prescriber
C230,R3911,N,20250216,2,171,12,0,12,Jodi Griffith,"37360 Beth Coves Apt. 692, Seattle, WA, 98101",98101,ID00048,CAR,New Adopter
C946,R3450,T,20250101,1,173,0,14,14,Timothy Mccarthy,"3359 Harrell Center, Atlanta, GA, 30301",30301,ID00075,END,Aware Non-Prescriber
C159,R8575,B,20250305,2,171,8,19,27,Erin Simmons,"2413 Donna Village, New York, NY, 10001",10001,ID00028,NEP,Low-Volume Prescriber
C370,R2900,T,20250105,3,171,0,0,0,Sandra Mccoy,"96055 Megan Valley, Seattle, WA, 98101",98101,ID00133,CAR,Competitor Loyalist
C373,R2610,T,20250210,2,172,0,13,13,Devin Watkins,"915 Alejandro Dam Suite 837, Seattle, WA, 98101",98101,ID00134,CAR,Competitor Loyalist
C642,R5995,T,20250104,1,173,0,16,16,Lori Clark,"889 Curtis Summit Apt. 266, Atlanta, GA, 30301",30301,ID00104,NEP,Unaware
C135,R3068,B,20250417,3,171,20,44,64,Dr. Cynthia Miller,"725 Mills Forge, Seattle, WA, 98101",98101,ID00020,NEP,High-Volume Loyalist
C439,R2274,N,20250428,2,171,10,0,10,Heidi Lucero,"5415 Billy Key, Seattle, WA, 98101",98101,ID00049,NEP,New Adopter
C582,R1372,T,20250207,2,173,0,18,18,John Thomas,"03583 Duncan Walk Apt. 643, Seattle, WA, 98101",98101,ID00102,CAR,Unaware
C999,R7343,T,20250320,2,172,0,14,14,Lori Clark,"889 Curtis Summit Apt. 266, Atlanta, GA, 30301",30301,ID00104,NEP,Unaware
C214,R5808,B,20250405,2,171,20,40,60,Stephanie Hawkins,"2393 Oneill Corner, New York, NY, 10001",10001,ID00002,CAR,High-Volume Loyalist
C678,R4984,B,20250109,2,171,8,17,25,Kristin Woods,"6290 Harrington Pass, Atlanta, GA, 30301",30301,ID00032,NEP,Low-Volume Prescriber
C761,R8265,N,20250101,1,171,11,0,11,Ariana Bailey,"84002 Phillips Camp, Chicago, IL, 60601",60601,ID00046,END,New Adopter
C598,R8155,T,20250117,3,172,0,19,19,Michelle Peters,"68718 Rivera Motorway, Philadelphia, PA, 19103",19103,ID00128,END,Competitor Loyalist
C908,R5444,T,20250204,1,172,0,10,10,Mr. Scott Lopez,"99002 Vasquez Island Apt. 417, New York, NY, 10001",10001,ID00103,CAR,Unaware
C971,R5552,T,20250304,1,173,0,18,18,Luis Lozano,"59703 David Ford Apt. 715, Los Angeles, CA, 90001",90001,ID00131,END,Competitor Loyalist
C737,R9751,B,20250401,1,171,17,34,51,James Bradford,"48045 Natasha Vista Suite 907, Seattle, WA, 98101",98101,ID00007,END,High-Volume Loyalist
C406,R7391,T,20250324,1,173,0,16,16,Tina Reed,"19172 Miller Vista, Philadelphia, PA, 19103",19103,ID00139,END,Competitor Loyalist
C473,R7563,T,20250125,2,173,0,20,20,Jill Taylor,"10380 Owens Pine, Chicago, IL, 60601",60601,ID00082,END,Aware Non-Prescriber
C667,R2680,B,20250105,3,171,17,41,58,Jon Thomas,"14771 Patrick Ville, Seattle, WA, 98101",98101,ID00018,NEP,High-Volume Loyalist
C161,R1979,T,20250428,3,173,0,19,19,Jeffrey Salazar,"8770 Thomas Wells Apt. 251, New York, NY, 10001",10001,ID00090,NEP,Unaware
C542,R5747,T,20250110,1,172,0,10,10,Katrina Torres,"4105 King Ridges Apt. 254, Seattle, WA, 98101",98101,ID00099,NEP,Unaware
C909,R2284,B,20250210,2,171,10,12,22,Jonathan Lee,"582 Allison Glens Apt. 728, Chicago, IL, 60601",60601,ID00033,NEP,Low-Volume Prescriber
C612,R3524,N,20250102,2,171,0,0,0,Joy Diaz,"140 Donna Trafficway, Los Angeles, CA, 90001",90001,ID00119,CAR,Managed Care Restricted
C887,R7499,B,20250128,1,171,7,19,26,Jonathan Lee,"582 Allison Glens Apt. 728, Chicago, IL, 60601",60601,ID00033,NEP,Low-Volume Prescriber
C780,R7397,T,20250428,1,172,0,15,15,Bryan Johnson,"714 Watkins Unions Suite 059, Philadelphia, PA, 19103",19103,ID00137,END,Competitor Loyalist
C687,R3255,B,20250215,2,171,17,32,49,Dr. Cynthia Miller,"725 Mills Forge, Seattle, WA, 98101",98101,ID00020,NEP,High-Volume Loyalist
C515,R4281,B,20250213,3,171,0,0,0,Suzanne Barnett,"169 Carol Lights Apt. 195, New York, NY, 10001",10001,ID00078,CAR,Aware Non-Prescriber
C327,R4519,T,20241230,2,172,0,27,27,James Steele,"0564 Katherine Tunnel Apt. 235, Atlanta, GA, 30301",30301,ID00097,END,Unaware
C555,R6896,B,20250112,1,171,5,14,19,Daniel Smith,"404 Brenda Plains Suite 108, Atlanta, GA, 30301",30301,ID00034,END,Low-Volume Prescriber
C308,R9866,N,20250117,1,171,12,0,12,Jeffrey Norman,"2046 Steve River, Philadelphia, PA, 19103",19103,ID00064,NEP,New Adopter
C353,R1549,N,20250407,2,171,0,0,0,Eric Becker,"33578 Charles Camp Apt. 263, Seattle, WA, 98101",98101,ID00088,END,Unaware
C173,R9899,T,20250408,2,172,0,23,23,Eric Becker,"33578 Charles Camp Apt. 263, Seattle, WA, 98101",98101,ID00088,END,Unaware
C865,R2391,B,20250220,3,171,7,17,24,Heather Hall,"185 Peterson Unions, Atlanta, GA, 30301",30301,ID00044,CAR,Low-Volume Prescriber
C946,R8007,B,20250121,3,171,10,16,26,Jonathan Robinson,"338 Daniel Stravenue Apt. 058, Los Angeles, CA, 90001",90001,ID00027,END,Low-Volume Prescriber
C383,R6889,B,20250331,3,171,0,0,0,Bonnie Davis,"5907 Angela Valley, New York, NY, 10001",10001,ID00071,END,Aware Non-Prescriber
C633,R2117,T,20250307,1,173,0,25,25,Catherine Elliott,"605 Jessica Lodge, Chicago, IL, 60601",60601,ID00066,CAR,Aware Non-Prescriber
C968,R3717,T,20250304,1,171,0,0,0,Jonathan Joseph,"5976 Cabrera Orchard Suite 124, Chicago, IL, 60601",60601,ID00072,CAR,Aware Non-Prescriber
C746,R3373,T,20250318,2,172,0,28,28,James Warner,"222 Joseph Land Apt. 785, New York, NY, 10001",10001,ID00083,END,Aware Non-Prescriber
C173,R9899,T,20250408,2,173,0,28,28,Eric Becker,"33578 Charles Camp Apt. 263, Seattle, WA, 98101",98101,ID00088,END,Unaware
C298,R6206,T,20250111,2,172,0,13,13,Amy Ward,"777 Aaron Junctions, Philadelphia, PA, 19103",19103,ID00070,CAR,Aware Non-Prescriber
C573,R7782,N,20250423,2,171,0,0,0,Daniel Cooper,"16128 Tracy Burg Apt. 578, Atlanta, GA, 30301",30301,ID00117,CAR,Managed Care Restricted
C814,R4617,T,20250209,3,173,0,27,27,Katrina Torres,"4105 King Ridges Apt. 254, Seattle, WA, 98101",98101,ID00099,NEP,Unaware
C700,R3320,N,20250106,1,171,10,0,10,Jodi Griffith,"37360 Beth Coves Apt. 692, Seattle, WA, 98101",98101,ID00048,CAR,New Adopter
C324,R7730,T,20250420,2,172,0,21,21,Timothy Mccarthy,"3359 Harrell Center, Atlanta, GA, 30301",30301,ID00075,END,Aware Non-Prescriber
C327,R7075,B,20250110,1,171,0,0,0,Stephen Smith,"295 Randolph Skyway, Philadelphia, PA, 19103",19103,ID00077,END,Aware Non-Prescriber
C490,R2857,T,20250104,3,173,0,23,23,Dean Dunn,"68691 Candace Center, Los Angeles, CA, 90001",90001,ID00067,NEP,Aware Non-Prescriber
C686,R3502,T,20250221,1,172,0,25,25,Mrs. Kristin Rodriguez,"484 Caldwell Ways Apt. 822, New York, NY, 10001",10001,ID00105,NEP,Unaware
C564,R2127,T,20250201,1,172,0,11,11,Timothy Mccarthy,"3359 Harrell Center, Atlanta, GA, 30301",30301,ID00075,END,Aware Non-Prescriber
C683,R3931,T,20250324,1,173,0,15,15,Cynthia Graves,"1646 Samuel Crescent Suite 809, New York, NY, 10001",10001,ID00095,NEP,Unaware
C679,R4027,T,20250324,3,173,0,12,12,James Rhodes,"28272 Mary Lane, Houston, TX, 77001",77001,ID00136,CAR,Competitor Loyalist
C338,R9279,B,20250103,1,171,11,36,47,Michelle Elliott,"8851 Kevin Cliff, Atlanta, GA, 30301",30301,ID00001,CAR,High-Volume Loyalist
C776,R5445,T,20250107,2,172,0,27,27,Mr. Scott Lopez,"99002 Vasquez Island Apt. 417, New York, NY, 10001",10001,ID00103,CAR,Unaware
C622,R2868,B,20250127,2,171,12,32,44,John Campbell,"53474 Jeffrey Estates, Seattle, WA, 98101",98101,ID00016,END,High-Volume Loyalist
C727,R1893,N,20250222,2,171,0,0,0,Patrick Hall,"344 Williams Extension, Houston, TX, 77001",77001,ID00110,END,Managed Care Restricted
C860,R9784,N,20250218,3,171,0,0,0,Michael Brown,"87331 Julian Center Suite 186, Atlanta, GA, 30301",30301,ID00109,NEP,Managed Care Restricted
C377,R8289,T,20250330,2,172,0,25,25,James Warner,"222 Joseph Land Apt. 785, New York, NY, 10001",10001,ID00083,END,Aware Non-Prescriber
C893,R6004,T,20250227,2,172,0,21,21,Bonnie Davis,"5907 Angela Valley, New York, NY, 10001",10001,ID00071,END,Aware Non-Prescriber
C323,R5408,T,20250228,2,172,0,17,17,Valerie Smith,"2865 Rodriguez Pike Apt. 296, New York, NY, 10001",10001,ID00080,NEP,Aware Non-Prescriber
C432,R9363,B,20250121,2,171,0,0,0,James Warner,"222 Joseph Land Apt. 785, New York, NY, 10001",10001,ID00083,END,Aware Non-Prescriber
C797,R1500,N,20250218,3,171,9,0,9,Dwayne Jones,"111 Vance Passage, Los Angeles, CA, 90001",90001,ID00054,END,New Adopter
C705,R8480,T,20250116,3,171,0,0,0,Brittany Christensen,"828 Brandon Square Apt. 201, Chicago, IL, 60601",60601,ID00085,END,Aware Non-Prescriber
C271,R4454,T,20250401,3,172,0,27,27,Sandra Mccoy,"96055 Megan Valley, Seattle, WA, 98101",98101,ID00133,CAR,Competitor Loyalist
C984,R4625,B,20250208,2,171,5,19,24,Tina Wilson,"63359 Blake Center, Philadelphia, PA, 19103",19103,ID00031,NEP,Low-Volume Prescriber
C164,R3739,B,20250206,2,171,8,12,20,Daniel Smith,"404 Brenda Plains Suite 108, Atlanta, GA, 30301",30301,ID00034,END,Low-Volume Prescriber
C557,R1186,N,20250414,3,171,13,0,13,Heidi Lucero,"5415 Billy Key, Seattle, WA, 98101",98101,ID00049,NEP,New Adopter
C318,R7570,B,20250120,2,171,17,45,62,Andrea Miller,"677 Johnson Rue, Chicago, IL, 60601",60601,ID00003,END,High-Volume Loyalist
C491,R7366,T,20250203,1,173,0,13,13,James Rhodes,"28272 Mary Lane, Houston, TX, 77001",77001,ID00136,CAR,Competitor Loyalist
C769,R7201,T,20250312,1,173,0,26,26,Alan Wilson,"562 Steele Brooks, Philadelphia, PA, 19103",19103,ID00073,END,Aware Non-Prescriber
C726,R9666,B,20250119,2,171,18,39,57,Jill King,"9346 Eric Highway, Los Angeles, CA, 90001",90001,ID00004,NEP,High-Volume Loyalist
C295,R6254,T,20250214,2,173,0,16,16,John Jones,"27478 Holland Mountains, Philadelphia, PA, 19103",19103,ID00101,END,Unaware
C398,R7389,T,20250225,3,171,0,0,0,Timothy Lewis,"60203 Cindy Lock, Atlanta, GA, 30301",30301,ID00126,CAR,Competitor Loyalist
C277,R4158,N,20250219,1,171,8,0,8,Stephanie Jackson,"336 Catherine Terrace Apt. 956, Philadelphia, PA, 19103",19103,ID00053,CAR,New Adopter
C486,R6868,T,20250101,3,172,0,26,26,Stephen Lopez,"736 Graham Inlet, Atlanta, GA, 30301",30301,ID00091,CAR,Unaware
C838,R4522,B,20250418,3,171,20,47,67,Jason Webster,"36796 Ballard Fork Suite 800, Houston, TX, 77001",77001,ID00014,END,High-Volume Loyalist
C598,R8155,T,20250117,3,172,0,30,30,Michelle Peters,"68718 Rivera Motorway, Philadelphia, PA, 19103",19103,ID00128,END,Competitor Loyalist
C641,R2436,N,20250402,3,171,0,0,0,Kevin Vaughan,"66337 Lyons Island, Atlanta, GA, 30301",30301,ID00115,CAR,Managed Care Restricted
C362,R1804,T,20250329,3,172,0,26,26,Lisa Guerrero,"897 Amanda Circles, Houston, TX, 77001",77001,ID00094,NEP,Unaware
C419,R6293,N,20250217,3,171,0,0,0,Amy Terry,"7327 Gary Ways Suite 354, Seattle, WA, 98101",98101,ID00089,NEP,Unaware
C316,R7760,T,20250404,3,172,0,13,13,John Walsh,"0193 Mcclain Circles Suite 081, Philadelphia, PA, 19103",19103,ID00069,END,Aware Non-Prescriber
C939,R8373,T,20250222,3,171,0,0,0,Renee Montoya,"42137 Susan Groves Suite 215, Houston, TX, 77001",77001,ID00129,NEP,Competitor Loyalist
C480,R8597,T,20250207,2,172,0,15,15,Tiffany Mckee,"9995 Hill Loop, Chicago, IL, 60601",60601,ID00087,CAR,Unaware
C242,R5961,B,20250413,2,171,10,17,27,Amanda Thompson,"199 Angela Circles, New York, NY, 10001",10001,ID00035,NEP,Low-Volume Prescriber
C835,R6640,T,20250426,2,173,0,13,13,Michelle Ross,"5963 Connor Spring, Houston, TX, 77001",77001,ID00127,NEP,Competitor Loyalist
C832,R5243,T,20250425,2,173,0,14,14,Bryan Johnson,"714 Watkins Unions Suite 059, Philadelphia, PA, 19103",19103,ID00137,END,Competitor Loyalist
C303,R4272,N,20250409,1,171,15,0,15,Vincent Sanders,"5175 Lance Hills, Houston, TX, 77001",77001,ID00059,NEP,New Adopter
C150,R2784,N,20250210,1,171,0,0,0,Pamela Davis,"26187 Lee View, Atlanta, GA, 30301",30301,ID00113,END,Managed Care Restricted
C157,R5366,N,20250416,1,171,0,0,0,Eric Becker,"33578 Charles Camp Apt. 263, Seattle, WA, 98101",98101,ID00088,END,Unaware
C560,R5844,T,20250307,1,173,0,16,16,Tiffany Gonzalez,"266 Robertson Heights, Los Angeles, CA, 90001",90001,ID00092,END,Unaware
C492,R9246,N,20250207,1,171,9,0,9,Eduardo Adams,"1440 Rodriguez Turnpike Suite 678, Houston, TX, 77001",77001,ID00057,END,New Adopter
C482,R3555,T,20250124,3,173,0,21,21,John Jones,"27478 Holland Mountains, Philadelphia, PA, 19103",19103,ID00101,END,Unaware
C365,R7857,N,20250323,2,171,12,0,12,Amanda Gillespie,"16188 Krystal Place, Atlanta, GA, 30301",30301,ID00055,NEP,New Adopter
C297,R9621,T,20250217,1,173,0,16,16,Cynthia Graves,"1646 Samuel Crescent Suite 809, New York, NY, 10001",10001,ID00095,NEP,Unaware
C681,R8917,T,20250103,1,173,0,30,30,Renee Montoya,"42137 Susan Groves Suite 215, Houston, TX, 77001",77001,ID00129,NEP,Competitor Loyalist
C548,R5828,N,20250302,3,171,0,0,0,Stephen Lopez,"736 Graham Inlet, Atlanta, GA, 30301",30301,ID00091,CAR,Unaware
C680,R6155,B,20250219,2,171,11,36,47,Michelle Elliott,"8851 Kevin Cliff, Atlanta, GA, 30301",30301,ID00001,CAR,High-Volume Loyalist
C237,R5333,B,20250308,1,171,5,16,21,Dr. Ann Richards,"943 Valdez Haven, Chicago, IL, 60601",60601,ID00023,NEP,Low-Volume Prescriber
C558,R7505,T,20250214,2,173,0,12,12,John Garcia,"59147 Keith Drives, New York, NY, 10001",10001,ID00096,CAR,Unaware
C195,R4872,B,20250105,3,171,18,30,48,Andrea Miller,"677 Johnson Rue, Chicago, IL, 60601",60601,ID00003,END,High-Volume Loyalist
C604,R5501,B,20250215,3,171,0,0,0,Reginald Baker,"502 John Extension, Houston, TX, 77001",77001,ID00081,NEP,Aware Non-Prescriber
C364,R6954,N,20250419,3,171,0,0,0,Jean Christian,"8530 Mata Shores, Los Angeles, CA, 90001",90001,ID00123,END,Managed Care Restricted
C771,R9051,T,20241231,1,173,0,14,14,Lisa Guerrero,"897 Amanda Circles, Houston, TX, 77001",77001,ID00094,NEP,Unaware
C752,R8460,N,20250205,1,171,0,0,0,David Mccoy,"65524 Thomas Track, Chicago, IL, 60601",60601,ID00086,CAR,Unaware
C890,R5767,T,20250214,2,173,0,14,14,Jonathan Joseph,"5976 Cabrera Orchard Suite 124, Chicago, IL, 60601",60601,ID00072,CAR,Aware Non-Prescriber
C678,R3450,T,20250208,3,172,0,28,28,Katrina Torres,"4105 King Ridges Apt. 254, Seattle, WA, 98101",98101,ID00099,NEP,Unaware
C251,R3165,N,20250409,2,171,0,0,0,Katrina Torres,"4105 King Ridges Apt. 254, Seattle, WA, 98101",98101,ID00099,NEP,Unaware
C384,R3973,B,20250228,3,171,20,44,64,Thomas Rhodes,"890 Dylan Trail, Atlanta, GA, 30301",30301,ID00010,NEP,High-Volume Loyalist
C354,R7304,T,20250114,3,173,0,29,29,Eric Becker,"33578 Charles Camp Apt. 263, Seattle, WA, 98101",98101,ID00088,END,Unaware
C316,R7760,T,20250404,3,172,0,30,30,John Walsh,"0193 Mcclain Circles Suite 081, Philadelphia, PA, 19103",19103,ID00069,END,Aware Non-Prescriber
C825,R5911,B,20250304,3,171,9,17,26,Jennifer Rodriguez,"943 Amber Park, Los Angeles, CA, 90001",90001,ID00024,NEP,Low-Volume Prescriber
C857,R9814,T,20250210,1,173,0,26,26,John Thomas,"03583 Duncan Walk Apt. 643, Seattle, WA, 98101",98101,ID00102,CAR,Unaware
C439,R6911,T,20250422,1,173,0,17,17,Catherine Elliott,"605 Jessica Lodge, Chicago, IL, 60601",60601,ID00066,CAR,Aware Non-Prescriber
C108,R9362,T,20250110,3,173,0,25,25,Michelle Ross,"5963 Connor Spring, Houston, TX, 77001",77001,ID00127,NEP,Competitor Loyalist
C716,R2938,B,20250122,1,171,0,0,0,Peter Morse,"83908 Garcia Turnpike, Chicago, IL, 60601",60601,ID00074,CAR,Aware Non-Prescriber
C389,R2867,N,20250221,1,171,9,0,9,Vincent Sanders,"5175 Lance Hills, Houston, TX, 77001",77001,ID00059,NEP,New Adopter
C313,R8746,T,20250306,3,172,0,12,12,Amy Terry,"7327 Gary Ways Suite 354, Seattle, WA, 98101",98101,ID00089,NEP,Unaware
C926,R9570,T,20250114,1,172,0,11,11,Michael Garcia,"29926 Kathryn Overpass, Los Angeles, CA, 90001",90001,ID00140,END,Competitor Loyalist
C226,R9966,N,20250221,2,171,14,0,14,Caitlin Armstrong,"82936 Rebecca Drives, Chicago, IL, 60601",60601,ID00058,END,New Adopter
C297,R4707,N,20250116,1,171,0,0,0,Brianna Murray,"194 Maddox Mews, Houston, TX, 77001",77001,ID00108,END,Managed Care Restricted
C228,R8992,T,20250308,1,173,0,11,11,Stephen Lopez,"736 Graham Inlet, Atlanta, GA, 30301",30301,ID00091,CAR,Unaware
C769,R7201,T,20250312,1,173,0,19,19,Alan Wilson,"562 Steele Brooks, Philadelphia, PA, 19103",19103,ID00073,END,Aware Non-Prescriber
C164,R9830,T,20250209,3,173,0,19,19,Tiffany Gonzalez,"266 Robertson Heights, Los Angeles, CA, 90001",90001,ID00092,END,Unaware
C362,R1804,T,20250329,3,172,0,26,26,Lisa Guerrero,"897 Amanda Circles, Houston, TX, 77001",77001,ID00094,NEP,Unaware
C913,R6555,B,20250115,1,171,8,15,23,Jennifer Rodriguez,"943 Amber Park, Los Angeles, CA, 90001",90001,ID00024,NEP,Low-Volume Prescriber
C884,R6864,T,20250404,1,172,0,28,28,Cynthia Graves,"1646 Samuel Crescent Suite 809, New York, NY, 10001",10001,ID00095,NEP,Unaware
C654,R1987,B,20250104,2,171,7,11,18,Erin Simmons,"2413 Donna Village, New York, NY, 10001",10001,ID00028,NEP,Low-Volume Prescriber
C730,R5603,T,20250131,1,172,0,11,11,Luis Lozano,"59703 David Ford Apt. 715, Los Angeles, CA, 90001",90001,ID00131,END,Competitor Loyalist
C548,R5828,T,20250302,3,172,0,11,11,Stephen Lopez,"736 Graham Inlet, Atlanta, GA, 30301",30301,ID00091,CAR,Unaware
C674,R1144,T,20250205,1,172,0,13,13,Catherine Elliott,"605 Jessica Lodge, Chicago, IL, 60601",60601,ID00066,CAR,Aware Non-Prescriber
C810,R5906,B,20250420,1,171,17,35,52,John Villa,"71110 Garza Ridge Apt. 137, Los Angeles, CA, 90001",90001,ID00012,NEP,High-Volume Loyalist
C302,R8993,T,20250301,3,173,0,20,20,Audrey Ruiz,"8055 Martha Curve Apt. 773, Philadelphia, PA, 19103",19103,ID00100,END,Unaware
C927,R9871,N,20250109,3,171,13,0,13,Kaitlyn Schwartz,"863 Stacy Spurs Suite 299, Atlanta, GA, 30301",30301,ID00051,CAR,New Adopter
C233,R1235,T,20250329,3,173,0,30,30,Michael Garcia,"29926 Kathryn Overpass, Los Angeles, CA, 90001",90001,ID00140,END,Competitor Loyalist
C170,R1659,B,20250105,2,171,13,50,63,James Bradford,"48045 Natasha Vista Suite 907, Seattle, WA, 98101",98101,ID00007,END,High-Volume Loyalist
C579,R1994,T,20250427,1,172,0,30,30,Lisa Guerrero,"897 Amanda Circles, Houston, TX, 77001",77001,ID00094,NEP,Unaware
C785,R2562,B,20250305,2,171,5,16,21,Jonathan Robinson,"338 Daniel Stravenue Apt. 058, Los Angeles, CA, 90001",90001,ID00027,END,Low-Volume Prescriber
C174,R6207,T,20250302,3,173,0,14,14,Catherine Elliott,"605 Jessica Lodge, Chicago, IL, 60601",60601,ID00066,CAR,Aware Non-Prescriber
C163,R4641,B,20250112,1,171,5,10,15,Michael Campbell,"272 Glass Prairie, Atlanta, GA, 30301",30301,ID00045,END,Low-Volume Prescriber
C948,R1206,N,20250413,2,171,0,0,0,Eric Becker,"33578 Charles Camp Apt. 263, Seattle, WA, 98101",98101,ID00088,END,Unaware
C445,R3591,T,20250219,3,173,0,25,25,John Garcia,"59147 Keith Drives, New York, NY, 10001",10001,ID00096,CAR,Unaware
C848,R8511,B,20250209,3,171,5,11,16,Brian Roberts,"4298 Lowery Garden Suite 160, Los Angeles, CA, 90001",90001,ID00039,CAR,Low-Volume Prescriber
C523,R8904,T,20250327,2,171,0,0,0,Stephen Smith,"295 Randolph Skyway, Philadelphia, PA, 19103",19103,ID00077,END,Aware Non-Prescriber
C679,R4027,T,20250324,3,172,0,19,19,James Rhodes,"28272 Mary Lane, Houston, TX, 77001",77001,ID00136,CAR,Competitor Loyalist
C384,R1106,B,20250221,1,171,17,48,65,Michelle Elliott,"8851 Kevin Cliff, Atlanta, GA, 30301",30301,ID00001,CAR,High-Volume Loyalist
C762,R7732,T,20250301,1,173,0,30,30,Peter Morse,"83908 Garcia Turnpike, Chicago, IL, 60601",60601,ID00074,CAR,Aware Non-Prescriber
C659,R9573,T,20250126,1,173,0,13,13,John Thomas,"03583 Duncan Walk Apt. 643, Seattle, WA, 98101",98101,ID00102,CAR,Unaware
C353,R1549,T,20250407,2,173,0,10,10,Eric Becker,"33578 Charles Camp Apt. 263, Seattle, WA, 98101",98101,ID00088,END,Unaware
C772,R4951,N,20250119,1,171,11,0,11,Benjamin Tucker,"9040 Smith Causeway, Los Angeles, CA, 90001",90001,ID00047,END,New Adopter
C508,R9221,T,20250201,1,173,0,22,22,Audrey Ruiz,"8055 Martha Curve Apt. 773, Philadelphia, PA, 19103",19103,ID00100,END,Unaware
C659,R7012,T,20250202,2,173,0,18,18,Renee Montoya,"42137 Susan Groves Suite 215, Houston, TX, 77001",77001,ID00129,NEP,Competitor Loyalist
C193,R8700,B,20250314,2,171,20,45,65,Thomas Rhodes,"890 Dylan Trail, Atlanta, GA, 30301",30301,ID00010,NEP,High-Volume Loyalist
C522,R4080,T,20250412,2,173,0,24,24,David Mccoy,"65524 Thomas Track, Chicago, IL, 60601",60601,ID00086,CAR,Unaware
C512,R9447,B,20250225,1,171,10,11,21,Brian Roberts,"4298 Lowery Garden Suite 160, Los Angeles, CA, 90001",90001,ID00039,CAR,Low-Volume Prescriber
C468,R2767,N,20250324,3,171,0,0,0,Mr. Scott Lopez,"99002 Vasquez Island Apt. 417, New York, NY, 10001",10001,ID00103,CAR,Unaware
C147,R1653,T,20250217,2,173,0,10,10,Alan Wilson,"562 Steele Brooks, Philadelphia, PA, 19103",19103,ID00073,END,Aware Non-Prescriber
C134,R1388,T,20250131,1,173,0,17,17,John Church,"5132 Crystal Prairie, Los Angeles, CA, 90001",90001,ID00135,NEP,Competitor Loyalist
C515,R2752,N,20250305,1,171,0,0,0,Alexandra Clark,"7622 Johnson Greens, Houston, TX, 77001",77001,ID00124,END,Managed Care Restricted
C619,R9843,B,20250118,1,171,14,33,47,Jon Thomas,"14771 Patrick Ville, Seattle, WA, 98101",98101,ID00018,NEP,High-Volume Loyalist
C430,R7714,T,20250318,2,173,0,15,15,Manuel Young,"36774 James Fords Apt. 798, New York, NY, 10001",10001,ID00093,NEP,Unaware
C853,R3262,T,20250313,2,173,0,29,29,Stephen Smith,"295 Randolph Skyway, Philadelphia, PA, 19103",19103,ID00077,END,Aware Non-Prescriber
C542,R5747,T,20250110,1,172,0,28,28,Katrina Torres,"4105 King Ridges Apt. 254, Seattle, WA, 98101",98101,ID00099,NEP,Unaware
C116,R3854,B,20250410,1,171,19,40,59,Jason Webster,"36796 Ballard Fork Suite 800, Houston, TX, 77001",77001,ID00014,END,High-Volume Loyalist
C598,R8155,T,20250117,3,171,0,0,0,Michelle Peters,"68718 Rivera Motorway, Philadelphia, PA, 19103",19103,ID00128,END,Competitor Loyalist
C254,R1241,T,20250128,1,173,0,25,25,Tiffany Mckee,"9995 Hill Loop, Chicago, IL, 60601",60601,ID00087,CAR,Unaware
C701,R3362,B,20250427,2,171,5,13,18,Jonathan Lee,"582 Allison Glens Apt. 728, Chicago, IL, 60601",60601,ID00033,NEP,Low-Volume Prescriber
C771,R1396,N,20250212,3,171,0,0,0,John Jones,"27478 Holland Mountains, Philadelphia, PA, 19103",19103,ID00101,END,Unaware
C828,R7271,T,20250320,2,171,0,0,0,Michelle Ross,"5963 Connor Spring, Houston, TX, 77001",77001,ID00127,NEP,Competitor Loyalist
C273,R6729,N,20250407,2,171,0,0,0,John Jones,"27478 Holland Mountains, Philadelphia, PA, 19103",19103,ID00101,END,Unaware
C858,R4996,B,20250322,1,171,10,12,22,Holly Johnson,"364 Donald Locks Suite 870, Seattle, WA, 98101",98101,ID00036,NEP,Low-Volume Prescriber
C739,R1447,T,20250412,3,171,0,0,0,Luis Lozano,"59703 David Ford Apt. 715, Los Angeles, CA, 90001",90001,ID00131,END,Competitor Loyalist
C620,R2312,B,20250304,3,171,12,31,43,Andrea Miller,"677 Johnson Rue, Chicago, IL, 60601",60601,ID00003,END,High-Volume Loyalist
C661,R8913,T,20250405,2,172,0,24,24,John Thomas,"03583 Duncan Walk Apt. 643, Seattle, WA, 98101",98101,ID00102,CAR,Unaware
C120,R6221,N,20250108,1,171,12,0,12,Heidi Lucero,"5415 Billy Key, Seattle, WA, 98101",98101,ID00049,NEP,New Adopter
C355,R1541,N,20250421,1,171,8,0,8,Stephanie Jackson,"336 Catherine Terrace Apt. 956, Philadelphia, PA, 19103",19103,ID00053,CAR,New Adopter
C571,R6827,T,20250111,1,173,0,24,24,James Steele,"0564 Katherine Tunnel Apt. 235, Atlanta, GA, 30301",30301,ID00097,END,Unaware
C745,R6886,T,20250423,1,171,0,0,0,Tina Reed,"19172 Miller Vista, Philadelphia, PA, 19103",19103,ID00139,END,Competitor Loyalist
C822,R5479,B,20250303,3,171,14,46,60,Mark Hunt,"050 Smith Land Apt. 308, Seattle, WA, 98101",98101,ID00011,END,High-Volume Loyalist
C134,R1388,T,20250131,1,171,0,0,0,John Church,"5132 Crystal Prairie, Los Angeles, CA, 90001",90001,ID00135,NEP,Competitor Loyalist
C885,R1430,B,20250313,1,171,16,47,63,Jillian Hall,"63505 Sheryl Mountains, Seattle, WA, 98101",98101,ID00015,CAR,High-Volume Loyalist
C975,R8408,B,20250201,1,171,5,16,21,Michael Campbell,"272 Glass Prairie, Atlanta, GA, 30301",30301,ID00045,END,Low-Volume Prescriber
C777,R5122,T,20250115,3,172,0,13,13,Tammy Rivera,"7813 Bradshaw Lane, Los Angeles, CA, 90001",90001,ID00084,NEP,Aware Non-Prescriber
C904,R8972,T,20250116,3,172,0,19,19,Jill Taylor,"10380 Owens Pine, Chicago, IL, 60601",60601,ID00082,END,Aware Non-Prescriber
C297,R9621,T,20250217,1,173,0,11,11,Cynthia Graves,"1646 Samuel Crescent Suite 809, New York, NY, 10001",10001,ID00095,NEP,Unaware
C919,R6172,T,20250326,3,171,0,0,0,Paul Solomon,"98394 Leroy Garden Apt. 332, Houston, TX, 77001",77001,ID00079,END,Aware Non-Prescriber
C610,R1071,N,20250226,3,171,10,0,10,John Allen,"6872 Katie Ford, Houston, TX, 77001",77001,ID00063,CAR,New Adopter
C105,R1116,T,20250220,2,173,0,25,25,Tammy Rose,"86335 Lawson Ranch Apt. 743, Los Angeles, CA, 90001",90001,ID00076,END,Aware Non-Prescriber
C890,R5767,T,20250214,2,171,0,0,0,Jonathan Joseph,"5976 Cabrera Orchard Suite 124, Chicago, IL, 60601",60601,ID00072,CAR,Aware Non-Prescriber
C102,R7396,B,20250424,1,171,12,42,54,Andrea Miller,"677 Johnson Rue, Chicago, IL, 60601",60601,ID00003,END,High-Volume Loyalist
C122,R5521,T,20250418,2,172,0,14,14,James Steele,"0564 Katherine Tunnel Apt. 235, Atlanta, GA, 30301",30301,ID00097,END,Unaware
C828,R7271,T,20250320,2,173,0,28,28,Michelle Ross,"5963 Connor Spring, Houston, TX, 77001",77001,ID00127,NEP,Competitor Loyalist
C378,R9060,T,20250319,2,172,0,25,25,David Mccoy,"65524 Thomas Track, Chicago, IL, 60601",60601,ID00086,CAR,Unaware
C235,R2778,B,20250128,2,171,0,0,0,Timothy Mccarthy,"3359 Harrell Center, Atlanta, GA, 30301",30301,ID00075,END,Aware Non-Prescriber
C532,R4006,B,20250123,3,171,17,34,51,Andrea Miller,"677 Johnson Rue, Chicago, IL, 60601",60601,ID00003,END,High-Volume Loyalist
C531,R7631,T,20250420,1,172,0,23,23,James Warner,"222 Joseph Land Apt. 785, New York, NY, 10001",10001,ID00083,END,Aware Non-Prescriber
C845,R1691,T,20250119,3,172,0,26,26,Amy Terry,"7327 Gary Ways Suite 354, Seattle, WA, 98101",98101,ID00089,NEP,Unaware
C686,R3406,T,20250116,3,173,0,22,22,Peter Morse,"83908 Garcia Turnpike, Chicago, IL, 60601",60601,ID00074,CAR,Aware Non-Prescriber
C431,R2467,T,20250408,2,172,0,23,23,Audrey Ruiz,"8055 Martha Curve Apt. 773, Philadelphia, PA, 19103",19103,ID00100,END,Unaware
C982,R6925,B,20250310,2,171,20,49,69,Michelle Elliott,"8851 Kevin Cliff, Atlanta, GA, 30301",30301,ID00001,CAR,High-Volume Loyalist
C943,R7671,N,20250123,2,171,11,0,11,Stephanie Jackson,"336 Catherine Terrace Apt. 956, Philadelphia, PA, 19103",19103,ID00053,CAR,New Adopter
C663,R6319,T,20250424,2,172,0,14,14,John Garcia,"59147 Keith Drives, New York, NY, 10001",10001,ID00096,CAR,Unaware
C184,R3077,T,20250204,2,173,0,11,11,Luis Lozano,"59703 David Ford Apt. 715, Los Angeles, CA, 90001",90001,ID00131,END,Competitor Loyalist
C423,R1137,T,20250226,1,173,0,26,26,Reginald Baker,"502 John Extension, Houston, TX, 77001",77001,ID00081,NEP,Aware Non-Prescriber
C744,R7229,B,20250314,2,171,6,18,24,Jennifer Rodriguez,"943 Amber Park, Los Angeles, CA, 90001",90001,ID00024,NEP,Low-Volume Prescriber
C771,R1396,T,20250212,3,173,0,17,17,John Jones,"27478 Holland Mountains, Philadelphia, PA, 19103",19103,ID00101,END,Unaware
C519,R9849,N,20250210,1,171,11,0,11,Robert Hernandez,"450 Michael Heights Suite 689, Atlanta, GA, 30301",30301,ID00050,CAR,New Adopter
C681,R8917,T,20250103,1,173,0,12,12,Renee Montoya,"42137 Susan Groves Suite 215, Houston, TX, 77001",77001,ID00129,NEP,Competitor Loyalist
C873,R1003,T,20250422,3,173,0,27,27,Timothy Lewis,"60203 Cindy Lock, Atlanta, GA, 30301",30301,ID00126,CAR,Competitor Loyalist
C937,R4825,T,20250224,1,173,0,23,23,John Jones,"27478 Holland Mountains, Philadelphia, PA, 19103",19103,ID00101,END,Unaware
C497,R4978,B,20250221,3,171,9,12,21,Douglas Mcclain,"09854 Barrett Stravenue, Philadelphia, PA, 19103",19103,ID00030,NEP,Low-Volume Prescriber
C576,R5315,N,20250104,2,171,15,0,15,Kaitlyn Schwartz,"863 Stacy Spurs Suite 299, Atlanta, GA, 30301",30301,ID00051,CAR,New Adopter
C146,R4976,T,20250425,3,171,0,0,0,Michael Garcia,"29926 Kathryn Overpass, Los Angeles, CA, 90001",90001,ID00140,END,Competitor Loyalist
C230,R3639,T,20250101,1,171,0,0,0,Peter Morse,"83908 Garcia Turnpike, Chicago, IL, 60601",60601,ID00074,CAR,Aware Non-Prescriber
C513,R2148,T,20250301,2,171,0,0,0,Alejandro Gould,"48615 Craig Tunnel, New York, NY, 10001",10001,ID00138,NEP,Competitor Loyalist
C165,R7797,B,20250128,2,171,12,36,48,Kristin Elliott,"294 Schroeder Garden Apt. 703, Houston, TX, 77001",77001,ID00006,END,High-Volume Loyalist
C968,R6185,N,20250222,3,171,0,0,0,Kevin Vaughan,"66337 Lyons Island, Atlanta, GA, 30301",30301,ID00115,CAR,Managed Care Restricted
C783,R5889,N,20250418,1,171,0,0,0,Pamela Davis,"26187 Lee View, Atlanta, GA, 30301",30301,ID00113,END,Managed Care Restricted
C180,R7243,B,20250302,3,171,0,0,0,James Warner,"222 Joseph Land Apt. 785, New York, NY, 10001",10001,ID00083,END,Aware Non-Prescriber
C752,R8460,T,20250205,1,172,0,18,18,David Mccoy,"65524 Thomas Track, Chicago, IL, 60601",60601,ID00086,CAR,Unaware
C809,R2110,N,20250201,1,171,11,0,11,Heidi Lucero,"5415 Billy Key, Seattle, WA, 98101",98101,ID00049,NEP,New Adopter
C752,R6797,T,20250426,3,173,0,20,20,Devin Watkins,"915 Alejandro Dam Suite 837, Seattle, WA, 98101",98101,ID00134,CAR,Competitor Loyalist
C879,R8989,T,20250213,1,173,0,20,20,Jonathan Joseph,"5976 Cabrera Orchard Suite 124, Chicago, IL, 60601",60601,ID00072,CAR,Aware Non-Prescriber
C575,R7533,T,20250105,1,172,0,22,22,Sandra Mccoy,"96055 Megan Valley, Seattle, WA, 98101",98101,ID00133,CAR,Competitor Loyalist
C565,R7618,T,20250127,3,172,0,21,21,Suzanne Barnett,"169 Carol Lights Apt. 195, New York, NY, 10001",10001,ID00078,CAR,Aware Non-Prescriber
C828,R1941,T,20250428,2,172,0,19,19,Suzanne Barnett,"169 Carol Lights Apt. 195, New York, NY, 10001",10001,ID00078,CAR,Aware Non-Prescriber
C447,R1918,T,20250101,1,173,0,21,21,Michael Garcia,"29926 Kathryn Overpass, Los Angeles, CA, 90001",90001,ID00140,END,Competitor Loyalist
C687,R5011,N,20250330,2,171,0,0,0,Jessica Chan,"3929 William Court Suite 842, Seattle, WA, 98101",98101,ID00122,END,Managed Care Restricted
C482,R4014,N,20250331,3,171,0,0,0,Olivia Ortiz,"37350 Rodriguez Garden, Houston, TX, 77001",77001,ID00107,CAR,Managed Care Restricted
C153,R4568,T,20250124,2,173,0,12,12,Amy Terry,"7327 Gary Ways Suite 354, Seattle, WA, 98101",98101,ID00089,NEP,Unaware
C629,R5121,T,20250214,3,171,0,0,0,Alan Wilson,"562 Steele Brooks, Philadelphia, PA, 19103",19103,ID00073,END,Aware Non-Prescriber
C119,R8532,B,20250108,2,171,10,43,53,John Campbell,"53474 Jeffrey Estates, Seattle, WA, 98101",98101,ID00016,END,High-Volume Loyalist
C257,R5726,T,20250416,2,172,0,21,21,Michelle Peters,"68718 Rivera Motorway, Philadelphia, PA, 19103",19103,ID00128,END,Competitor Loyalist
C395,R8195,B,20250120,2,171,19,48,67,Thomas Rhodes,"890 Dylan Trail, Atlanta, GA, 30301",30301,ID00010,NEP,High-Volume Loyalist
C478,R5669,B,20250428,2,171,11,37,48,Jill King,"9346 Eric Highway, Los Angeles, CA, 90001",90001,ID00004,NEP,High-Volume Loyalist
C441,R5961,T,20250428,2,173,0,23,23,Alejandro Gould,"48615 Craig Tunnel, New York, NY, 10001",10001,ID00138,NEP,Competitor Loyalist
C663,R6319,T,20250424,2,172,0,29,29,John Garcia,"59147 Keith Drives, New York, NY, 10001",10001,ID00096,CAR,Unaware
C999,R2522,N,20250423,2,171,12,0,12,Jocelyn Norris,"170 Bonnie Isle Apt. 987, New York, NY, 10001",10001,ID00060,END,New Adopter
C862,R5162,T,20250407,3,172,0,15,15,John Garcia,"59147 Keith Drives, New York, NY, 10001",10001,ID00096,CAR,Unaware
C557,R4205,T,20250318,3,173,0,22,22,Timothy Lewis,"60203 Cindy Lock, Atlanta, GA, 30301",30301,ID00126,CAR,Competitor Loyalist
C111,R3316,T,20250206,3,173,0,27,27,John Walsh,"0193 Mcclain Circles Suite 081, Philadelphia, PA, 19103",19103,ID00069,END,Aware Non-Prescriber
C206,R8306,T,20250111,3,173,0,29,29,John Church,"5132 Crystal Prairie, Los Angeles, CA, 90001",90001,ID00135,NEP,Competitor Loyalist
C356,R1646,T,20250401,1,172,0,25,25,Stephen Lopez,"736 Graham Inlet, Atlanta, GA, 30301",30301,ID00091,CAR,Unaware
C776,R5445,N,20250107,2,171,0,0,0,Mr. Scott Lopez,"99002 Vasquez Island Apt. 417, New York, NY, 10001",10001,ID00103,CAR,Unaware
C343,R4553,N,20250317,2,171,0,0,0,Ryan Evans,"1962 Burns Mission, Houston, TX, 77001",77001,ID00112,END,Managed Care Restricted
C870,R7765,T,20250416,2,172,0,20,20,Scott Johnson,"09995 Charles Plain, Philadelphia, PA, 19103",19103,ID00132,CAR,Competitor Loyalist
C931,R2015,T,20250304,2,173,0,28,28,Lori Clark,"889 Curtis Summit Apt. 266, Atlanta, GA, 30301",30301,ID00104,NEP,Unaware
C968,R2988,B,20250227,1,171,18,37,55,Kristin Elliott,"294 Schroeder Garden Apt. 703, Houston, TX, 77001",77001,ID00006,END,High-Volume Loyalist
C894,R9289,N,20250226,1,171,0,0,0,Tiffany Gonzalez,"266 Robertson Heights, Los Angeles, CA, 90001",90001,ID00092,END,Unaware
C103,R7298,T,20250309,1,172,0,10,10,Alejandro Gould,"48615 Craig Tunnel, New York, NY, 10001",10001,ID00138,NEP,Competitor Loyalist
C244,R1301,T,20250319,3,173,0,17,17,John Thomas,"03583 Duncan Walk Apt. 643, Seattle, WA, 98101",98101,ID00102,CAR,Unaware
C386,R1536,B,20250415,2,171,19,43,62,Mariah Bailey,"1518 Austin Knoll, Philadelphia, PA, 19103",19103,ID00013,CAR,High-Volume Loyalist
C171,R9056,T,20250121,2,172,0,19,19,James Rhodes,"28272 Mary Lane, Houston, TX, 77001",77001,ID00136,CAR,Competitor Loyalist
C560,R8037,B,20250102,3,171,9,13,22,Colton Ortiz,"002 Jessica Ford Suite 996, New York, NY, 10001",10001,ID00037,END,Low-Volume Prescriber
C202,R4513,T,20250225,3,172,0,29,29,Stephen Smith,"295 Randolph Skyway, Philadelphia, PA, 19103",19103,ID00077,END,Aware Non-Prescriber
C543,R6183,T,20250217,2,173,0,15,15,Dr. Joseph Hughes,"89401 Robert Run Apt. 512, Atlanta, GA, 30301",30301,ID00068,CAR,Aware Non-Prescriber
C147,R1653,B,20250217,2,171,0,0,0,Alan Wilson,"562 Steele Brooks, Philadelphia, PA, 19103",19103,ID00073,END,Aware Non-Prescriber
C334,R8899,T,20250329,3,172,0,21,21,Timothy Mccarthy,"3359 Harrell Center, Atlanta, GA, 30301",30301,ID00075,END,Aware Non-Prescriber
C699,R9984,B,20250115,2,171,19,50,69,Jason Webster,"36796 Ballard Fork Suite 800, Houston, TX, 77001",77001,ID00014,END,High-Volume Loyalist
C441,R5961,T,20250428,2,172,0,10,10,Alejandro Gould,"48615 Craig Tunnel, New York, NY, 10001",10001,ID00138,NEP,Competitor Loyalist
C889,R7504,T,20250310,1,173,0,13,13,Tammy Rivera,"7813 Bradshaw Lane, Los Angeles, CA, 90001",90001,ID00084,NEP,Aware Non-Prescriber
C968,R8901,T,20250318,1,172,0,29,29,Reginald Baker,"502 John Extension, Houston, TX, 77001",77001,ID00081,NEP,Aware Non-Prescriber
C296,R5097,T,20250228,1,172,0,15,15,Eric Becker,"33578 Charles Camp Apt. 263, Seattle, WA, 98101",98101,ID00088,END,Unaware
C785,R6542,N,20241231,3,171,11,0,11,Taylor Hebert,"419 Mccarthy Falls, Houston, TX, 77001",77001,ID00061,NEP,New Adopter
C219,R6050,N,20250122,3,171,0,0,0,Adam Reed,"091 Hale Junctions Apt. 822, Philadelphia, PA, 19103",19103,ID00118,CAR,Managed Care Restricted
C679,R4027,T,20250324,3,172,0,11,11,James Rhodes,"28272 Mary Lane, Houston, TX, 77001",77001,ID00136,CAR,Competitor Loyalist
C416,R4757,B,20250109,3,171,0,0,0,Tammy Rivera,"7813 Bradshaw Lane, Los Angeles, CA, 90001",90001,ID00084,NEP,Aware Non-Prescriber
C891,R5573,B,20250219,2,171,14,32,46,Lori Williams MD,"31525 Colin Knoll, Philadelphia, PA, 19103",19103,ID00005,END,High-Volume Loyalist
C322,R1924,B,20250219,2,171,6,18,24,Tina Smith,"0220 Li Corner, Chicago, IL, 60601",60601,ID00029,NEP,Low-Volume Prescriber
C279,R9035,N,20250123,2,171,12,0,12,Jodi Griffith,"37360 Beth Coves Apt. 692, Seattle, WA, 98101",98101,ID00048,CAR,New Adopter
C998,R6187,T,20250125,3,171,0,0,0,Timothy Lewis,"60203 Cindy Lock, Atlanta, GA, 30301",30301,ID00126,CAR,Competitor Loyalist
C752,R8460,T,20250205,1,173,0,18,18,David Mccoy,"65524 Thomas Track, Chicago, IL, 60601",60601,ID00086,CAR,Unaware
C259,R2747,T,20250416,3,173,0,19,19,Valerie Smith,"2865 Rodriguez Pike Apt. 296, New York, NY, 10001",10001,ID00080,NEP,Aware Non-Prescriber
C661,R9132,N,20250205,1,171,8,0,8,Vincent Sanders,"5175 Lance Hills, Houston, TX, 77001",77001,ID00059,NEP,New Adopter
C853,R8921,T,20250121,3,171,0,0,0,Jonathan Joseph,"5976 Cabrera Orchard Suite 124, Chicago, IL, 60601",60601,ID00072,CAR,Aware Non-Prescriber
C298,R2877,T,20250122,1,172,0,11,11,Amy Ward,"777 Aaron Junctions, Philadelphia, PA, 19103",19103,ID00070,CAR,Aware Non-Prescriber
C407,R1612,N,20250316,3,171,0,0,0,Karen Moore,"1184 Rachel Mountains Apt. 047, Philadelphia, PA, 19103",19103,ID00098,NEP,Unaware
C972,R5819,T,20250219,1,171,0,0,0,Michelle Ross,"5963 Connor Spring, Houston, TX, 77001",77001,ID00127,NEP,Competitor Loyalist
C140,R3518,T,20250227,3,172,0,16,16,Catherine Elliott,"605 Jessica Lodge, Chicago, IL, 60601",60601,ID00066,CAR,Aware Non-Prescriber
C531,R9185,T,20250228,1,172,0,13,13,Jill Taylor,"10380 Owens Pine, Chicago, IL, 60601",60601,ID00082,END,Aware Non-Prescriber
C703,R7291,B,20250110,1,171,6,11,17,Ruth Rodriguez,"72952 Anthony Ways, Houston, TX, 77001",77001,ID00041,CAR,Low-Volume Prescriber
C251,R2076,B,20250108,1,171,15,49,64,Jason Webster,"36796 Ballard Fork Suite 800, Houston, TX, 77001",77001,ID00014,END,High-Volume Loyalist
C804,R9059,T,20250228,3,173,0,28,28,Brittany Christensen,"828 Brandon Square Apt. 201, Chicago, IL, 60601",60601,ID00085,END,Aware Non-Prescriber
C490,R2857,T,20250104,3,173,0,30,30,Dean Dunn,"68691 Candace Center, Los Angeles, CA, 90001",90001,ID00067,NEP,Aware Non-Prescriber
C122,R5521,N,20250418,2,171,0,0,0,James Steele,"0564 Katherine Tunnel Apt. 235, Atlanta, GA, 30301",30301,ID00097,END,Unaware
C194,R7550,T,20250131,2,173,0,13,13,James Steele,"0564 Katherine Tunnel Apt. 235, Atlanta, GA, 30301",30301,ID00097,END,Unaware
C451,R9765,T,20250318,1,171,0,0,0,Jessica Matthews,"0909 Miller Dam Apt. 891, Los Angeles, CA, 90001",90001,ID00130,END,Competitor Loyalist
C384,R1824,N,20250209,1,171,13,0,13,Taylor Hebert,"419 Mccarthy Falls, Houston, TX, 77001",77001,ID00061,NEP,New Adopter
C820,R9542,T,20250323,2,173,0,10,10,Alan Wilson,"562 Steele Brooks, Philadelphia, PA, 19103",19103,ID00073,END,Aware Non-Prescriber
C884,R3060,B,20250402,2,171,11,47,58,Stephanie Hawkins,"2393 Oneill Corner, New York, NY, 10001",10001,ID00002,CAR,High-Volume Loyalist
C893,R8921,B,20250323,2,171,19,47,66,Emma Moore,"7136 Stephanie Drive, Philadelphia, PA, 19103",19103,ID00008,CAR,High-Volume Loyalist
C195,R8901,T,20250421,3,173,0,19,19,Timothy Mccarthy,"3359 Harrell Center, Atlanta, GA, 30301",30301,ID00075,END,Aware Non-Prescriber
C633,R3001,T,20250404,3,173,0,11,11,Amy Terry,"7327 Gary Ways Suite 354, Seattle, WA, 98101",98101,ID00089,NEP,Unaware
C556,R4937,T,20250113,3,173,0,21,21,Catherine Elliott,"605 Jessica Lodge, Chicago, IL, 60601",60601,ID00066,CAR,Aware Non-Prescriber
C632,R1117,T,20250313,3,172,0,10,10,Tammy Rose,"86335 Lawson Ranch Apt. 743, Los Angeles, CA, 90001",90001,ID00076,END,Aware Non-Prescriber
C970,R2193,B,20250104,1,171,17,49,66,Kristin Elliott,"294 Schroeder Garden Apt. 703, Houston, TX, 77001",77001,ID00006,END,High-Volume Loyalist
C636,R1674,T,20250105,2,172,0,14,14,Katrina Torres,"4105 King Ridges Apt. 254, Seattle, WA, 98101",98101,ID00099,NEP,Unaware
C133,R4792,B,20250328,3,171,17,39,56,Clinton Diaz,"85425 Laura Summit Suite 944, Philadelphia, PA, 19103",19103,ID00009,END,High-Volume Loyalist
C807,R3442,B,20250311,1,171,11,32,43,Jill King,"9346 Eric Highway, Los Angeles, CA, 90001",90001,ID00004,NEP,High-Volume Loyalist
C778,R9524,N,20250206,2,171,9,0,9,Caitlin Armstrong,"82936 Rebecca Drives, Chicago, IL, 60601",60601,ID00058,END,New Adopter
C271,R5523,T,20250209,1,173,0,24,24,Jeffrey Salazar,"8770 Thomas Wells Apt. 251, New York, NY, 10001",10001,ID00090,NEP,Unaware
C940,R1920,N,20250403,2,171,13,0,13,Stephanie Jackson,"336 Catherine Terrace Apt. 956, Philadelphia, PA, 19103",19103,ID00053,CAR,New Adopter
C575,R7533,T,20250105,1,173,0,16,16,Sandra Mccoy,"96055 Megan Valley, Seattle, WA, 98101",98101,ID00133,CAR,Competitor Loyalist
C974,R1378,T,20250220,1,173,0,25,25,Tammy Rivera,"7813 Bradshaw Lane, Los Angeles, CA, 90001",90001,ID00084,NEP,Aware Non-Prescriber
C282,R5349,B,20250210,1,171,11,38,49,Lori Williams MD,"31525 Colin Knoll, Philadelphia, PA, 19103",19103,ID00005,END,High-Volume Loyalist
C829,R8267,B,20250222,3,171,11,45,56,Jason Webster,"36796 Ballard Fork Suite 800, Houston, TX, 77001",77001,ID00014,END,High-Volume Loyalist
C491,R6172,T,20250427,2,171,0,0,0,Sandra Mccoy,"96055 Megan Valley, Seattle, WA, 98101",98101,ID00133,CAR,Competitor Loyalist
C283,R6442,B,20250411,1,171,16,30,46,Lori Williams MD,"31525 Colin Knoll, Philadelphia, PA, 19103",19103,ID00005,END,High-Volume Loyalist
C685,R3148,T,20250203,2,173,0,29,29,Jill Taylor,"10380 Owens Pine, Chicago, IL, 60601",60601,ID00082,END,Aware Non-Prescriber
C140,R6061,B,20250320,1,171,20,50,70,John Villa,"71110 Garza Ridge Apt. 137, Los Angeles, CA, 90001",90001,ID00012,NEP,High-Volume Loyalist
C738,R9369,T,20250316,1,173,0,16,16,Timothy Mccarthy,"3359 Harrell Center, Atlanta, GA, 30301",30301,ID00075,END,Aware Non-Prescriber
C708,R1550,B,20250129,1,171,5,11,16,Tina Smith,"0220 Li Corner, Chicago, IL, 60601",60601,ID00029,NEP,Low-Volume Prescriber
C394,R2523,T,20250329,2,173,0,22,22,Valerie Smith,"2865 Rodriguez Pike Apt. 296, New York, NY, 10001",10001,ID00080,NEP,Aware Non-Prescriber
C810,R2823,N,20241231,2,171,0,0,0,John Thomas,"03583 Duncan Walk Apt. 643, Seattle, WA, 98101",98101,ID00102,CAR,Unaware
C299,R1550,B,20250124,3,171,0,0,0,Suzanne Barnett,"169 Carol Lights Apt. 195, New York, NY, 10001",10001,ID00078,CAR,Aware Non-Prescriber
C937,R4825,T,20250224,1,173,0,16,16,John Jones,"27478 Holland Mountains, Philadelphia, PA, 19103",19103,ID00101,END,Unaware
C673,R6885,T,20241230,3,173,0,16,16,Michelle Ross,"5963 Connor Spring, Houston, TX, 77001",77001,ID00127,NEP,Competitor Loyalist
C430,R7714,N,20250318,2,171,0,0,0,Manuel Young,"36774 James Fords Apt. 798, New York, NY, 10001",10001,ID00093,NEP,Unaware
C233,R3209,T,20250223,3,172,0,28,28,Audrey Ruiz,"8055 Martha Curve Apt. 773, Philadelphia, PA, 19103",19103,ID00100,END,Unaware
C633,R3001,T,20250404,3,173,0,10,10,Amy Terry,"7327 Gary Ways Suite 354, Seattle, WA, 98101",98101,ID00089,NEP,Unaware
C748,R8035,N,20250115,3,171,14,0,14,Eduardo Adams,"1440 Rodriguez Turnpike Suite 678, Houston, TX, 77001",77001,ID00057,END,New Adopter
C345,R3847,B,20250201,3,171,11,35,46,Clinton Diaz,"85425 Laura Summit Suite 944, Philadelphia, PA, 19103",19103,ID00009,END,High-Volume Loyalist
C550,R7521,N,20250123,2,171,0,0,0,Michael Brown,"87331 Julian Center Suite 186, Atlanta, GA, 30301",30301,ID00109,NEP,Managed Care Restricted
C911,R8905,T,20250401,2,173,0,23,23,Karen Moore,"1184 Rachel Mountains Apt. 047, Philadelphia, PA, 19103",19103,ID00098,NEP,Unaware
C984,R8801,B,20250324,2,171,0,0,0,Tammy Rivera,"7813 Bradshaw Lane, Los Angeles, CA, 90001",90001,ID00084,NEP,Aware Non-Prescriber
C936,R2975,B,20241231,1,171,10,15,25,Edward Moore,"26617 Castillo Mission, Los Angeles, CA, 90001",90001,ID00040,END,Low-Volume Prescriber
C206,R6447,B,20250212,1,171,20,50,70,Paul Nelson PhD,"47328 Nancy Ville Suite 584, Atlanta, GA, 30301",30301,ID00019,END,High-Volume Loyalist
C729,R3776,T,20250409,3,173,0,29,29,Suzanne Barnett,"169 Carol Lights Apt. 195, New York, NY, 10001",10001,ID00078,CAR,Aware Non-Prescriber
C617,R9004,B,20250125,3,171,20,38,58,Jill King,"9346 Eric Highway, Los Angeles, CA, 90001",90001,ID00004,NEP,High-Volume Loyalist
C523,R8904,T,20250327,2,172,0,30,30,Stephen Smith,"295 Randolph Skyway, Philadelphia, PA, 19103",19103,ID00077,END,Aware Non-Prescriber
C206,R9313,B,20250204,3,171,14,41,55,Jillian Hall,"63505 Sheryl Mountains, Seattle, WA, 98101",98101,ID00015,CAR,High-Volume Loyalist
C521,R8220,N,20250301,2,171,9,0,9,Taylor Hebert,"419 Mccarthy Falls, Houston, TX, 77001",77001,ID00061,NEP,New Adopter
C632,R1117,T,20250313,3,172,0,15,15,Tammy Rose,"86335 Lawson Ranch Apt. 743, Los Angeles, CA, 90001",90001,ID00076,END,Aware Non-Prescriber
C844,R1134,T,20250331,2,172,0,18,18,Tiffany Mckee,"9995 Hill Loop, Chicago, IL, 60601",60601,ID00087,CAR,Unaware
C702,R4193,T,20250402,3,171,0,0,0,Devin Watkins,"915 Alejandro Dam Suite 837, Seattle, WA, 98101",98101,ID00134,CAR,Competitor Loyalist
C412,R4441,T,20250308,3,171,0,0,0,John Walsh,"0193 Mcclain Circles Suite 081, Philadelphia, PA, 19103",19103,ID00069,END,Aware Non-Prescriber
C546,R7560,B,20250110,2,171,11,37,48,John Campbell,"53474 Jeffrey Estates, Seattle, WA, 98101",98101,ID00016,END,High-Volume Loyalist
C228,R8992,T,20250308,1,172,0,16,16,Stephen Lopez,"736 Graham Inlet, Atlanta, GA, 30301",30301,ID00091,CAR,Unaware
C108,R9362,T,20250110,3,172,0,15,15,Michelle Ross,"5963 Connor Spring, Houston, TX, 77001",77001,ID00127,NEP,Competitor Loyalist
C211,R3357,T,20250322,2,172,0,27,27,Bryan Johnson,"714 Watkins Unions Suite 059, Philadelphia, PA, 19103",19103,ID00137,END,Competitor Loyalist
C931,R7609,N,20250213,1,171,10,0,10,Caitlin Armstrong,"82936 Rebecca Drives, Chicago, IL, 60601",60601,ID00058,END,New Adopter
C359,R6024,T,20250121,2,173,0,22,22,Stephen Smith,"295 Randolph Skyway, Philadelphia, PA, 19103",19103,ID00077,END,Aware Non-Prescriber
C870,R7765,T,20250416,2,173,0,22,22,Scott Johnson,"09995 Charles Plain, Philadelphia, PA, 19103",19103,ID00132,CAR,Competitor Loyalist
C240,R7813,T,20250116,1,171,0,0,0,Michelle Peters,"68718 Rivera Motorway, Philadelphia, PA, 19103",19103,ID00128,END,Competitor Loyalist
C769,R3435,T,20250310,2,172,0,12,12,Jonathan Joseph,"5976 Cabrera Orchard Suite 124, Chicago, IL, 60601",60601,ID00072,CAR,Aware Non-Prescriber
C957,R9022,B,20250202,1,171,14,39,53,Mark Hunt,"050 Smith Land Apt. 308, Seattle, WA, 98101",98101,ID00011,END,High-Volume Loyalist
C716,R2938,T,20250122,1,172,0,29,29,Peter Morse,"83908 Garcia Turnpike, Chicago, IL, 60601",60601,ID00074,CAR,Aware Non-Prescriber
C797,R6295,B,20250227,3,171,19,44,63,John Campbell,"53474 Jeffrey Estates, Seattle, WA, 98101",98101,ID00016,END,High-Volume Loyalist
C727,R4726,N,20250306,3,171,0,0,0,Mrs. Kristin Rodriguez,"484 Caldwell Ways Apt. 822, New York, NY, 10001",10001,ID00105,NEP,Unaware
C240,R7813,T,20250116,1,172,0,30,30,Michelle Peters,"68718 Rivera Motorway, Philadelphia, PA, 19103",19103,ID00128,END,Competitor Loyalist
C195,R8901,T,20250421,3,172,0,16,16,Timothy Mccarthy,"3359 Harrell Center, Atlanta, GA, 30301",30301,ID00075,END,Aware Non-Prescriber
C752,R6797,T,20250426,3,172,0,23,23,Devin Watkins,"915 Alejandro Dam Suite 837, Seattle, WA, 98101",98101,ID00134,CAR,Competitor Loyalist
C752,R6797,T,20250426,3,171,0,0,0,Devin Watkins,"915 Alejandro Dam Suite 837, Seattle, WA, 98101",98101,ID00134,CAR,Competitor Loyalist
C829,R1352,N,20250226,3,171,0,0,0,Lori Clark,"889 Curtis Summit Apt. 266, Atlanta, GA, 30301",30301,ID00104,NEP,Unaware
C458,R6082,B,20250210,1,171,19,34,53,Brian Perez,"2053 Nicole Mountains Suite 024, Los Angeles, CA, 90001",90001,ID00017,END,High-Volume Loyalist
C945,R2562,T,20250121,2,173,0,17,17,Karen Moore,"1184 Rachel Mountains Apt. 047, Philadelphia, PA, 19103",19103,ID00098,NEP,Unaware
C948,R1206,T,20250413,2,173,0,28,28,Eric Becker,"33578 Charles Camp Apt. 263, Seattle, WA, 98101",98101,ID00088,END,Unaware
C526,R6122,N,20250427,2,171,14,0,14,Jeremy Haynes,"4394 Gray Manor, New York, NY, 10001",10001,ID00065,NEP,New Adopter
C328,R3872,N,20250121,3,171,13,0,13,Jodi Griffith,"37360 Beth Coves Apt. 692, Seattle, WA, 98101",98101,ID00048,CAR,New Adopter
C505,R4982,N,20250314,1,171,0,0,0,Jeffrey Salazar,"8770 Thomas Wells Apt. 251, New York, NY, 10001",10001,ID00090,NEP,Unaware
C568,R2867,B,20250122,2,171,7,13,20,Colton Ortiz,"002 Jessica Ford Suite 996, New York, NY, 10001",10001,ID00037,END,Low-Volume Prescriber
C294,R9586,T,20250413,2,172,0,26,26,Tiffany Gonzalez,"266 Robertson Heights, Los Angeles, CA, 90001",90001,ID00092,END,Unaware
C920,R1852,T,20250305,2,172,0,24,24,Stephen Smith,"295 Randolph Skyway, Philadelphia, PA, 19103",19103,ID00077,END,Aware Non-Prescriber
C323,R7965,B,20250406,3,171,8,18,26,Dylan George,"894 Davis Lakes Suite 123, Philadelphia, PA, 19103",19103,ID00038,END,Low-Volume Prescriber
C568,R6180,B,20250115,3,171,20,39,59,Jill King,"9346 Eric Highway, Los Angeles, CA, 90001",90001,ID00004,NEP,High-Volume Loyalist
C588,R4809,T,20250222,1,172,0,26,26,Tammy Rose,"86335 Lawson Ranch Apt. 743, Los Angeles, CA, 90001",90001,ID00076,END,Aware Non-Prescriber
C852,R9044,B,20250121,2,171,7,14,21,Amanda Thompson,"199 Angela Circles, New York, NY, 10001",10001,ID00035,NEP,Low-Volume Prescriber
C646,R6886,B,20250408,2,171,8,17,25,Tina Wilson,"63359 Blake Center, Philadelphia, PA, 19103",19103,ID00031,NEP,Low-Volume Prescriber
C829,R1352,T,20250226,3,173,0,15,15,Lori Clark,"889 Curtis Summit Apt. 266, Atlanta, GA, 30301",30301,ID00104,NEP,Unaware
C668,R8081,T,20250401,2,173,0,16,16,Jill Taylor,"10380 Owens Pine, Chicago, IL, 60601",60601,ID00082,END,Aware Non-Prescriber
C727,R6218,B,20250317,3,171,6,15,21,Jennifer Rodriguez,"943 Amber Park, Los Angeles, CA, 90001",90001,ID00024,NEP,Low-Volume Prescriber
C490,R2857,T,20250104,3,172,0,14,14,Dean Dunn,"68691 Candace Center, Los Angeles, CA, 90001",90001,ID00067,NEP,Aware Non-Prescriber
C894,R4912,T,20250319,2,172,0,19,19,Tiffany Gonzalez,"266 Robertson Heights, Los Angeles, CA, 90001",90001,ID00092,END,Unaware
C797,R2083,B,20250218,3,171,10,20,30,Christopher Gamble,"53267 Kathleen Extension, Chicago, IL, 60601",60601,ID00042,CAR,Low-Volume Prescriber
C971,R9992,T,20250122,3,173,0,19,19,Amy Ward,"777 Aaron Junctions, Philadelphia, PA, 19103",19103,ID00070,CAR,Aware Non-Prescriber
C843,R8982,T,20250131,1,173,0,15,15,Amy Ward,"777 Aaron Junctions, Philadelphia, PA, 19103",19103,ID00070,CAR,Aware Non-Prescriber
C971,R5552,T,20250304,1,172,0,26,26,Luis Lozano,"59703 David Ford Apt. 715, Los Angeles, CA, 90001",90001,ID00131,END,Competitor Loyalist
C923,R2492,T,20250119,2,171,0,0,0,Stephen Smith,"295 Randolph Skyway, Philadelphia, PA, 19103",19103,ID00077,END,Aware Non-Prescriber
C131,R3339,B,20250214,3,171,20,35,55,Dr. Cynthia Miller,"725 Mills Forge, Seattle, WA, 98101",98101,ID00020,NEP,High-Volume Loyalist
C180,R8369,B,20250131,1,171,7,20,27,Douglas Mcclain,"09854 Barrett Stravenue, Philadelphia, PA, 19103",19103,ID00030,NEP,Low-Volume Prescriber
C801,R7208,T,20250316,1,171,0,0,0,Timothy Lewis,"60203 Cindy Lock, Atlanta, GA, 30301",30301,ID00126,CAR,Competitor Loyalist
C786,R5374,B,20250119,2,171,15,36,51,Michelle Elliott,"8851 Kevin Cliff, Atlanta, GA, 30301",30301,ID00001,CAR,High-Volume Loyalist
C776,R3444,T,20250405,1,171,0,0,0,Timothy Lewis,"60203 Cindy Lock, Atlanta, GA, 30301",30301,ID00126,CAR,Competitor Loyalist
C545,R3141,B,20250108,3,171,9,10,19,Heather Hall,"185 Peterson Unions, Atlanta, GA, 30301",30301,ID00044,CAR,Low-Volume Prescriber
C898,R7544,T,20250119,1,172,0,27,27,Suzanne Barnett,"169 Carol Lights Apt. 195, New York, NY, 10001",10001,ID00078,CAR,Aware Non-Prescriber
C218,R7622,B,20250110,2,171,14,40,54,Thomas Rhodes,"890 Dylan Trail, Atlanta, GA, 30301",30301,ID00010,NEP,High-Volume Loyalist
C724,R4812,N,20250303,1,171,0,0,0,Kevin Vaughan,"66337 Lyons Island, Atlanta, GA, 30301",30301,ID00115,CAR,Managed Care Restricted
C375,R3048,T,20250112,2,173,0,16,16,Tiffany Mckee,"9995 Hill Loop, Chicago, IL, 60601",60601,ID00087,CAR,Unaware
C974,R4511,N,20250217,1,171,10,0,10,Dwayne Jones,"111 Vance Passage, Los Angeles, CA, 90001",90001,ID00054,END,New Adopter
C746,R3373,T,20250318,2,173,0,11,11,James Warner,"222 Joseph Land Apt. 785, New York, NY, 10001",10001,ID00083,END,Aware Non-Prescriber
C673,R6885,T,20241230,3,171,0,0,0,Michelle Ross,"5963 Connor Spring, Houston, TX, 77001",77001,ID00127,NEP,Competitor Loyalist
C753,R5781,N,20250102,1,171,10,0,10,Robert Hernandez,"450 Michael Heights Suite 689, Atlanta, GA, 30301",30301,ID00050,CAR,New Adopter
C780,R7397,T,20250428,1,172,0,20,20,Bryan Johnson,"714 Watkins Unions Suite 059, Philadelphia, PA, 19103",19103,ID00137,END,Competitor Loyalist
C258,R7084,T,20250328,3,172,0,23,23,Jeffrey Salazar,"8770 Thomas Wells Apt. 251, New York, NY, 10001",10001,ID00090,NEP,Unaware
C110,R1138,T,20250208,3,171,0,0,0,John Church,"5132 Crystal Prairie, Los Angeles, CA, 90001",90001,ID00135,NEP,Competitor Loyalist
C876,R6114,N,20250101,3,171,0,0,0,Ashley Leach,"30119 Gina Green Suite 169, Seattle, WA, 98101",98101,ID00121,NEP,Managed Care Restricted
C273,R6729,T,20250407,2,172,0,17,17,John Jones,"27478 Holland Mountains, Philadelphia, PA, 19103",19103,ID00101,END,Unaware
C377,R8289,T,20250330,2,172,0,25,25,James Warner,"222 Joseph Land Apt. 785, New York, NY, 10001",10001,ID00083,END,Aware Non-Prescriber
C108,R9362,T,20250110,3,173,0,26,26,Michelle Ross,"5963 Connor Spring, Houston, TX, 77001",77001,ID00127,NEP,Competitor Loyalist
C885,R7806,B,20250304,2,171,10,18,28,Christopher Gamble,"53267 Kathleen Extension, Chicago, IL, 60601",60601,ID00042,CAR,Low-Volume Prescriber
C614,R2738,T,20250329,1,172,0,23,23,Dr. Joseph Hughes,"89401 Robert Run Apt. 512, Atlanta, GA, 30301",30301,ID00068,CAR,Aware Non-Prescriber
C888,R4985,T,20250216,3,173,0,15,15,Paul Solomon,"98394 Leroy Garden Apt. 332, Houston, TX, 77001",77001,ID00079,END,Aware Non-Prescriber
C753,R4814,B,20250105,3,171,9,13,22,Brian Webb,"98193 Donna Mill Suite 101, Los Angeles, CA, 90001",90001,ID00026,NEP,Low-Volume Prescriber
C642,R5995,T,20250104,1,172,0,20,20,Lori Clark,"889 Curtis Summit Apt. 266, Atlanta, GA, 30301",30301,ID00104,NEP,Unaware
C319,R7145,N,20250312,3,171,0,0,0,John Garcia,"59147 Keith Drives, New York, NY, 10001",10001,ID00096,CAR,Unaware
C181,R7917,T,20250127,2,172,0,16,16,David Mccoy,"65524 Thomas Track, Chicago, IL, 60601",60601,ID00086,CAR,Unaware
C515,R2140,T,20250121,2,172,0,13,13,Timothy Lewis,"60203 Cindy Lock, Atlanta, GA, 30301",30301,ID00126,CAR,Competitor Loyalist
C923,R2492,T,20250119,2,172,0,19,19,Stephen Smith,"295 Randolph Skyway, Philadelphia, PA, 19103",19103,ID00077,END,Aware Non-Prescriber
C239,R3580,N,20250211,2,171,13,0,13,Jodi Griffith,"37360 Beth Coves Apt. 692, Seattle, WA, 98101",98101,ID00048,CAR,New Adopter
C129,R1575,T,20250115,3,172,0,27,27,Tammy Rivera,"7813 Bradshaw Lane, Los Angeles, CA, 90001",90001,ID00084,NEP,Aware Non-Prescriber
C873,R1003,T,20250422,3,172,0,16,16,Timothy Lewis,"60203 Cindy Lock, Atlanta, GA, 30301",30301,ID00126,CAR,Competitor Loyalist
C725,R5466,T,20250417,2,173,0,30,30,Devin Watkins,"915 Alejandro Dam Suite 837, Seattle, WA, 98101",98101,ID00134,CAR,Competitor Loyalist
C284,R9464,T,20250106,1,172,0,25,25,Peter Morse,"83908 Garcia Turnpike, Chicago, IL, 60601",60601,ID00074,CAR,Aware Non-Prescriber
C860,R9715,T,20250204,3,172,0,14,14,David Mccoy,"65524 Thomas Track, Chicago, IL, 60601",60601,ID00086,CAR,Unaware
C998,R5025,N,20250414,1,171,0,0,0,Michael Brown,"87331 Julian Center Suite 186, Atlanta, GA, 30301",30301,ID00109,NEP,Managed Care Restricted
C786,R9850,B,20250116,2,171,17,41,58,Mariah Bailey,"1518 Austin Knoll, Philadelphia, PA, 19103",19103,ID00013,CAR,High-Volume Loyalist
C196,R8570,B,20250311,3,171,9,13,22,Michael Campbell,"272 Glass Prairie, Atlanta, GA, 30301",30301,ID00045,END,Low-Volume Prescriber
C777,R6517,B,20250415,3,171,18,31,49,Jon Thomas,"14771 Patrick Ville, Seattle, WA, 98101",98101,ID00018,NEP,High-Volume Loyalist
C747,R8175,T,20250302,1,173,0,21,21,Tina Reed,"19172 Miller Vista, Philadelphia, PA, 19103",19103,ID00139,END,Competitor Loyalist
C777,R7947,B,20250326,1,171,14,44,58,Jillian Hall,"63505 Sheryl Mountains, Seattle, WA, 98101",98101,ID00015,CAR,High-Volume Loyalist
C174,R2153,T,20250112,1,172,0,20,20,Bryan Johnson,"714 Watkins Unions Suite 059, Philadelphia, PA, 19103",19103,ID00137,END,Competitor Loyalist
C668,R8081,T,20250401,2,173,0,10,10,Jill Taylor,"10380 Owens Pine, Chicago, IL, 60601",60601,ID00082,END,Aware Non-Prescriber
C955,R7319,N,20250219,2,171,12,0,12,Jocelyn Norris,"170 Bonnie Isle Apt. 987, New York, NY, 10001",10001,ID00060,END,New Adopter
C688,R1060,T,20250424,2,172,0,23,23,Alejandro Gould,"48615 Craig Tunnel, New York, NY, 10001",10001,ID00138,NEP,Competitor Loyalist
C571,R6827,T,20250111,1,173,0,18,18,James Steele,"0564 Katherine Tunnel Apt. 235, Atlanta, GA, 30301",30301,ID00097,END,Unaware
C894,R4912,T,20250319,2,172,0,30,30,Tiffany Gonzalez,"266 Robertson Heights, Los Angeles, CA, 90001",90001,ID00092,END,Unaware
C161,R7520,B,20241231,2,171,6,10,16,Christopher Gamble,"53267 Kathleen Extension, Chicago, IL, 60601",60601,ID00042,CAR,Low-Volume Prescriber
C743,R3480,B,20250224,2,171,10,13,23,Ruth Rodriguez,"72952 Anthony Ways, Houston, TX, 77001",77001,ID00041,CAR,Low-Volume Prescriber
C175,R1878,B,20250113,1,171,16,45,61,Clinton Diaz,"85425 Laura Summit Suite 944, Philadelphia, PA, 19103",19103,ID00009,END,High-Volume Loyalist
C582,R9806,B,20250215,2,171,10,18,28,Erin Simmons,"2413 Donna Village, New York, NY, 10001",10001,ID00028,NEP,Low-Volume Prescriber
C857,R9814,N,20250210,1,171,0,0,0,John Thomas,"03583 Duncan Walk Apt. 643, Seattle, WA, 98101",98101,ID00102,CAR,Unaware
C801,R6313,B,20250202,3,171,18,37,55,Michelle Elliott,"8851 Kevin Cliff, Atlanta, GA, 30301",30301,ID00001,CAR,High-Volume Loyalist
C105,R1116,T,20250220,2,171,0,0,0,Tammy Rose,"86335 Lawson Ranch Apt. 743, Los Angeles, CA, 90001",90001,ID00076,END,Aware Non-Prescriber
C213,R2577,T,20250322,2,173,0,26,26,Manuel Young,"36774 James Fords Apt. 798, New York, NY, 10001",10001,ID00093,NEP,Unaware
C629,R5454,N,20250320,1,171,0,0,0,David Mccoy,"65524 Thomas Track, Chicago, IL, 60601",60601,ID00086,CAR,Unaware
C598,R1718,T,20250414,2,173,0,10,10,Dean Dunn,"68691 Candace Center, Los Angeles, CA, 90001",90001,ID00067,NEP,Aware Non-Prescriber
C412,R4441,T,20250308,3,172,0,27,27,John Walsh,"0193 Mcclain Circles Suite 081, Philadelphia, PA, 19103",19103,ID00069,END,Aware Non-Prescriber
C549,R1175,T,20250408,1,173,0,16,16,Suzanne Barnett,"169 Carol Lights Apt. 195, New York, NY, 10001",10001,ID00078,CAR,Aware Non-Prescriber
C828,R3527,B,20250109,2,171,6,16,22,Jonathan Lee,"582 Allison Glens Apt. 728, Chicago, IL, 60601",60601,ID00033,NEP,Low-Volume Prescriber
C889,R9039,T,20250305,3,173,0,23,23,Alejandro Gould,"48615 Craig Tunnel, New York, NY, 10001",10001,ID00138,NEP,Competitor Loyalist
C749,R3360,T,20250410,3,172,0,30,30,John Walsh,"0193 Mcclain Circles Suite 081, Philadelphia, PA, 19103",19103,ID00069,END,Aware Non-Prescriber
C523,R6299,N,20250116,2,171,0,0,0,Patrick Hall,"344 Williams Extension, Houston, TX, 77001",77001,ID00110,END,Managed Care Restricted
C772,R5780,T,20250313,1,172,0,19,19,Luis Lozano,"59703 David Ford Apt. 715, Los Angeles, CA, 90001",90001,ID00131,END,Competitor Loyalist
C864,R8019,B,20250404,3,171,18,38,56,Stephanie Hawkins,"2393 Oneill Corner, New York, NY, 10001",10001,ID00002,CAR,High-Volume Loyalist
C984,R8801,T,20250324,2,173,0,10,10,Tammy Rivera,"7813 Bradshaw Lane, Los Angeles, CA, 90001",90001,ID00084,NEP,Aware Non-Prescriber
C727,R4726,T,20250306,3,173,0,11,11,Mrs. Kristin Rodriguez,"484 Caldwell Ways Apt. 822, New York, NY, 10001",10001,ID00105,NEP,Unaware
C642,R5995,T,20250104,1,173,0,21,21,Lori Clark,"889 Curtis Summit Apt. 266, Atlanta, GA, 30301",30301,ID00104,NEP,Unaware
C679,R6971,T,20250328,3,171,0,0,0,Amy Ward,"777 Aaron Junctions, Philadelphia, PA, 19103",19103,ID00070,CAR,Aware Non-Prescriber
C228,R6194,B,20250407,2,171,9,11,20,Ricky Harris,"082 Sanchez River, Chicago, IL, 60601",60601,ID00021,NEP,Low-Volume Prescriber
C334,R8899,T,20250329,3,172,0,21,21,Timothy Mccarthy,"3359 Harrell Center, Atlanta, GA, 30301",30301,ID00075,END,Aware Non-Prescriber
C573,R7216,B,20250308,3,171,13,35,48,Michelle Elliott,"8851 Kevin Cliff, Atlanta, GA, 30301",30301,ID00001,CAR,High-Volume Loyalist
C140,R7294,T,20250121,3,171,0,0,0,Tina Reed,"19172 Miller Vista, Philadelphia, PA, 19103",19103,ID00139,END,Competitor Loyalist
C172,R5979,T,20250104,3,173,0,12,12,Lisa Guerrero,"897 Amanda Circles, Houston, TX, 77001",77001,ID00094,NEP,Unaware
C844,R8563,B,20250122,3,171,9,10,19,Amanda Thompson,"199 Angela Circles, New York, NY, 10001",10001,ID00035,NEP,Low-Volume Prescriber
C457,R4624,T,20250308,2,173,0,23,23,Catherine Elliott,"605 Jessica Lodge, Chicago, IL, 60601",60601,ID00066,CAR,Aware Non-Prescriber
C679,R6971,T,20250328,3,172,0,17,17,Amy Ward,"777 Aaron Junctions, Philadelphia, PA, 19103",19103,ID00070,CAR,Aware Non-Prescriber
C698,R7408,T,20250131,3,172,0,30,30,Devin Watkins,"915 Alejandro Dam Suite 837, Seattle, WA, 98101",98101,ID00134,CAR,Competitor Loyalist
C974,R1378,T,20250220,1,172,0,20,20,Tammy Rivera,"7813 Bradshaw Lane, Los Angeles, CA, 90001",90001,ID00084,NEP,Aware Non-Prescriber
C265,R5659,N,20250221,1,171,0,0,0,Pamela Davis,"26187 Lee View, Atlanta, GA, 30301",30301,ID00113,END,Managed Care Restricted
C671,R6690,N,20250128,2,171,0,0,0,Stephen Lopez,"736 Graham Inlet, Atlanta, GA, 30301",30301,ID00091,CAR,Unaware
C378,R9199,B,20250114,2,171,14,42,56,Thomas Rhodes,"890 Dylan Trail, Atlanta, GA, 30301",30301,ID00010,NEP,High-Volume Loyalist
C549,R1175,T,20250408,1,172,0,16,16,Suzanne Barnett,"169 Carol Lights Apt. 195, New York, NY, 10001",10001,ID00078,CAR,Aware Non-Prescriber
C419,R6293,T,20250217,3,172,0,17,17,Amy Terry,"7327 Gary Ways Suite 354, Seattle, WA, 98101",98101,ID00089,NEP,Unaware
C865,R4764,T,20250418,3,171,0,0,0,Stephen Smith,"295 Randolph Skyway, Philadelphia, PA, 19103",19103,ID00077,END,Aware Non-Prescriber
C859,R2279,T,20250228,3,172,0,12,12,Jessica Matthews,"0909 Miller Dam Apt. 891, Los Angeles, CA, 90001",90001,ID00130,END,Competitor Loyalist
C791,R4830,B,20250414,3,171,15,33,48,Mariah Bailey,"1518 Austin Knoll, Philadelphia, PA, 19103",19103,ID00013,CAR,High-Volume Loyalist
C215,R8889,T,20250330,2,172,0,10,10,Renee Montoya,"42137 Susan Groves Suite 215, Houston, TX, 77001",77001,ID00129,NEP,Competitor Loyalist
C666,R1999,N,20250220,3,171,11,0,11,Kaitlyn Schwartz,"863 Stacy Spurs Suite 299, Atlanta, GA, 30301",30301,ID00051,CAR,New Adopter
C620,R2631,T,20250128,2,172,0,24,24,Mr. Scott Lopez,"99002 Vasquez Island Apt. 417, New York, NY, 10001",10001,ID00103,CAR,Unaware
C228,R3200,T,20250420,3,173,0,23,23,Michelle Peters,"68718 Rivera Motorway, Philadelphia, PA, 19103",19103,ID00128,END,Competitor Loyalist
C701,R2871,B,20250316,2,171,9,16,25,Colton Ortiz,"002 Jessica Ford Suite 996, New York, NY, 10001",10001,ID00037,END,Low-Volume Prescriber
C719,R6395,N,20250222,2,171,0,0,0,Mrs. Kristin Rodriguez,"484 Caldwell Ways Apt. 822, New York, NY, 10001",10001,ID00105,NEP,Unaware
C890,R5767,T,20250214,2,172,0,25,25,Jonathan Joseph,"5976 Cabrera Orchard Suite 124, Chicago, IL, 60601",60601,ID00072,CAR,Aware Non-Prescriber
C200,R8161,B,20250304,3,171,7,10,17,Jonathan Lee,"582 Allison Glens Apt. 728, Chicago, IL, 60601",60601,ID00033,NEP,Low-Volume Prescriber
C539,R4470,B,20250410,3,171,8,13,21,Brian Roberts,"4298 Lowery Garden Suite 160, Los Angeles, CA, 90001",90001,ID00039,CAR,Low-Volume Prescriber
C705,R8480,T,20250116,3,173,0,30,30,Brittany Christensen,"828 Brandon Square Apt. 201, Chicago, IL, 60601",60601,ID00085,END,Aware Non-Prescriber
C787,R7655,B,20250203,3,171,10,32,42,Dr. Cynthia Miller,"725 Mills Forge, Seattle, WA, 98101",98101,ID00020,NEP,High-Volume Loyalist
C962,R6653,T,20250313,3,172,0,23,23,Sandra Mccoy,"96055 Megan Valley, Seattle, WA, 98101",98101,ID00133,CAR,Competitor Loyalist
C586,R3278,T,20250324,1,172,0,14,14,Michelle Peters,"68718 Rivera Motorway, Philadelphia, PA, 19103",19103,ID00128,END,Competitor Loyalist
C115,R6869,B,20250113,3,171,10,34,44,Jason Webster,"36796 Ballard Fork Suite 800, Houston, TX, 77001",77001,ID00014,END,High-Volume Loyalist
C638,R7730,B,20250207,2,171,10,17,27,Ricky Harris,"082 Sanchez River, Chicago, IL, 60601",60601,ID00021,NEP,Low-Volume Prescriber
C862,R8749,B,20250418,2,171,10,40,50,Mark Hunt,"050 Smith Land Apt. 308, Seattle, WA, 98101",98101,ID00011,END,High-Volume Loyalist
C859,R2279,T,20250228,3,172,0,26,26,Jessica Matthews,"0909 Miller Dam Apt. 891, Los Angeles, CA, 90001",90001,ID00130,END,Competitor Loyalist
C416,R8311,N,20250221,2,171,0,0,0,Ryan Evans,"1962 Burns Mission, Houston, TX, 77001",77001,ID00112,END,Managed Care Restricted
C556,R4937,T,20250113,3,172,0,18,18,Catherine Elliott,"605 Jessica Lodge, Chicago, IL, 60601",60601,ID00066,CAR,Aware Non-Prescriber
C502,R3572,T,20250210,2,172,0,29,29,Lori Clark,"889 Curtis Summit Apt. 266, Atlanta, GA, 30301",30301,ID00104,NEP,Unaware
C525,R2020,B,20250220,2,171,18,44,62,Kristin Elliott,"294 Schroeder Garden Apt. 703, Houston, TX, 77001",77001,ID00006,END,High-Volume Loyalist
C904,R4629,T,20241230,2,173,0,24,24,Bonnie Davis,"5907 Angela Valley, New York, NY, 10001",10001,ID00071,END,Aware Non-Prescriber
C972,R3267,N,20250111,1,171,8,0,8,Jocelyn Norris,"170 Bonnie Isle Apt. 987, New York, NY, 10001",10001,ID00060,END,New Adopter
C811,R5981,T,20250120,1,173,0,30,30,Luis Lozano,"59703 David Ford Apt. 715, Los Angeles, CA, 90001",90001,ID00131,END,Competitor Loyalist
C981,R3863,T,20250304,2,173,0,12,12,Reginald Baker,"502 John Extension, Houston, TX, 77001",77001,ID00081,NEP,Aware Non-Prescriber
C565,R7618,T,20250127,3,171,0,0,0,Suzanne Barnett,"169 Carol Lights Apt. 195, New York, NY, 10001",10001,ID00078,CAR,Aware Non-Prescriber
C291,R9987,B,20250209,2,171,0,0,0,Reginald Baker,"502 John Extension, Houston, TX, 77001",77001,ID00081,NEP,Aware Non-Prescriber
C640,R1697,B,20250322,2,171,9,11,20,Kristin Woods,"6290 Harrington Pass, Atlanta, GA, 30301",30301,ID00032,NEP,Low-Volume Prescriber
C651,R4218,T,20250416,2,172,0,29,29,Bonnie Davis,"5907 Angela Valley, New York, NY, 10001",10001,ID00071,END,Aware Non-Prescriber
C282,R1512,N,20250415,1,171,0,0,0,Manuel Young,"36774 James Fords Apt. 798, New York, NY, 10001",10001,ID00093,NEP,Unaware
C404,R1528,B,20250112,3,171,10,13,23,Dylan George,"894 Davis Lakes Suite 123, Philadelphia, PA, 19103",19103,ID00038,END,Low-Volume Prescriber
C731,R6008,T,20250302,2,172,0,10,10,Amy Ward,"777 Aaron Junctions, Philadelphia, PA, 19103",19103,ID00070,CAR,Aware Non-Prescriber
C299,R7291,B,20250226,2,171,20,48,68,Kristin Elliott,"294 Schroeder Garden Apt. 703, Houston, TX, 77001",77001,ID00006,END,High-Volume Loyalist
C492,R3458,B,20250130,1,171,8,15,23,Scott Turner,"0766 Schneider Ways, New York, NY, 10001",10001,ID00043,CAR,Low-Volume Prescriber
C804,R6175,T,20250216,3,171,0,0,0,Tammy Rose,"86335 Lawson Ranch Apt. 743, Los Angeles, CA, 90001",90001,ID00076,END,Aware Non-Prescriber
C214,R7131,N,20250206,1,171,0,0,0,Joy Diaz,"140 Donna Trafficway, Los Angeles, CA, 90001",90001,ID00119,CAR,Managed Care Restricted
C986,R1510,T,20250113,2,173,0,15,15,Michelle Ross,"5963 Connor Spring, Houston, TX, 77001",77001,ID00127,NEP,Competitor Loyalist
C950,R8167,B,20250202,2,171,18,34,52,Jon Thomas,"14771 Patrick Ville, Seattle, WA, 98101",98101,ID00018,NEP,High-Volume Loyalist
C324,R7730,T,20250420,2,171,0,0,0,Timothy Mccarthy,"3359 Harrell Center, Atlanta, GA, 30301",30301,ID00075,END,Aware Non-Prescriber
C235,R2778,T,20250128,2,173,0,15,15,Timothy Mccarthy,"3359 Harrell Center, Atlanta, GA, 30301",30301,ID00075,END,Aware Non-Prescriber
C423,R1137,T,20250226,1,172,0,15,15,Reginald Baker,"502 John Extension, Houston, TX, 77001",77001,ID00081,NEP,Aware Non-Prescriber
C264,R2128,T,20250426,3,172,0,21,21,Tiffany Gonzalez,"266 Robertson Heights, Los Angeles, CA, 90001",90001,ID00092,END,Unaware
C971,R3580,B,20250310,3,171,7,14,21,Ricky Harris,"082 Sanchez River, Chicago, IL, 60601",60601,ID00021,NEP,Low-Volume Prescriber
C769,R3435,T,20250310,2,172,0,24,24,Jonathan Joseph,"5976 Cabrera Orchard Suite 124, Chicago, IL, 60601",60601,ID00072,CAR,Aware Non-Prescriber
C261,R5483,N,20250202,1,171,0,0,0,Ashley Leach,"30119 Gina Green Suite 169, Seattle, WA, 98101",98101,ID00121,NEP,Managed Care Restricted
C478,R3873,T,20250324,2,172,0,19,19,Scott Johnson,"09995 Charles Plain, Philadelphia, PA, 19103",19103,ID00132,CAR,Competitor Loyalist
C364,R5336,T,20250210,1,172,0,14,14,James Rhodes,"28272 Mary Lane, Houston, TX, 77001",77001,ID00136,CAR,Competitor Loyalist
C853,R8921,T,20250121,3,172,0,13,13,Jonathan Joseph,"5976 Cabrera Orchard Suite 124, Chicago, IL, 60601",60601,ID00072,CAR,Aware Non-Prescriber
C122,R4046,N,20250105,3,171,0,0,0,Tiffany Mckee,"9995 Hill Loop, Chicago, IL, 60601",60601,ID00087,CAR,Unaware
C636,R9745,T,20250320,3,172,0,11,11,Brittany Christensen,"828 Brandon Square Apt. 201, Chicago, IL, 60601",60601,ID00085,END,Aware Non-Prescriber
C705,R8480,T,20250116,3,173,0,20,20,Brittany Christensen,"828 Brandon Square Apt. 201, Chicago, IL, 60601",60601,ID00085,END,Aware Non-Prescriber
C452,R3679,N,20250121,2,171,13,0,13,Dwayne Jones,"111 Vance Passage, Los Angeles, CA, 90001",90001,ID00054,END,New Adopter
C799,R7990,N,20250303,1,171,14,0,14,Ariana Bailey,"84002 Phillips Camp, Chicago, IL, 60601",60601,ID00046,END,New Adopter
C850,R4161,T,20250412,2,173,0,23,23,Stephen Lopez,"736 Graham Inlet, Atlanta, GA, 30301",30301,ID00091,CAR,Unaware
C802,R6544,T,20250303,1,172,0,23,23,Jeffrey Salazar,"8770 Thomas Wells Apt. 251, New York, NY, 10001",10001,ID00090,NEP,Unaware
C543,R6183,B,20250217,2,171,0,0,0,Dr. Joseph Hughes,"89401 Robert Run Apt. 512, Atlanta, GA, 30301",30301,ID00068,CAR,Aware Non-Prescriber
C184,R3077,T,20250204,2,173,0,30,30,Luis Lozano,"59703 David Ford Apt. 715, Los Angeles, CA, 90001",90001,ID00131,END,Competitor Loyalist
C249,R3450,T,20250418,2,172,0,24,24,Jill Taylor,"10380 Owens Pine, Chicago, IL, 60601",60601,ID00082,END,Aware Non-Prescriber
C684,R7366,T,20250111,1,173,0,10,10,Manuel Young,"36774 James Fords Apt. 798, New York, NY, 10001",10001,ID00093,NEP,Unaware
C651,R4218,T,20250416,2,172,0,19,19,Bonnie Davis,"5907 Angela Valley, New York, NY, 10001",10001,ID00071,END,Aware Non-Prescriber
C925,R5835,B,20250415,1,171,14,45,59,John Villa,"71110 Garza Ridge Apt. 137, Los Angeles, CA, 90001",90001,ID00012,NEP,High-Volume Loyalist
C849,R2228,N,20250120,2,171,10,0,10,Robert Hernandez,"450 Michael Heights Suite 689, Atlanta, GA, 30301",30301,ID00050,CAR,New Adopter
C246,R2120,B,20250408,1,171,10,20,30,Ruth Rodriguez,"72952 Anthony Ways, Houston, TX, 77001",77001,ID00041,CAR,Low-Volume Prescriber
C729,R9132,N,20250427,1,171,0,0,0,Kevin Vaughan,"66337 Lyons Island, Atlanta, GA, 30301",30301,ID00115,CAR,Managed Care Restricted
C237,R2999,N,20250205,2,171,0,0,0,Erin Bautista,"17802 Morrison Club Suite 483, New York, NY, 10001",10001,ID00114,NEP,Managed Care Restricted
C695,R8786,T,20241231,1,172,0,13,13,Jeffrey Salazar,"8770 Thomas Wells Apt. 251, New York, NY, 10001",10001,ID00090,NEP,Unaware
C491,R6172,T,20250427,2,172,0,12,12,Sandra Mccoy,"96055 Megan Valley, Seattle, WA, 98101",98101,ID00133,CAR,Competitor Loyalist
C553,R6772,T,20250308,3,172,0,20,20,John Garcia,"59147 Keith Drives, New York, NY, 10001",10001,ID00096,CAR,Unaware
C870,R7765,T,20250416,2,172,0,21,21,Scott Johnson,"09995 Charles Plain, Philadelphia, PA, 19103",19103,ID00132,CAR,Competitor Loyalist
C189,R7262,N,20250324,1,171,0,0,0,Mrs. Kristin Rodriguez,"484 Caldwell Ways Apt. 822, New York, NY, 10001",10001,ID00105,NEP,Unaware
C589,R2160,B,20250419,2,171,10,12,22,Edward Moore,"26617 Castillo Mission, Los Angeles, CA, 90001",90001,ID00040,END,Low-Volume Prescriber
C799,R4945,B,20250109,3,171,16,49,65,John Villa,"71110 Garza Ridge Apt. 137, Los Angeles, CA, 90001",90001,ID00012,NEP,High-Volume Loyalist
C407,R1612,T,20250316,3,172,0,24,24,Karen Moore,"1184 Rachel Mountains Apt. 047, Philadelphia, PA, 19103",19103,ID00098,NEP,Unaware
C364,R5336,T,20250210,1,173,0,22,22,James Rhodes,"28272 Mary Lane, Houston, TX, 77001",77001,ID00136,CAR,Competitor Loyalist
C671,R6690,T,20250128,2,172,0,10,10,Stephen Lopez,"736 Graham Inlet, Atlanta, GA, 30301",30301,ID00091,CAR,Unaware
C782,R7691,B,20250401,2,171,18,39,57,Lori Williams MD,"31525 Colin Knoll, Philadelphia, PA, 19103",19103,ID00005,END,High-Volume Loyalist
C776,R5445,T,20250107,2,172,0,12,12,Mr. Scott Lopez,"99002 Vasquez Island Apt. 417, New York, NY, 10001",10001,ID00103,CAR,Unaware
C306,R5614,N,20241231,3,171,0,0,0,Ryan Baird,"115 Morales Spurs, Los Angeles, CA, 90001",90001,ID00116,END,Managed Care Restricted
C430,R5022,B,20250227,2,171,19,38,57,Emma Moore,"7136 Stephanie Drive, Philadelphia, PA, 19103",19103,ID00008,CAR,High-Volume Loyalist
C663,R6319,N,20250424,2,171,0,0,0,John Garcia,"59147 Keith Drives, New York, NY, 10001",10001,ID00096,CAR,Unaware
C936,R3276,T,20250110,1,171,0,0,0,Timothy Lewis,"60203 Cindy Lock, Atlanta, GA, 30301",30301,ID00126,CAR,Competitor Loyalist
C873,R9955,N,20250425,3,171,13,0,13,Jeremy Haynes,"4394 Gray Manor, New York, NY, 10001",10001,ID00065,NEP,New Adopter
C686,R3406,T,20250116,3,173,0,30,30,Peter Morse,"83908 Garcia Turnpike, Chicago, IL, 60601",60601,ID00074,CAR,Aware Non-Prescriber
C695,R8786,T,20241231,1,173,0,30,30,Jeffrey Salazar,"8770 Thomas Wells Apt. 251, New York, NY, 10001",10001,ID00090,NEP,Unaware
C832,R5243,T,20250425,2,173,0,25,25,Bryan Johnson,"714 Watkins Unions Suite 059, Philadelphia, PA, 19103",19103,ID00137,END,Competitor Loyalist
C264,R2128,T,20250426,3,173,0,22,22,Tiffany Gonzalez,"266 Robertson Heights, Los Angeles, CA, 90001",90001,ID00092,END,Unaware
C219,R3999,B,20250208,1,171,6,14,20,Colton Ortiz,"002 Jessica Ford Suite 996, New York, NY, 10001",10001,ID00037,END,Low-Volume Prescriber
C893,R5264,B,20250217,3,171,11,38,49,Dr. Cynthia Miller,"725 Mills Forge, Seattle, WA, 98101",98101,ID00020,NEP,High-Volume Loyalist
C820,R5794,B,20250316,3,171,6,15,21,Brian Roberts,"4298 Lowery Garden Suite 160, Los Angeles, CA, 90001",90001,ID00039,CAR,Low-Volume Prescriber
C796,R9476,B,20250322,1,171,8,17,25,Ricky Harris,"082 Sanchez River, Chicago, IL, 60601",60601,ID00021,NEP,Low-Volume Prescriber
C727,R4783,N,20250317,3,171,0,0,0,Olivia Ortiz,"37350 Rodriguez Garden, Houston, TX, 77001",77001,ID00107,CAR,Managed Care Restricted
C340,R9807,B,20250206,2,171,11,33,44,Mariah Bailey,"1518 Austin Knoll, Philadelphia, PA, 19103",19103,ID00013,CAR,High-Volume Loyalist
C243,R1584,T,20250403,1,173,0,30,30,Tina Reed,"19172 Miller Vista, Philadelphia, PA, 19103",19103,ID00139,END,Competitor Loyalist
C205,R7609,N,20250114,2,171,8,0,8,Cynthia French,"3991 Brennan Underpass, Philadelphia, PA, 19103",19103,ID00062,END,New Adopter
C178,R9430,T,20250224,1,172,0,17,17,Alan Wilson,"562 Steele Brooks, Philadelphia, PA, 19103",19103,ID00073,END,Aware Non-Prescriber
C435,R4467,B,20250122,1,171,14,42,56,James Bradford,"48045 Natasha Vista Suite 907, Seattle, WA, 98101",98101,ID00007,END,High-Volume Loyalist
C397,R7293,B,20250130,1,171,5,10,15,Dr. Ann Richards,"943 Valdez Haven, Chicago, IL, 60601",60601,ID00023,NEP,Low-Volume Prescriber
C290,R5742,B,20250428,1,171,8,17,25,Brian Webb,"98193 Donna Mill Suite 101, Los Angeles, CA, 90001",90001,ID00026,NEP,Low-Volume Prescriber
C171,R3324,B,20250420,1,171,19,42,61,Jillian Hall,"63505 Sheryl Mountains, Seattle, WA, 98101",98101,ID00015,CAR,High-Volume Loyalist
C888,R4401,B,20250220,1,171,9,15,24,Michael Campbell,"272 Glass Prairie, Atlanta, GA, 30301",30301,ID00045,END,Low-Volume Prescriber
C100,R6435,N,20250101,3,171,15,0,15,Jodi Griffith,"37360 Beth Coves Apt. 692, Seattle, WA, 98101",98101,ID00048,CAR,New Adopter
C803,R8770,B,20250325,2,171,15,34,49,Jason Webster,"36796 Ballard Fork Suite 800, Houston, TX, 77001",77001,ID00014,END,High-Volume Loyalist
C890,R5331,B,20250211,3,171,7,20,27,Nicholas Kelley,"579 Scott Squares, Los Angeles, CA, 90001",90001,ID00025,END,Low-Volume Prescriber
C522,R4080,T,20250412,2,173,0,26,26,David Mccoy,"65524 Thomas Track, Chicago, IL, 60601",60601,ID00086,CAR,Unaware
C277,R3738,N,20250117,1,171,15,0,15,Robert Ramirez,"28928 Jeffrey Circle Apt. 512, Atlanta, GA, 30301",30301,ID00052,NEP,New Adopter
C244,R1301,T,20250319,3,173,0,30,30,John Thomas,"03583 Duncan Walk Apt. 643, Seattle, WA, 98101",98101,ID00102,CAR,Unaware
C590,R6147,B,20250206,2,171,9,13,22,Amanda Thompson,"199 Angela Circles, New York, NY, 10001",10001,ID00035,NEP,Low-Volume Prescriber
C991,R5889,B,20250304,1,171,18,33,51,Stephanie Hawkins,"2393 Oneill Corner, New York, NY, 10001",10001,ID00002,CAR,High-Volume Loyalist
C964,R3611,N,20250113,1,171,8,0,8,Jocelyn Norris,"170 Bonnie Isle Apt. 987, New York, NY, 10001",10001,ID00060,END,New Adopter
C303,R9202,T,20250110,1,172,0,28,28,Lori Clark,"889 Curtis Summit Apt. 266, Atlanta, GA, 30301",30301,ID00104,NEP,Unaware
C307,R1057,N,20250424,1,171,0,0,0,Ryan Evans,"1962 Burns Mission, Houston, TX, 77001",77001,ID00112,END,Managed Care Restricted
C258,R7084,T,20250328,3,173,0,18,18,Jeffrey Salazar,"8770 Thomas Wells Apt. 251, New York, NY, 10001",10001,ID00090,NEP,Unaware
C598,R8155,T,20250117,3,173,0,24,24,Michelle Peters,"68718 Rivera Motorway, Philadelphia, PA, 19103",19103,ID00128,END,Competitor Loyalist
C587,R9724,T,20250228,2,172,0,15,15,Sandra Mccoy,"96055 Megan Valley, Seattle, WA, 98101",98101,ID00133,CAR,Competitor Loyalist
C530,R7135,B,20250122,1,171,10,20,30,Erin Simmons,"2413 Donna Village, New York, NY, 10001",10001,ID00028,NEP,Low-Volume Prescriber
C610,R4271,T,20250122,3,172,0,22,22,Valerie Smith,"2865 Rodriguez Pike Apt. 296, New York, NY, 10001",10001,ID00080,NEP,Aware Non-Prescriber
C277,R3733,B,20250302,3,171,9,20,29,Colton Ortiz,"002 Jessica Ford Suite 996, New York, NY, 10001",10001,ID00037,END,Low-Volume Prescriber
C168,R1717,N,20250306,3,171,0,0,0,Manuel Young,"36774 James Fords Apt. 798, New York, NY, 10001",10001,ID00093,NEP,Unaware
C371,R7484,B,20250125,3,171,15,37,52,Jill King,"9346 Eric Highway, Los Angeles, CA, 90001",90001,ID00004,NEP,High-Volume Loyalist
C705,R3476,T,20250317,1,171,0,0,0,Scott Johnson,"09995 Charles Plain, Philadelphia, PA, 19103",19103,ID00132,CAR,Competitor Loyalist
C470,R7272,B,20250107,1,171,20,41,61,Dr. Cynthia Miller,"725 Mills Forge, Seattle, WA, 98101",98101,ID00020,NEP,High-Volume Loyalist
C893,R8069,T,20250324,1,173,0,17,17,Timothy Mccarthy,"3359 Harrell Center, Atlanta, GA, 30301",30301,ID00075,END,Aware Non-Prescriber
C473,R3153,B,20250409,2,171,10,48,58,John Villa,"71110 Garza Ridge Apt. 137, Los Angeles, CA, 90001",90001,ID00012,NEP,High-Volume Loyalist
C968,R8901,T,20250318,1,173,0,20,20,Reginald Baker,"502 John Extension, Houston, TX, 77001",77001,ID00081,NEP,Aware Non-Prescriber
C364,R5336,T,20250210,1,171,0,0,0,James Rhodes,"28272 Mary Lane, Houston, TX, 77001",77001,ID00136,CAR,Competitor Loyalist
C770,R1136,N,20250105,2,171,0,0,0,Mr. Scott Lopez,"99002 Vasquez Island Apt. 417, New York, NY, 10001",10001,ID00103,CAR,Unaware
C215,R8889,T,20250330,2,173,0,22,22,Renee Montoya,"42137 Susan Groves Suite 215, Houston, TX, 77001",77001,ID00129,NEP,Competitor Loyalist
C202,R4513,T,20250225,3,172,0,27,27,Stephen Smith,"295 Randolph Skyway, Philadelphia, PA, 19103",19103,ID00077,END,Aware Non-Prescriber
C520,R8651,B,20250324,2,171,15,43,58,Andrea Miller,"677 Johnson Rue, Chicago, IL, 60601",60601,ID00003,END,High-Volume Loyalist
C972,R5819,T,20250219,1,172,0,15,15,Michelle Ross,"5963 Connor Spring, Houston, TX, 77001",77001,ID00127,NEP,Competitor Loyalist
C998,R6187,T,20250125,3,172,0,13,13,Timothy Lewis,"60203 Cindy Lock, Atlanta, GA, 30301",30301,ID00126,CAR,Competitor Loyalist
C898,R7544,B,20250119,1,171,0,0,0,Suzanne Barnett,"169 Carol Lights Apt. 195, New York, NY, 10001",10001,ID00078,CAR,Aware Non-Prescriber
C595,R9579,N,20250123,2,171,0,0,0,Joy Diaz,"140 Donna Trafficway, Los Angeles, CA, 90001",90001,ID00119,CAR,Managed Care Restricted
C769,R3435,B,20250310,2,171,0,0,0,Jonathan Joseph,"5976 Cabrera Orchard Suite 124, Chicago, IL, 60601",60601,ID00072,CAR,Aware Non-Prescriber
C123,R6620,B,20250206,1,171,10,11,21,Holly Johnson,"364 Donald Locks Suite 870, Seattle, WA, 98101",98101,ID00036,NEP,Low-Volume Prescriber
C987,R2654,B,20250407,2,171,11,37,48,Michelle Elliott,"8851 Kevin Cliff, Atlanta, GA, 30301",30301,ID00001,CAR,High-Volume Loyalist
C553,R6772,T,20250308,3,172,0,11,11,John Garcia,"59147 Keith Drives, New York, NY, 10001",10001,ID00096,CAR,Unaware
C303,R9202,T,20250110,1,172,0,25,25,Lori Clark,"889 Curtis Summit Apt. 266, Atlanta, GA, 30301",30301,ID00104,NEP,Unaware
C768,R5773,T,20250128,2,172,0,17,17,James Warner,"222 Joseph Land Apt. 785, New York, NY, 10001",10001,ID00083,END,Aware Non-Prescriber
C731,R6008,T,20250302,2,173,0,22,22,Amy Ward,"777 Aaron Junctions, Philadelphia, PA, 19103",19103,ID00070,CAR,Aware Non-Prescriber
C892,R5934,T,20250427,2,173,0,17,17,Catherine Elliott,"605 Jessica Lodge, Chicago, IL, 60601",60601,ID00066,CAR,Aware Non-Prescriber
C215,R7790,N,20250409,3,171,14,0,14,Robert Ramirez,"28928 Jeffrey Circle Apt. 512, Atlanta, GA, 30301",30301,ID00052,NEP,New Adopter
C898,R7544,T,20250119,1,173,0,30,30,Suzanne Barnett,"169 Carol Lights Apt. 195, New York, NY, 10001",10001,ID00078,CAR,Aware Non-Prescriber
C588,R4809,T,20250222,1,173,0,14,14,Tammy Rose,"86335 Lawson Ranch Apt. 743, Los Angeles, CA, 90001",90001,ID00076,END,Aware Non-Prescriber
C608,R9151,B,20250423,2,171,15,35,50,Dr. Cynthia Miller,"725 Mills Forge, Seattle, WA, 98101",98101,ID00020,NEP,High-Volume Loyalist
C910,R3392,B,20250416,3,171,20,40,60,Jon Thomas,"14771 Patrick Ville, Seattle, WA, 98101",98101,ID00018,NEP,High-Volume Loyalist
C663,R3587,B,20250111,3,171,6,10,16,Brian Webb,"98193 Donna Mill Suite 101, Los Angeles, CA, 90001",90001,ID00026,NEP,Low-Volume Prescriber
C671,R7802,N,20250311,3,171,0,0,0,Cynthia Graves,"1646 Samuel Crescent Suite 809, New York, NY, 10001",10001,ID00095,NEP,Unaware
C400,R2599,N,20250417,1,171,10,0,10,Amanda Gillespie,"16188 Krystal Place, Atlanta, GA, 30301",30301,ID00055,NEP,New Adopter
C693,R4817,T,20250118,3,172,0,27,27,Michael Garcia,"29926 Kathryn Overpass, Los Angeles, CA, 90001",90001,ID00140,END,Competitor Loyalist
C855,R4396,N,20250410,1,171,0,0,0,Ryan Baird,"115 Morales Spurs, Los Angeles, CA, 90001",90001,ID00116,END,Managed Care Restricted
C238,R5945,T,20250101,3,173,0,20,20,James Steele,"0564 Katherine Tunnel Apt. 235, Atlanta, GA, 30301",30301,ID00097,END,Unaware
C870,R7765,T,20250416,2,171,0,0,0,Scott Johnson,"09995 Charles Plain, Philadelphia, PA, 19103",19103,ID00132,CAR,Competitor Loyalist
C782,R3877,B,20250318,3,171,5,14,19,Scott Turner,"0766 Schneider Ways, New York, NY, 10001",10001,ID00043,CAR,Low-Volume Prescriber
C377,R2276,B,20250209,1,171,8,15,23,Scott Turner,"0766 Schneider Ways, New York, NY, 10001",10001,ID00043,CAR,Low-Volume Prescriber
C188,R2077,B,20250227,3,171,6,19,25,Ricky Harris,"082 Sanchez River, Chicago, IL, 60601",60601,ID00021,NEP,Low-Volume Prescriber
C502,R3572,T,20250210,2,173,0,25,25,Lori Clark,"889 Curtis Summit Apt. 266, Atlanta, GA, 30301",30301,ID00104,NEP,Unaware
C716,R2938,T,20250122,1,173,0,28,28,Peter Morse,"83908 Garcia Turnpike, Chicago, IL, 60601",60601,ID00074,CAR,Aware Non-Prescriber
C730,R5603,T,20250131,1,172,0,21,21,Luis Lozano,"59703 David Ford Apt. 715, Los Angeles, CA, 90001",90001,ID00131,END,Competitor Loyalist
C378,R9060,T,20250319,2,172,0,16,16,David Mccoy,"65524 Thomas Track, Chicago, IL, 60601",60601,ID00086,CAR,Unaware
C828,R7271,T,20250320,2,173,0,17,17,Michelle Ross,"5963 Connor Spring, Houston, TX, 77001",77001,ID00127,NEP,Competitor Loyalist
C525,R9897,T,20250409,3,173,0,16,16,Catherine Elliott,"605 Jessica Lodge, Chicago, IL, 60601",60601,ID00066,CAR,Aware Non-Prescriber
C507,R4638,T,20250302,1,173,0,18,18,Reginald Baker,"502 John Extension, Houston, TX, 77001",77001,ID00081,NEP,Aware Non-Prescriber
C666,R7841,B,20250403,1,171,5,14,19,Tina Wilson,"63359 Blake Center, Philadelphia, PA, 19103",19103,ID00031,NEP,Low-Volume Prescriber
C110,R1138,T,20250208,3,172,0,13,13,John Church,"5132 Crystal Prairie, Los Angeles, CA, 90001",90001,ID00135,NEP,Competitor Loyalist
C828,R7271,T,20250320,2,173,0,15,15,Michelle Ross,"5963 Connor Spring, Houston, TX, 77001",77001,ID00127,NEP,Competitor Loyalist
C738,R3389,T,20250318,2,172,0,11,11,John Jones,"27478 Holland Mountains, Philadelphia, PA, 19103",19103,ID00101,END,Unaware
C403,R4727,B,20250316,2,171,11,36,47,Emma Moore,"7136 Stephanie Drive, Philadelphia, PA, 19103",19103,ID00008,CAR,High-Volume Loyalist
C946,R1660,B,20250110,1,171,10,14,24,Michael Campbell,"272 Glass Prairie, Atlanta, GA, 30301",30301,ID00045,END,Low-Volume Prescriber
C145,R1201,B,20250128,3,171,9,10,19,Scott Turner,"0766 Schneider Ways, New York, NY, 10001",10001,ID00043,CAR,Low-Volume Prescriber
C647,R1096,T,20250101,2,173,0,20,20,Dr. Joseph Hughes,"89401 Robert Run Apt. 512, Atlanta, GA, 30301",30301,ID00068,CAR,Aware Non-Prescriber
C190,R5017,T,20250306,3,171,0,0,0,Jessica Matthews,"0909 Miller Dam Apt. 891, Los Angeles, CA, 90001",90001,ID00130,END,Competitor Loyalist
C315,R4492,T,20250308,1,172,0,12,12,Dean Dunn,"68691 Candace Center, Los Angeles, CA, 90001",90001,ID00067,NEP,Aware Non-Prescriber
C138,R1932,B,20250108,2,171,17,44,61,Brian Perez,"2053 Nicole Mountains Suite 024, Los Angeles, CA, 90001",90001,ID00017,END,High-Volume Loyalist
C556,R3608,T,20250405,3,172,0,25,25,Jonathan Joseph,"5976 Cabrera Orchard Suite 124, Chicago, IL, 60601",60601,ID00072,CAR,Aware Non-Prescriber
C515,R2140,T,20250121,2,171,0,0,0,Timothy Lewis,"60203 Cindy Lock, Atlanta, GA, 30301",30301,ID00126,CAR,Competitor Loyalist
C452,R5698,T,20241230,3,172,0,28,28,Brittany Christensen,"828 Brandon Square Apt. 201, Chicago, IL, 60601",60601,ID00085,END,Aware Non-Prescriber
C432,R9363,T,20250121,2,172,0,18,18,James Warner,"222 Joseph Land Apt. 785, New York, NY, 10001",10001,ID00083,END,Aware Non-Prescriber
C355,R4817,T,20250422,3,173,0,17,17,James Steele,"0564 Katherine Tunnel Apt. 235, Atlanta, GA, 30301",30301,ID00097,END,Unaware
C669,R1982,B,20250223,1,171,15,34,49,Jillian Hall,"63505 Sheryl Mountains, Seattle, WA, 98101",98101,ID00015,CAR,High-Volume Loyalist
C537,R6120,B,20250219,2,171,11,40,51,Jason Webster,"36796 Ballard Fork Suite 800, Houston, TX, 77001",77001,ID00014,END,High-Volume Loyalist
C107,R9161,T,20250222,3,173,0,13,13,Renee Montoya,"42137 Susan Groves Suite 215, Houston, TX, 77001",77001,ID00129,NEP,Competitor Loyalist
C143,R7643,T,20250211,3,171,0,0,0,Michael Garcia,"29926 Kathryn Overpass, Los Angeles, CA, 90001",90001,ID00140,END,Competitor Loyalist
C342,R9220,T,20250417,3,172,0,25,25,Renee Montoya,"42137 Susan Groves Suite 215, Houston, TX, 77001",77001,ID00129,NEP,Competitor Loyalist
C937,R4825,N,20250224,1,171,0,0,0,John Jones,"27478 Holland Mountains, Philadelphia, PA, 19103",19103,ID00101,END,Unaware
C760,R2007,T,20250209,2,173,0,27,27,Timothy Lewis,"60203 Cindy Lock, Atlanta, GA, 30301",30301,ID00126,CAR,Competitor Loyalist
C494,R4114,B,20250223,3,171,18,33,51,Lori Williams MD,"31525 Colin Knoll, Philadelphia, PA, 19103",19103,ID00005,END,High-Volume Loyalist
C146,R1893,B,20250330,3,171,12,38,50,Clinton Diaz,"85425 Laura Summit Suite 944, Philadelphia, PA, 19103",19103,ID00009,END,High-Volume Loyalist
C533,R5533,B,20250131,1,171,11,50,61,Jill King,"9346 Eric Highway, Los Angeles, CA, 90001",90001,ID00004,NEP,High-Volume Loyalist
C843,R8982,T,20250131,1,171,0,0,0,Amy Ward,"777 Aaron Junctions, Philadelphia, PA, 19103",19103,ID00070,CAR,Aware Non-Prescriber
C484,R2314,B,20250423,2,171,8,16,24,Erin Simmons,"2413 Donna Village, New York, NY, 10001",10001,ID00028,NEP,Low-Volume Prescriber
C737,R9422,N,20250113,1,171,0,0,0,Ashley Leach,"30119 Gina Green Suite 169, Seattle, WA, 98101",98101,ID00121,NEP,Managed Care Restricted
C147,R1653,T,20250217,2,172,0,13,13,Alan Wilson,"562 Steele Brooks, Philadelphia, PA, 19103",19103,ID00073,END,Aware Non-Prescriber
C828,R1941,B,20250428,2,171,0,0,0,Suzanne Barnett,"169 Carol Lights Apt. 195, New York, NY, 10001",10001,ID00078,CAR,Aware Non-Prescriber
C840,R2659,N,20250118,1,171,9,0,9,Vincent Sanders,"5175 Lance Hills, Houston, TX, 77001",77001,ID00059,NEP,New Adopter
C821,R4262,N,20250226,1,171,13,0,13,Stephanie Jackson,"336 Catherine Terrace Apt. 956, Philadelphia, PA, 19103",19103,ID00053,CAR,New Adopter
C204,R9796,B,20250405,3,171,5,19,24,Colton Ortiz,"002 Jessica Ford Suite 996, New York, NY, 10001",10001,ID00037,END,Low-Volume Prescriber
C398,R7389,T,20250225,3,172,0,12,12,Timothy Lewis,"60203 Cindy Lock, Atlanta, GA, 30301",30301,ID00126,CAR,Competitor Loyalist
C153,R4568,N,20250124,2,171,0,0,0,Amy Terry,"7327 Gary Ways Suite 354, Seattle, WA, 98101",98101,ID00089,NEP,Unaware
C594,R6706,B,20250211,2,171,6,18,24,Holly Johnson,"364 Donald Locks Suite 870, Seattle, WA, 98101",98101,ID00036,NEP,Low-Volume Prescriber
C264,R2128,T,20250426,3,173,0,24,24,Tiffany Gonzalez,"266 Robertson Heights, Los Angeles, CA, 90001",90001,ID00092,END,Unaware
C525,R9897,T,20250409,3,171,0,0,0,Catherine Elliott,"605 Jessica Lodge, Chicago, IL, 60601",60601,ID00066,CAR,Aware Non-Prescriber
C842,R6169,N,20250206,3,171,0,0,0,Daniel Cooper,"16128 Tracy Burg Apt. 578, Atlanta, GA, 30301",30301,ID00117,CAR,Managed Care Restricted
C719,R6395,T,20250222,2,173,0,18,18,Mrs. Kristin Rodriguez,"484 Caldwell Ways Apt. 822, New York, NY, 10001",10001,ID00105,NEP,Unaware
C109,R8052,T,20250405,2,173,0,24,24,Brittany Christensen,"828 Brandon Square Apt. 201, Chicago, IL, 60601",60601,ID00085,END,Aware Non-Prescriber
C210,R7790,N,20250414,1,171,13,0,13,John Allen,"6872 Katie Ford, Houston, TX, 77001",77001,ID00063,CAR,New Adopter
C173,R5362,T,20250130,1,172,0,22,22,Audrey Ruiz,"8055 Martha Curve Apt. 773, Philadelphia, PA, 19103",19103,ID00100,END,Unaware
C911,R8905,T,20250401,2,172,0,11,11,Karen Moore,"1184 Rachel Mountains Apt. 047, Philadelphia, PA, 19103",19103,ID00098,NEP,Unaware
C565,R9346,T,20250319,1,173,0,11,11,Renee Montoya,"42137 Susan Groves Suite 215, Houston, TX, 77001",77001,ID00129,NEP,Competitor Loyalist
C777,R5122,T,20250115,3,172,0,28,28,Tammy Rivera,"7813 Bradshaw Lane, Los Angeles, CA, 90001",90001,ID00084,NEP,Aware Non-Prescriber
C632,R9821,B,20250131,1,171,16,30,46,Lori Williams MD,"31525 Colin Knoll, Philadelphia, PA, 19103",19103,ID00005,END,High-Volume Loyalist
C791,R1826,N,20250102,2,171,0,0,0,Jessica Chan,"3929 William Court Suite 842, Seattle, WA, 98101",98101,ID00122,END,Managed Care Restricted
C747,R8015,B,20250328,2,171,10,19,29,Brian Roberts,"4298 Lowery Garden Suite 160, Los Angeles, CA, 90001",90001,ID00039,CAR,Low-Volume Prescriber
C450,R7885,N,20250303,1,171,0,0,0,Tiffany Mckee,"9995 Hill Loop, Chicago, IL, 60601",60601,ID00087,CAR,Unaware
C409,R4869,T,20250213,3,173,0,25,25,Lori Clark,"889 Curtis Summit Apt. 266, Atlanta, GA, 30301",30301,ID00104,NEP,Unaware
C867,R4961,T,20250227,3,171,0,0,0,Devin Watkins,"915 Alejandro Dam Suite 837, Seattle, WA, 98101",98101,ID00134,CAR,Competitor Loyalist
C406,R7391,T,20250324,1,172,0,30,30,Tina Reed,"19172 Miller Vista, Philadelphia, PA, 19103",19103,ID00139,END,Competitor Loyalist
C937,R4825,T,20250224,1,173,0,15,15,John Jones,"27478 Holland Mountains, Philadelphia, PA, 19103",19103,ID00101,END,Unaware
C890,R5767,T,20250214,2,173,0,23,23,Jonathan Joseph,"5976 Cabrera Orchard Suite 124, Chicago, IL, 60601",60601,ID00072,CAR,Aware Non-Prescriber
C798,R9797,B,20250310,1,171,20,33,53,Stephanie Hawkins,"2393 Oneill Corner, New York, NY, 10001",10001,ID00002,CAR,High-Volume Loyalist
C629,R5247,B,20250119,2,171,7,18,25,Scott Turner,"0766 Schneider Ways, New York, NY, 10001",10001,ID00043,CAR,Low-Volume Prescriber
C818,R2741,N,20250310,3,171,13,0,13,Cynthia French,"3991 Brennan Underpass, Philadelphia, PA, 19103",19103,ID00062,END,New Adopter
C139,R7484,N,20250319,3,171,14,0,14,Robert Ramirez,"28928 Jeffrey Circle Apt. 512, Atlanta, GA, 30301",30301,ID00052,NEP,New Adopter
C103,R7298,T,20250309,1,171,0,0,0,Alejandro Gould,"48615 Craig Tunnel, New York, NY, 10001",10001,ID00138,NEP,Competitor Loyalist
C593,R2904,T,20250423,3,172,0,15,15,Paul Solomon,"98394 Leroy Garden Apt. 332, Houston, TX, 77001",77001,ID00079,END,Aware Non-Prescriber
C324,R7730,T,20250420,2,173,0,13,13,Timothy Mccarthy,"3359 Harrell Center, Atlanta, GA, 30301",30301,ID00075,END,Aware Non-Prescriber
C742,R9938,B,20250319,3,171,5,17,22,Gregory Hughes,"47230 Reynolds Landing Apt. 921, Los Angeles, CA, 90001",90001,ID00022,NEP,Low-Volume Prescriber
C646,R4918,B,20250405,3,171,17,37,54,Jon Thomas,"14771 Patrick Ville, Seattle, WA, 98101",98101,ID00018,NEP,High-Volume Loyalist
C157,R5366,T,20250416,1,172,0,23,23,Eric Becker,"33578 Charles Camp Apt. 263, Seattle, WA, 98101",98101,ID00088,END,Unaware
C375,R3048,N,20250112,2,171,0,0,0,Tiffany Mckee,"9995 Hill Loop, Chicago, IL, 60601",60601,ID00087,CAR,Unaware
C418,R1721,N,20250113,1,171,0,0,0,Mariah Tyler,"212 James Ports Apt. 357, Seattle, WA, 98101",98101,ID00120,CAR,Managed Care Restricted
C554,R9290,N,20250425,1,171,0,0,0,Joy Diaz,"140 Donna Trafficway, Los Angeles, CA, 90001",90001,ID00119,CAR,Managed Care Restricted
C443,R1023,B,20250212,3,171,10,10,20,Heather Hall,"185 Peterson Unions, Atlanta, GA, 30301",30301,ID00044,CAR,Low-Volume Prescriber
C653,R1533,T,20250411,2,172,0,23,23,Reginald Baker,"502 John Extension, Houston, TX, 77001",77001,ID00081,NEP,Aware Non-Prescriber
C350,R1724,B,20250225,3,171,10,10,20,Tina Smith,"0220 Li Corner, Chicago, IL, 60601",60601,ID00029,NEP,Low-Volume Prescriber
C173,R9899,T,20250408,2,173,0,10,10,Eric Becker,"33578 Charles Camp Apt. 263, Seattle, WA, 98101",98101,ID00088,END,Unaware
C614,R9467,N,20250218,3,171,8,0,8,Kaitlyn Schwartz,"863 Stacy Spurs Suite 299, Atlanta, GA, 30301",30301,ID00051,CAR,New Adopter
C157,R9537,N,20250427,3,171,0,0,0,Daniel Cooper,"16128 Tracy Burg Apt. 578, Atlanta, GA, 30301",30301,ID00117,CAR,Managed Care Restricted
C302,R8993,T,20250301,3,172,0,10,10,Audrey Ruiz,"8055 Martha Curve Apt. 773, Philadelphia, PA, 19103",19103,ID00100,END,Unaware
C373,R2610,T,20250210,2,173,0,23,23,Devin Watkins,"915 Alejandro Dam Suite 837, Seattle, WA, 98101",98101,ID00134,CAR,Competitor Loyalist
C888,R4985,T,20250216,3,172,0,15,15,Paul Solomon,"98394 Leroy Garden Apt. 332, Houston, TX, 77001",77001,ID00079,END,Aware Non-Prescriber
C692,R6901,N,20250226,3,171,0,0,0,Erin Bautista,"17802 Morrison Club Suite 483, New York, NY, 10001",10001,ID00114,NEP,Managed Care Restricted
C896,R6931,B,20250404,1,171,17,44,61,Jason Webster,"36796 Ballard Fork Suite 800, Houston, TX, 77001",77001,ID00014,END,High-Volume Loyalist
C692,R3770,T,20250320,2,172,0,19,19,Luis Lozano,"59703 David Ford Apt. 715, Los Angeles, CA, 90001",90001,ID00131,END,Competitor Loyalist
C520,R9221,B,20250221,1,171,8,13,21,Nicholas Kelley,"579 Scott Squares, Los Angeles, CA, 90001",90001,ID00025,END,Low-Volume Prescriber
C409,R4869,T,20250213,3,172,0,26,26,Lori Clark,"889 Curtis Summit Apt. 266, Atlanta, GA, 30301",30301,ID00104,NEP,Unaware
C587,R1639,T,20250317,1,173,0,24,24,Timothy Mccarthy,"3359 Harrell Center, Atlanta, GA, 30301",30301,ID00075,END,Aware Non-Prescriber
C656,R6696,T,20250312,1,173,0,28,28,Stephen Lopez,"736 Graham Inlet, Atlanta, GA, 30301",30301,ID00091,CAR,Unaware
C968,R3717,T,20250304,1,172,0,16,16,Jonathan Joseph,"5976 Cabrera Orchard Suite 124, Chicago, IL, 60601",60601,ID00072,CAR,Aware Non-Prescriber
C841,R4120,B,20250417,2,171,5,18,23,Douglas Mcclain,"09854 Barrett Stravenue, Philadelphia, PA, 19103",19103,ID00030,NEP,Low-Volume Prescriber
C243,R1584,T,20250403,1,173,0,23,23,Tina Reed,"19172 Miller Vista, Philadelphia, PA, 19103",19103,ID00139,END,Competitor Loyalist
C810,R2823,T,20241231,2,173,0,12,12,John Thomas,"03583 Duncan Walk Apt. 643, Seattle, WA, 98101",98101,ID00102,CAR,Unaware
C222,R1126,B,20250406,2,171,14,40,54,John Campbell,"53474 Jeffrey Estates, Seattle, WA, 98101",98101,ID00016,END,High-Volume Loyalist
C507,R2621,T,20250206,2,172,0,25,25,Jill Taylor,"10380 Owens Pine, Chicago, IL, 60601",60601,ID00082,END,Aware Non-Prescriber
C756,R3762,B,20250318,3,171,5,18,23,Gregory Hughes,"47230 Reynolds Landing Apt. 921, Los Angeles, CA, 90001",90001,ID00022,NEP,Low-Volume Prescriber
C137,R8526,N,20250125,3,171,0,0,0,Mariah Tyler,"212 James Ports Apt. 357, Seattle, WA, 98101",98101,ID00120,CAR,Managed Care Restricted
C789,R2795,B,20250228,1,171,7,15,22,Jennifer Rodriguez,"943 Amber Park, Los Angeles, CA, 90001",90001,ID00024,NEP,Low-Volume Prescriber
C708,R2392,B,20250309,1,171,7,18,25,Amanda Thompson,"199 Angela Circles, New York, NY, 10001",10001,ID00035,NEP,Low-Volume Prescriber
C553,R3071,B,20250130,3,171,0,0,0,Tammy Rivera,"7813 Bradshaw Lane, Los Angeles, CA, 90001",90001,ID00084,NEP,Aware Non-Prescriber
C896,R3683,B,20250120,3,171,19,33,52,James Bradford,"48045 Natasha Vista Suite 907, Seattle, WA, 98101",98101,ID00007,END,High-Volume Loyalist
C271,R5523,T,20250209,1,172,0,23,23,Jeffrey Salazar,"8770 Thomas Wells Apt. 251, New York, NY, 10001",10001,ID00090,NEP,Unaware
C716,R9341,B,20250311,2,171,6,13,19,Jennifer Rodriguez,"943 Amber Park, Los Angeles, CA, 90001",90001,ID00024,NEP,Low-Volume Prescriber
C387,R9054,N,20250413,2,171,12,0,12,Stephanie Jackson,"336 Catherine Terrace Apt. 956, Philadelphia, PA, 19103",19103,ID00053,CAR,New Adopter
C776,R5445,T,20250107,2,173,0,30,30,Mr. Scott Lopez,"99002 Vasquez Island Apt. 417, New York, NY, 10001",10001,ID00103,CAR,Unaware
C986,R1510,T,20250113,2,172,0,12,12,Michelle Ross,"5963 Connor Spring, Houston, TX, 77001",77001,ID00127,NEP,Competitor Loyalist
C195,R8901,T,20250421,3,172,0,16,16,Timothy Mccarthy,"3359 Harrell Center, Atlanta, GA, 30301",30301,ID00075,END,Aware Non-Prescriber
C689,R9269,N,20250225,3,171,0,0,0,Katrina Torres,"4105 King Ridges Apt. 254, Seattle, WA, 98101",98101,ID00099,NEP,Unaware
C648,R5697,B,20241231,1,171,9,14,23,Kristin Woods,"6290 Harrington Pass, Atlanta, GA, 30301",30301,ID00032,NEP,Low-Volume Prescriber
C811,R5981,T,20250120,1,171,0,0,0,Luis Lozano,"59703 David Ford Apt. 715, Los Angeles, CA, 90001",90001,ID00131,END,Competitor Loyalist
C864,R8846,B,20250428,1,171,10,11,21,Douglas Mcclain,"09854 Barrett Stravenue, Philadelphia, PA, 19103",19103,ID00030,NEP,Low-Volume Prescriber
C416,R4757,T,20250109,3,173,0,29,29,Tammy Rivera,"7813 Bradshaw Lane, Los Angeles, CA, 90001",90001,ID00084,NEP,Aware Non-Prescriber
C499,R7199,T,20250403,3,172,0,13,13,David Mccoy,"65524 Thomas Track, Chicago, IL, 60601",60601,ID00086,CAR,Unaware
C491,R7366,T,20250203,1,173,0,24,24,James Rhodes,"28272 Mary Lane, Houston, TX, 77001",77001,ID00136,CAR,Competitor Loyalist
C392,R9047,B,20250330,2,171,13,49,62,Dr. Cynthia Miller,"725 Mills Forge, Seattle, WA, 98101",98101,ID00020,NEP,High-Volume Loyalist
C452,R9231,N,20250301,3,171,15,0,15,Benjamin Tucker,"9040 Smith Causeway, Los Angeles, CA, 90001",90001,ID00047,END,New Adopter
C178,R9430,T,20250224,1,171,0,0,0,Alan Wilson,"562 Steele Brooks, Philadelphia, PA, 19103",19103,ID00073,END,Aware Non-Prescriber
C228,R3200,T,20250420,3,171,0,0,0,Michelle Peters,"68718 Rivera Motorway, Philadelphia, PA, 19103",19103,ID00128,END,Competitor Loyalist
C447,R1918,T,20250101,1,171,0,0,0,Michael Garcia,"29926 Kathryn Overpass, Los Angeles, CA, 90001",90001,ID00140,END,Competitor Loyalist
C837,R4907,T,20250123,1,171,0,0,0,Tina Reed,"19172 Miller Vista, Philadelphia, PA, 19103",19103,ID00139,END,Competitor Loyalist
C585,R3167,N,20250419,3,171,8,0,8,Dwayne Jones,"111 Vance Passage, Los Angeles, CA, 90001",90001,ID00054,END,New Adopter
C453,R6139,B,20250103,1,171,19,43,62,Lori Williams MD,"31525 Colin Knoll, Philadelphia, PA, 19103",19103,ID00005,END,High-Volume Loyalist
C998,R7732,N,20250409,2,171,13,0,13,Robert Ramirez,"28928 Jeffrey Circle Apt. 512, Atlanta, GA, 30301",30301,ID00052,NEP,New Adopter
C701,R3981,B,20250212,1,171,9,20,29,Ricky Harris,"082 Sanchez River, Chicago, IL, 60601",60601,ID00021,NEP,Low-Volume Prescriber
C659,R9573,N,20250126,1,171,0,0,0,John Thomas,"03583 Duncan Walk Apt. 643, Seattle, WA, 98101",98101,ID00102,CAR,Unaware
C108,R9362,T,20250110,3,171,0,0,0,Michelle Ross,"5963 Connor Spring, Houston, TX, 77001",77001,ID00127,NEP,Competitor Loyalist
C840,R2889,B,20250407,1,171,9,20,29,Scott Turner,"0766 Schneider Ways, New York, NY, 10001",10001,ID00043,CAR,Low-Volume Prescriber
C688,R6797,N,20250201,3,171,0,0,0,Kevin Vaughan,"66337 Lyons Island, Atlanta, GA, 30301",30301,ID00115,CAR,Managed Care Restricted
C764,R3732,N,20250328,2,171,14,0,14,Jocelyn Norris,"170 Bonnie Isle Apt. 987, New York, NY, 10001",10001,ID00060,END,New Adopter
C833,R6952,N,20250210,3,171,15,0,15,Cynthia French,"3991 Brennan Underpass, Philadelphia, PA, 19103",19103,ID00062,END,New Adopter
C472,R8066,B,20250327,3,171,20,36,56,Lori Williams MD,"31525 Colin Knoll, Philadelphia, PA, 19103",19103,ID00005,END,High-Volume Loyalist
C789,R7436,T,20250118,1,172,0,18,18,Katrina Torres,"4105 King Ridges Apt. 254, Seattle, WA, 98101",98101,ID00099,NEP,Unaware
C595,R6654,B,20250419,1,171,17,47,64,Mark Hunt,"050 Smith Land Apt. 308, Seattle, WA, 98101",98101,ID00011,END,High-Volume Loyalist
C243,R7704,N,20250104,1,171,15,0,15,Cynthia French,"3991 Brennan Underpass, Philadelphia, PA, 19103",19103,ID00062,END,New Adopter
C461,R6653,T,20250216,1,172,0,16,16,Alan Wilson,"562 Steele Brooks, Philadelphia, PA, 19103",19103,ID00073,END,Aware Non-Prescriber
C623,R8752,B,20250224,2,171,20,36,56,Kristin Elliott,"294 Schroeder Garden Apt. 703, Houston, TX, 77001",77001,ID00006,END,High-Volume Loyalist
C140,R7294,T,20250121,3,172,0,18,18,Tina Reed,"19172 Miller Vista, Philadelphia, PA, 19103",19103,ID00139,END,Competitor Loyalist
C710,R5526,B,20250411,2,171,15,38,53,Emma Moore,"7136 Stephanie Drive, Philadelphia, PA, 19103",19103,ID00008,CAR,High-Volume Loyalist
C989,R4734,N,20250418,3,171,9,0,9,Stephanie Jackson,"336 Catherine Terrace Apt. 956, Philadelphia, PA, 19103",19103,ID00053,CAR,New Adopter
C161,R1979,T,20250428,3,172,0,23,23,Jeffrey Salazar,"8770 Thomas Wells Apt. 251, New York, NY, 10001",10001,ID00090,NEP,Unaware
C565,R9346,T,20250319,1,173,0,16,16,Renee Montoya,"42137 Susan Groves Suite 215, Houston, TX, 77001",77001,ID00129,NEP,Competitor Loyalist
C904,R4629,T,20241230,2,172,0,18,18,Bonnie Davis,"5907 Angela Valley, New York, NY, 10001",10001,ID00071,END,Aware Non-Prescriber
C738,R3389,N,20250318,2,171,0,0,0,John Jones,"27478 Holland Mountains, Philadelphia, PA, 19103",19103,ID00101,END,Unaware
C753,R5895,T,20250131,2,172,0,17,17,Amy Terry,"7327 Gary Ways Suite 354, Seattle, WA, 98101",98101,ID00089,NEP,Unaware
C799,R5105,N,20250405,1,171,12,0,12,Jeffrey Norman,"2046 Steve River, Philadelphia, PA, 19103",19103,ID00064,NEP,New Adopter
C973,R2405,T,20250405,3,172,0,19,19,John Jones,"27478 Holland Mountains, Philadelphia, PA, 19103",19103,ID00101,END,Unaware
C133,R3938,B,20250424,3,171,9,20,29,Jonathan Lee,"582 Allison Glens Apt. 728, Chicago, IL, 60601",60601,ID00033,NEP,Low-Volume Prescriber
C672,R2185,T,20250220,3,173,0,24,24,Paul Solomon,"98394 Leroy Garden Apt. 332, Houston, TX, 77001",77001,ID00079,END,Aware Non-Prescriber
C837,R4907,T,20250123,1,172,0,10,10,Tina Reed,"19172 Miller Vista, Philadelphia, PA, 19103",19103,ID00139,END,Competitor Loyalist
C112,R5731,T,20250420,2,171,0,0,0,Sandra Mccoy,"96055 Megan Valley, Seattle, WA, 98101",98101,ID00133,CAR,Competitor Loyalist
C758,R9614,N,20250116,2,171,11,0,11,Benjamin Tucker,"9040 Smith Causeway, Los Angeles, CA, 90001",90001,ID00047,END,New Adopter
C298,R6206,T,20250111,2,172,0,18,18,Amy Ward,"777 Aaron Junctions, Philadelphia, PA, 19103",19103,ID00070,CAR,Aware Non-Prescriber
C213,R2577,N,20250322,2,171,0,0,0,Manuel Young,"36774 James Fords Apt. 798, New York, NY, 10001",10001,ID00093,NEP,Unaware
C729,R3776,T,20250409,3,173,0,15,15,Suzanne Barnett,"169 Carol Lights Apt. 195, New York, NY, 10001",10001,ID00078,CAR,Aware Non-Prescriber
C438,R7985,B,20250306,1,171,9,12,21,Holly Johnson,"364 Donald Locks Suite 870, Seattle, WA, 98101",98101,ID00036,NEP,Low-Volume Prescriber
C819,R7459,T,20250129,2,171,0,0,0,Michelle Ross,"5963 Connor Spring, Houston, TX, 77001",77001,ID00127,NEP,Competitor Loyalist
C224,R9770,T,20250328,2,173,0,13,13,Alejandro Gould,"48615 Craig Tunnel, New York, NY, 10001",10001,ID00138,NEP,Competitor Loyalist
C201,R2874,B,20250226,3,171,19,43,62,Jason Webster,"36796 Ballard Fork Suite 800, Houston, TX, 77001",77001,ID00014,END,High-Volume Loyalist
C353,R5537,B,20250212,2,171,7,12,19,Ruth Rodriguez,"72952 Anthony Ways, Houston, TX, 77001",77001,ID00041,CAR,Low-Volume Prescriber
C867,R4961,T,20250227,3,173,0,11,11,Devin Watkins,"915 Alejandro Dam Suite 837, Seattle, WA, 98101",98101,ID00134,CAR,Competitor Loyalist
C719,R6395,T,20250222,2,172,0,18,18,Mrs. Kristin Rodriguez,"484 Caldwell Ways Apt. 822, New York, NY, 10001",10001,ID00105,NEP,Unaware
C167,R6582,N,20250301,2,171,0,0,0,Tracey Powell,"3589 Timothy Harbor Suite 446, Los Angeles, CA, 90001",90001,ID00125,NEP,Managed Care Restricted
C341,R7326,B,20250105,2,171,18,41,59,Jon Thomas,"14771 Patrick Ville, Seattle, WA, 98101",98101,ID00018,NEP,High-Volume Loyalist
C880,R5372,N,20250122,1,171,0,0,0,Olivia Ortiz,"37350 Rodriguez Garden, Houston, TX, 77001",77001,ID00107,CAR,Managed Care Restricted
C995,R5489,B,20250421,3,171,7,12,19,Edward Moore,"26617 Castillo Mission, Los Angeles, CA, 90001",90001,ID00040,END,Low-Volume Prescriber
C264,R2128,T,20250426,3,172,0,29,29,Tiffany Gonzalez,"266 Robertson Heights, Los Angeles, CA, 90001",90001,ID00092,END,Unaware
C103,R7298,T,20250309,1,172,0,12,12,Alejandro Gould,"48615 Craig Tunnel, New York, NY, 10001",10001,ID00138,NEP,Competitor Loyalist
C835,R6640,T,20250426,2,172,0,14,14,Michelle Ross,"5963 Connor Spring, Houston, TX, 77001",77001,ID00127,NEP,Competitor Loyalist
C740,R5961,B,20250321,3,171,7,12,19,Gregory Hughes,"47230 Reynolds Landing Apt. 921, Los Angeles, CA, 90001",90001,ID00022,NEP,Low-Volume Prescriber
C261,R2210,B,20250424,2,171,20,47,67,John Villa,"71110 Garza Ridge Apt. 137, Los Angeles, CA, 90001",90001,ID00012,NEP,High-Volume Loyalist
C373,R2610,T,20250210,2,173,0,28,28,Devin Watkins,"915 Alejandro Dam Suite 837, Seattle, WA, 98101",98101,ID00134,CAR,Competitor Loyalist
C345,R4972,B,20250116,1,171,9,19,28,Brian Webb,"98193 Donna Mill Suite 101, Los Angeles, CA, 90001",90001,ID00026,NEP,Low-Volume Prescriber
C416,R3953,B,20250305,2,171,10,41,51,Jon Thomas,"14771 Patrick Ville, Seattle, WA, 98101",98101,ID00018,NEP,High-Volume Loyalist
C819,R7997,N,20250326,2,171,0,0,0,Cynthia Graves,"1646 Samuel Crescent Suite 809, New York, NY, 10001",10001,ID00095,NEP,Unaware
C504,R1897,B,20250325,2,171,10,37,47,John Campbell,"53474 Jeffrey Estates, Seattle, WA, 98101",98101,ID00016,END,High-Volume Loyalist
C998,R7920,N,20250326,3,171,12,0,12,Jeffrey Norman,"2046 Steve River, Philadelphia, PA, 19103",19103,ID00064,NEP,New Adopter
C879,R8989,T,20250213,1,171,0,0,0,Jonathan Joseph,"5976 Cabrera Orchard Suite 124, Chicago, IL, 60601",60601,ID00072,CAR,Aware Non-Prescriber
C835,R6640,T,20250426,2,173,0,27,27,Michelle Ross,"5963 Connor Spring, Houston, TX, 77001",77001,ID00127,NEP,Competitor Loyalist
C271,R2453,N,20250129,2,171,13,0,13,Heidi Lucero,"5415 Billy Key, Seattle, WA, 98101",98101,ID00049,NEP,New Adopter
C302,R3842,B,20250129,1,171,12,38,50,John Campbell,"53474 Jeffrey Estates, Seattle, WA, 98101",98101,ID00016,END,High-Volume Loyalist
C137,R8451,B,20250204,3,171,16,47,63,Thomas Rhodes,"890 Dylan Trail, Atlanta, GA, 30301",30301,ID00010,NEP,High-Volume Loyalist
C294,R9586,N,20250413,2,171,0,0,0,Tiffany Gonzalez,"266 Robertson Heights, Los Angeles, CA, 90001",90001,ID00092,END,Unaware
C205,R6626,B,20250304,1,171,10,44,54,Brian Perez,"2053 Nicole Mountains Suite 024, Los Angeles, CA, 90001",90001,ID00017,END,High-Volume Loyalist
C550,R6484,B,20250210,3,171,8,15,23,Daniel Smith,"404 Brenda Plains Suite 108, Atlanta, GA, 30301",30301,ID00034,END,Low-Volume Prescriber
C636,R9745,B,20250320,3,171,0,0,0,Brittany Christensen,"828 Brandon Square Apt. 201, Chicago, IL, 60601",60601,ID00085,END,Aware Non-Prescriber
C762,R7732,T,20250301,1,171,0,0,0,Peter Morse,"83908 Garcia Turnpike, Chicago, IL, 60601",60601,ID00074,CAR,Aware Non-Prescriber
C387,R7437,B,20250313,1,171,7,16,23,Amanda Thompson,"199 Angela Circles, New York, NY, 10001",10001,ID00035,NEP,Low-Volume Prescriber
C359,R6024,T,20250121,2,173,0,12,12,Stephen Smith,"295 Randolph Skyway, Philadelphia, PA, 19103",19103,ID00077,END,Aware Non-Prescriber
C407,R1612,T,20250316,3,172,0,23,23,Karen Moore,"1184 Rachel Mountains Apt. 047, Philadelphia, PA, 19103",19103,ID00098,NEP,Unaware
C505,R5169,B,20250326,2,171,10,10,20,Erin Simmons,"2413 Donna Village, New York, NY, 10001",10001,ID00028,NEP,Low-Volume Prescriber
C966,R8680,N,20250116,3,171,0,0,0,Olivia Ortiz,"37350 Rodriguez Garden, Houston, TX, 77001",77001,ID00107,CAR,Managed Care Restricted
C125,R9468,T,20250217,2,173,0,19,19,Dean Dunn,"68691 Candace Center, Los Angeles, CA, 90001",90001,ID00067,NEP,Aware Non-Prescriber
C924,R2983,B,20250112,3,171,14,49,63,James Bradford,"48045 Natasha Vista Suite 907, Seattle, WA, 98101",98101,ID00007,END,High-Volume Loyalist
C989,R5713,N,20250427,1,171,0,0,0,John Thomas,"03583 Duncan Walk Apt. 643, Seattle, WA, 98101",98101,ID00102,CAR,Unaware
C933,R2636,T,20250313,3,172,0,13,13,Jill Taylor,"10380 Owens Pine, Chicago, IL, 60601",60601,ID00082,END,Aware Non-Prescriber
C835,R4050,B,20250402,2,171,10,14,24,Jonathan Robinson,"338 Daniel Stravenue Apt. 058, Los Angeles, CA, 90001",90001,ID00027,END,Low-Volume Prescriber
C478,R3873,T,20250324,2,172,0,21,21,Scott Johnson,"09995 Charles Plain, Philadelphia, PA, 19103",19103,ID00132,CAR,Competitor Loyalist
C772,R5780,T,20250313,1,172,0,29,29,Luis Lozano,"59703 David Ford Apt. 715, Los Angeles, CA, 90001",90001,ID00131,END,Competitor Loyalist
C364,R5336,T,20250210,1,173,0,29,29,James Rhodes,"28272 Mary Lane, Houston, TX, 77001",77001,ID00136,CAR,Competitor Loyalist
C829,R1352,T,20250226,3,172,0,17,17,Lori Clark,"889 Curtis Summit Apt. 266, Atlanta, GA, 30301",30301,ID00104,NEP,Unaware
C168,R1717,T,20250306,3,173,0,15,15,Manuel Young,"36774 James Fords Apt. 798, New York, NY, 10001",10001,ID00093,NEP,Unaware
C656,R6696,N,20250312,1,171,0,0,0,Stephen Lopez,"736 Graham Inlet, Atlanta, GA, 30301",30301,ID00091,CAR,Unaware
C482,R3555,T,20250124,3,172,0,13,13,John Jones,"27478 Holland Mountains, Philadelphia, PA, 19103",19103,ID00101,END,Unaware
C373,R8366,B,20250208,1,171,8,11,19,Dr. Ann Richards,"943 Valdez Haven, Chicago, IL, 60601",60601,ID00023,NEP,Low-Volume Prescriber
C112,R7737,T,20250415,1,172,0,19,19,John Church,"5132 Crystal Prairie, Los Angeles, CA, 90001",90001,ID00135,NEP,Competitor Loyalist
C507,R2621,T,20250206,2,171,0,0,0,Jill Taylor,"10380 Owens Pine, Chicago, IL, 60601",60601,ID00082,END,Aware Non-Prescriber
C882,R4594,N,20250202,3,171,8,0,8,Benjamin Tucker,"9040 Smith Causeway, Los Angeles, CA, 90001",90001,ID00047,END,New Adopter
C230,R3639,T,20250101,1,173,0,20,20,Peter Morse,"83908 Garcia Turnpike, Chicago, IL, 60601",60601,ID00074,CAR,Aware Non-Prescriber
C522,R8054,N,20250417,2,171,0,0,0,John Garcia,"59147 Keith Drives, New York, NY, 10001",10001,ID00096,CAR,Unaware
C158,R4552,T,20250319,1,173,0,28,28,John Church,"5132 Crystal Prairie, Los Angeles, CA, 90001",90001,ID00135,NEP,Competitor Loyalist
C485,R3527,B,20250421,3,171,12,49,61,Jon Thomas,"14771 Patrick Ville, Seattle, WA, 98101",98101,ID00018,NEP,High-Volume Loyalist
C991,R9791,T,20250226,3,173,0,15,15,Michael Garcia,"29926 Kathryn Overpass, Los Angeles, CA, 90001",90001,ID00140,END,Competitor Loyalist
C358,R8827,B,20250224,2,171,12,31,43,Clinton Diaz,"85425 Laura Summit Suite 944, Philadelphia, PA, 19103",19103,ID00009,END,High-Volume Loyalist
C335,R7223,B,20250205,1,171,6,15,21,Tina Wilson,"63359 Blake Center, Philadelphia, PA, 19103",19103,ID00031,NEP,Low-Volume Prescriber
C158,R4552,T,20250319,1,171,0,0,0,John Church,"5132 Crystal Prairie, Los Angeles, CA, 90001",90001,ID00135,NEP,Competitor Loyalist
C587,R1639,T,20250317,1,172,0,21,21,Timothy Mccarthy,"3359 Harrell Center, Atlanta, GA, 30301",30301,ID00075,END,Aware Non-Prescriber
C372,R9667,N,20250414,3,171,0,0,0,Lisa Guerrero,"897 Amanda Circles, Houston, TX, 77001",77001,ID00094,NEP,Unaware
C211,R3357,T,20250322,2,172,0,15,15,Bryan Johnson,"714 Watkins Unions Suite 059, Philadelphia, PA, 19103",19103,ID00137,END,Competitor Loyalist
C556,R3608,T,20250405,3,172,0,18,18,Jonathan Joseph,"5976 Cabrera Orchard Suite 124, Chicago, IL, 60601",60601,ID00072,CAR,Aware Non-Prescriber
C948,R8855,N,20250309,2,171,9,0,9,Heidi Lucero,"5415 Billy Key, Seattle, WA, 98101",98101,ID00049,NEP,New Adopter
C708,R8909,N,20250310,1,171,13,0,13,Robert Hernandez,"450 Michael Heights Suite 689, Atlanta, GA, 30301",30301,ID00050,CAR,New Adopter
C844,R2235,T,20250201,3,172,0,24,24,Bonnie Davis,"5907 Angela Valley, New York, NY, 10001",10001,ID00071,END,Aware Non-Prescriber
C737,R9167,B,20250105,1,171,18,41,59,Thomas Rhodes,"890 Dylan Trail, Atlanta, GA, 30301",30301,ID00010,NEP,High-Volume Loyalist
C645,R8552,N,20250410,2,171,0,0,0,Alexandra Clark,"7622 Johnson Greens, Houston, TX, 77001",77001,ID00124,END,Managed Care Restricted
C745,R6886,T,20250423,1,172,0,13,13,Tina Reed,"19172 Miller Vista, Philadelphia, PA, 19103",19103,ID00139,END,Competitor Loyalist
C211,R3357,T,20250322,2,172,0,16,16,Bryan Johnson,"714 Watkins Unions Suite 059, Philadelphia, PA, 19103",19103,ID00137,END,Competitor Loyalist
C159,R5005,B,20250207,3,171,8,13,21,Christopher Gamble,"53267 Kathleen Extension, Chicago, IL, 60601",60601,ID00042,CAR,Low-Volume Prescriber
C323,R2740,T,20250309,2,173,0,23,23,Bryan Johnson,"714 Watkins Unions Suite 059, Philadelphia, PA, 19103",19103,ID00137,END,Competitor Loyalist
C383,R7995,T,20250321,2,173,0,13,13,James Rhodes,"28272 Mary Lane, Houston, TX, 77001",77001,ID00136,CAR,Competitor Loyalist
C666,R8483,B,20250408,2,171,7,11,18,Heather Hall,"185 Peterson Unions, Atlanta, GA, 30301",30301,ID00044,CAR,Low-Volume Prescriber
C760,R2007,T,20250209,2,173,0,27,27,Timothy Lewis,"60203 Cindy Lock, Atlanta, GA, 30301",30301,ID00126,CAR,Competitor Loyalist
C874,R1745,T,20250322,3,173,0,26,26,Dr. Joseph Hughes,"89401 Robert Run Apt. 512, Atlanta, GA, 30301",30301,ID00068,CAR,Aware Non-Prescriber
C748,R4610,T,20250201,1,173,0,14,14,Paul Solomon,"98394 Leroy Garden Apt. 332, Houston, TX, 77001",77001,ID00079,END,Aware Non-Prescriber
C147,R1653,T,20250217,2,173,0,18,18,Alan Wilson,"562 Steele Brooks, Philadelphia, PA, 19103",19103,ID00073,END,Aware Non-Prescriber
C246,R6183,N,20250211,2,171,15,0,15,Karla Johnson,"53763 Lisa Lake Apt. 638, Houston, TX, 77001",77001,ID00056,NEP,New Adopter
C568,R4944,B,20250101,1,171,8,18,26,Dr. Ann Richards,"943 Valdez Haven, Chicago, IL, 60601",60601,ID00023,NEP,Low-Volume Prescriber
C110,R2615,B,20250405,2,171,8,11,19,Holly Johnson,"364 Donald Locks Suite 870, Seattle, WA, 98101",98101,ID00036,NEP,Low-Volume Prescriber
C793,R5896,B,20250213,2,171,9,10,19,Michael Campbell,"272 Glass Prairie, Atlanta, GA, 30301",30301,ID00045,END,Low-Volume Prescriber
C315,R4492,T,20250308,1,171,0,0,0,Dean Dunn,"68691 Candace Center, Los Angeles, CA, 90001",90001,ID00067,NEP,Aware Non-Prescriber
C153,R6482,B,20250220,2,171,20,49,69,Brian Perez,"2053 Nicole Mountains Suite 024, Los Angeles, CA, 90001",90001,ID00017,END,High-Volume Loyalist
C389,R7347,B,20250318,1,171,15,41,56,Brian Perez,"2053 Nicole Mountains Suite 024, Los Angeles, CA, 90001",90001,ID00017,END,High-Volume Loyalist
C329,R3354,N,20250228,1,171,0,0,0,Jean Christian,"8530 Mata Shores, Los Angeles, CA, 90001",90001,ID00123,END,Managed Care Restricted
C119,R8720,T,20250302,3,172,0,19,19,Michael Garcia,"29926 Kathryn Overpass, Los Angeles, CA, 90001",90001,ID00140,END,Competitor Loyalist
C233,R1235,T,20250329,3,173,0,21,21,Michael Garcia,"29926 Kathryn Overpass, Los Angeles, CA, 90001",90001,ID00140,END,Competitor Loyalist
C306,R3422,N,20250109,3,171,14,0,14,Robert Ramirez,"28928 Jeffrey Circle Apt. 512, Atlanta, GA, 30301",30301,ID00052,NEP,New Adopter
C820,R4350,B,20250426,1,171,10,19,29,Douglas Mcclain,"09854 Barrett Stravenue, Philadelphia, PA, 19103",19103,ID00030,NEP,Low-Volume Prescriber
C348,R9537,B,20250220,2,171,5,18,23,Daniel Smith,"404 Brenda Plains Suite 108, Atlanta, GA, 30301",30301,ID00034,END,Low-Volume Prescriber
C206,R8306,T,20250111,3,171,0,0,0,John Church,"5132 Crystal Prairie, Los Angeles, CA, 90001",90001,ID00135,NEP,Competitor Loyalist
C993,R5348,T,20250129,3,173,0,29,29,Valerie Smith,"2865 Rodriguez Pike Apt. 296, New York, NY, 10001",10001,ID00080,NEP,Aware Non-Prescriber
C661,R7540,T,20250404,1,172,0,30,30,Audrey Ruiz,"8055 Martha Curve Apt. 773, Philadelphia, PA, 19103",19103,ID00100,END,Unaware
C147,R2689,N,20250210,2,171,0,0,0,Mariah Tyler,"212 James Ports Apt. 357, Seattle, WA, 98101",98101,ID00120,CAR,Managed Care Restricted
C842,R5641,T,20250212,1,171,0,0,0,John Church,"5132 Crystal Prairie, Los Angeles, CA, 90001",90001,ID00135,NEP,Competitor Loyalist
C354,R3583,T,20250407,1,172,0,20,20,Jeffrey Salazar,"8770 Thomas Wells Apt. 251, New York, NY, 10001",10001,ID00090,NEP,Unaware
C853,R8921,T,20250121,3,173,0,19,19,Jonathan Joseph,"5976 Cabrera Orchard Suite 124, Chicago, IL, 60601",60601,ID00072,CAR,Aware Non-Prescriber
C841,R4555,B,20250420,1,171,6,19,25,Douglas Mcclain,"09854 Barrett Stravenue, Philadelphia, PA, 19103",19103,ID00030,NEP,Low-Volume Prescriber
C653,R1533,T,20250411,2,172,0,25,25,Reginald Baker,"502 John Extension, Houston, TX, 77001",77001,ID00081,NEP,Aware Non-Prescriber
C945,R2562,T,20250121,2,172,0,24,24,Karen Moore,"1184 Rachel Mountains Apt. 047, Philadelphia, PA, 19103",19103,ID00098,NEP,Unaware
C911,R8905,N,20250401,2,171,0,0,0,Karen Moore,"1184 Rachel Mountains Apt. 047, Philadelphia, PA, 19103",19103,ID00098,NEP,Unaware
C853,R8921,T,20250121,3,172,0,10,10,Jonathan Joseph,"5976 Cabrera Orchard Suite 124, Chicago, IL, 60601",60601,ID00072,CAR,Aware Non-Prescriber
C904,R4629,T,20241230,2,171,0,0,0,Bonnie Davis,"5907 Angela Valley, New York, NY, 10001",10001,ID00071,END,Aware Non-Prescriber
C438,R4842,N,20250425,1,171,15,0,15,Vincent Sanders,"5175 Lance Hills, Houston, TX, 77001",77001,ID00059,NEP,New Adopter
C431,R4943,T,20250414,3,172,0,15,15,John Garcia,"59147 Keith Drives, New York, NY, 10001",10001,ID00096,CAR,Unaware
C985,R9797,N,20250320,2,171,0,0,0,Daniel Cooper,"16128 Tracy Burg Apt. 578, Atlanta, GA, 30301",30301,ID00117,CAR,Managed Care Restricted
C579,R2593,N,20250110,3,171,0,0,0,Jean Christian,"8530 Mata Shores, Los Angeles, CA, 90001",90001,ID00123,END,Managed Care Restricted
C192,R5661,T,20250306,1,172,0,20,20,Suzanne Barnett,"169 Carol Lights Apt. 195, New York, NY, 10001",10001,ID00078,CAR,Aware Non-Prescriber
C121,R4770,B,20250130,1,171,11,40,51,Andrea Miller,"677 Johnson Rue, Chicago, IL, 60601",60601,ID00003,END,High-Volume Loyalist
C385,R5890,B,20250318,2,171,6,13,19,Nicholas Kelley,"579 Scott Squares, Los Angeles, CA, 90001",90001,ID00025,END,Low-Volume Prescriber
C195,R4848,B,20250324,3,171,19,40,59,Kristin Elliott,"294 Schroeder Garden Apt. 703, Houston, TX, 77001",77001,ID00006,END,High-Volume Loyalist
C560,R5844,T,20250307,1,172,0,22,22,Tiffany Gonzalez,"266 Robertson Heights, Los Angeles, CA, 90001",90001,ID00092,END,Unaware
C342,R9220,T,20250417,3,173,0,21,21,Renee Montoya,"42137 Susan Groves Suite 215, Houston, TX, 77001",77001,ID00129,NEP,Competitor Loyalist
C663,R6319,T,20250424,2,172,0,30,30,John Garcia,"59147 Keith Drives, New York, NY, 10001",10001,ID00096,CAR,Unaware
C588,R4809,B,20250222,1,171,0,0,0,Tammy Rose,"86335 Lawson Ranch Apt. 743, Los Angeles, CA, 90001",90001,ID00076,END,Aware Non-Prescriber
C643,R5831,B,20250331,2,171,16,49,65,Jason Webster,"36796 Ballard Fork Suite 800, Houston, TX, 77001",77001,ID00014,END,High-Volume Loyalist
C633,R2117,T,20250307,1,172,0,19,19,Catherine Elliott,"605 Jessica Lodge, Chicago, IL, 60601",60601,ID00066,CAR,Aware Non-Prescriber
C673,R6885,T,20241230,3,173,0,17,17,Michelle Ross,"5963 Connor Spring, Houston, TX, 77001",77001,ID00127,NEP,Competitor Loyalist
C587,R1639,T,20250317,1,171,0,0,0,Timothy Mccarthy,"3359 Harrell Center, Atlanta, GA, 30301",30301,ID00075,END,Aware Non-Prescriber
C879,R8989,T,20250213,1,173,0,29,29,Jonathan Joseph,"5976 Cabrera Orchard Suite 124, Chicago, IL, 60601",60601,ID00072,CAR,Aware Non-Prescriber
C919,R6172,T,20250326,3,172,0,13,13,Paul Solomon,"98394 Leroy Garden Apt. 332, Houston, TX, 77001",77001,ID00079,END,Aware Non-Prescriber
C819,R7997,T,20250326,2,173,0,29,29,Cynthia Graves,"1646 Samuel Crescent Suite 809, New York, NY, 10001",10001,ID00095,NEP,Unaware
C310,R1152,N,20250131,2,171,10,0,10,Caitlin Armstrong,"82936 Rebecca Drives, Chicago, IL, 60601",60601,ID00058,END,New Adopter
C671,R4621,B,20250201,1,171,9,18,27,Holly Johnson,"364 Donald Locks Suite 870, Seattle, WA, 98101",98101,ID00036,NEP,Low-Volume Prescriber
C524,R7146,B,20250313,3,171,7,20,27,Brian Roberts,"4298 Lowery Garden Suite 160, Los Angeles, CA, 90001",90001,ID00039,CAR,Low-Volume Prescriber
C174,R6207,T,20250302,3,172,0,25,25,Catherine Elliott,"605 Jessica Lodge, Chicago, IL, 60601",60601,ID00066,CAR,Aware Non-Prescriber
C355,R4817,T,20250422,3,172,0,30,30,James Steele,"0564 Katherine Tunnel Apt. 235, Atlanta, GA, 30301",30301,ID00097,END,Unaware
C354,R4139,B,20250106,2,171,15,33,48,Andrea Miller,"677 Johnson Rue, Chicago, IL, 60601",60601,ID00003,END,High-Volume Loyalist
C692,R3770,T,20250320,2,172,0,27,27,Luis Lozano,"59703 David Ford Apt. 715, Los Angeles, CA, 90001",90001,ID00131,END,Competitor Loyalist
C258,R2225,B,20250401,1,171,16,50,66,Mark Hunt,"050 Smith Land Apt. 308, Seattle, WA, 98101",98101,ID00011,END,High-Volume Loyalist
C248,R3525,T,20250211,1,171,0,0,0,Scott Johnson,"09995 Charles Plain, Philadelphia, PA, 19103",19103,ID00132,CAR,Competitor Loyalist
C505,R4982,T,20250314,1,173,0,14,14,Jeffrey Salazar,"8770 Thomas Wells Apt. 251, New York, NY, 10001",10001,ID00090,NEP,Unaware
C190,R5017,T,20250306,3,172,0,25,25,Jessica Matthews,"0909 Miller Dam Apt. 891, Los Angeles, CA, 90001",90001,ID00130,END,Competitor Loyalist
C524,R7783,N,20250411,3,171,0,0,0,Ryan Baird,"115 Morales Spurs, Los Angeles, CA, 90001",90001,ID00116,END,Managed Care Restricted
C908,R5444,T,20250204,1,173,0,27,27,Mr. Scott Lopez,"99002 Vasquez Island Apt. 417, New York, NY, 10001",10001,ID00103,CAR,Unaware
C168,R1717,T,20250306,3,172,0,24,24,Manuel Young,"36774 James Fords Apt. 798, New York, NY, 10001",10001,ID00093,NEP,Unaware
C765,R3688,B,20250307,3,171,5,19,24,Ruth Rodriguez,"72952 Anthony Ways, Houston, TX, 77001",77001,ID00041,CAR,Low-Volume Prescriber
C174,R2153,T,20250112,1,171,0,0,0,Bryan Johnson,"714 Watkins Unions Suite 059, Philadelphia, PA, 19103",19103,ID00137,END,Competitor Loyalist
C799,R7390,T,20250128,2,172,0,28,28,Sandra Mccoy,"96055 Megan Valley, Seattle, WA, 98101",98101,ID00133,CAR,Competitor Loyalist
C923,R9450,B,20250326,1,171,6,13,19,Heather Hall,"185 Peterson Unions, Atlanta, GA, 30301",30301,ID00044,CAR,Low-Volume Prescriber
C161,R3332,B,20250307,1,171,8,17,25,Heather Hall,"185 Peterson Unions, Atlanta, GA, 30301",30301,ID00044,CAR,Low-Volume Prescriber
C695,R8786,T,20241231,1,173,0,21,21,Jeffrey Salazar,"8770 Thomas Wells Apt. 251, New York, NY, 10001",10001,ID00090,NEP,Unaware
C702,R4193,T,20250402,3,173,0,13,13,Devin Watkins,"915 Alejandro Dam Suite 837, Seattle, WA, 98101",98101,ID00134,CAR,Competitor Loyalist
C397,R1689,B,20250423,2,171,7,12,19,Nicholas Kelley,"579 Scott Squares, Los Angeles, CA, 90001",90001,ID00025,END,Low-Volume Prescriber
C522,R4080,T,20250412,2,173,0,17,17,David Mccoy,"65524 Thomas Track, Chicago, IL, 60601",60601,ID00086,CAR,Unaware
C372,R9667,T,20250414,3,173,0,30,30,Lisa Guerrero,"897 Amanda Circles, Houston, TX, 77001",77001,ID00094,NEP,Unaware
C252,R1014,T,20250101,2,171,0,0,0,Bryan Johnson,"714 Watkins Unions Suite 059, Philadelphia, PA, 19103",19103,ID00137,END,Competitor Loyalist
C216,R7566,N,20250215,2,171,10,0,10,Jocelyn Norris,"170 Bonnie Isle Apt. 987, New York, NY, 10001",10001,ID00060,END,New Adopter
C564,R2127,B,20250201,1,171,0,0,0,Timothy Mccarthy,"3359 Harrell Center, Atlanta, GA, 30301",30301,ID00075,END,Aware Non-Prescriber
C172,R5979,N,20250104,3,171,0,0,0,Lisa Guerrero,"897 Amanda Circles, Houston, TX, 77001",77001,ID00094,NEP,Unaware
C383,R7995,T,20250321,2,173,0,28,28,James Rhodes,"28272 Mary Lane, Houston, TX, 77001",77001,ID00136,CAR,Competitor Loyalist
C690,R9821,T,20250420,3,172,0,20,20,James Warner,"222 Joseph Land Apt. 785, New York, NY, 10001",10001,ID00083,END,Aware Non-Prescriber
C752,R7461,B,20250314,1,171,9,12,21,Heather Hall,"185 Peterson Unions, Atlanta, GA, 30301",30301,ID00044,CAR,Low-Volume Prescriber
C806,R9011,B,20250127,2,171,7,13,20,Nicholas Kelley,"579 Scott Squares, Los Angeles, CA, 90001",90001,ID00025,END,Low-Volume Prescriber
C224,R2965,T,20250316,3,172,0,23,23,John Church,"5132 Crystal Prairie, Los Angeles, CA, 90001",90001,ID00135,NEP,Competitor Loyalist
C652,R4295,B,20250307,3,171,16,36,52,Stephanie Hawkins,"2393 Oneill Corner, New York, NY, 10001",10001,ID00002,CAR,High-Volume Loyalist
C936,R3276,T,20250110,1,173,0,27,27,Timothy Lewis,"60203 Cindy Lock, Atlanta, GA, 30301",30301,ID00126,CAR,Competitor Loyalist
C507,R4638,B,20250302,1,171,0,0,0,Reginald Baker,"502 John Extension, Houston, TX, 77001",77001,ID00081,NEP,Aware Non-Prescriber
C157,R5366,T,20250416,1,173,0,24,24,Eric Becker,"33578 Charles Camp Apt. 263, Seattle, WA, 98101",98101,ID00088,END,Unaware
C555,R4868,B,20250328,2,171,13,44,57,Mariah Bailey,"1518 Austin Knoll, Philadelphia, PA, 19103",19103,ID00013,CAR,High-Volume Loyalist
C747,R8175,T,20250302,1,173,0,27,27,Tina Reed,"19172 Miller Vista, Philadelphia, PA, 19103",19103,ID00139,END,Competitor Loyalist
C973,R2405,T,20250405,3,173,0,13,13,John Jones,"27478 Holland Mountains, Philadelphia, PA, 19103",19103,ID00101,END,Unaware
C254,R1241,T,20250128,1,172,0,17,17,Tiffany Mckee,"9995 Hill Loop, Chicago, IL, 60601",60601,ID00087,CAR,Unaware
C276,R5873,B,20250212,2,171,8,19,27,Colton Ortiz,"002 Jessica Ford Suite 996, New York, NY, 10001",10001,ID00037,END,Low-Volume Prescriber
C109,R8052,T,20250405,2,172,0,11,11,Brittany Christensen,"828 Brandon Square Apt. 201, Chicago, IL, 60601",60601,ID00085,END,Aware Non-Prescriber
C778,R1444,B,20250102,2,171,19,48,67,James Bradford,"48045 Natasha Vista Suite 907, Seattle, WA, 98101",98101,ID00007,END,High-Volume Loyalist
C832,R5243,T,20250425,2,173,0,30,30,Bryan Johnson,"714 Watkins Unions Suite 059, Philadelphia, PA, 19103",19103,ID00137,END,Competitor Loyalist
C771,R9051,T,20241231,1,173,0,12,12,Lisa Guerrero,"897 Amanda Circles, Houston, TX, 77001",77001,ID00094,NEP,Unaware
C248,R9690,T,20250228,2,173,0,20,20,Sandra Mccoy,"96055 Megan Valley, Seattle, WA, 98101",98101,ID00133,CAR,Competitor Loyalist
C303,R9202,T,20250110,1,173,0,11,11,Lori Clark,"889 Curtis Summit Apt. 266, Atlanta, GA, 30301",30301,ID00104,NEP,Unaware
C719,R1647,B,20250105,2,171,8,20,28,Douglas Mcclain,"09854 Barrett Stravenue, Philadelphia, PA, 19103",19103,ID00030,NEP,Low-Volume Prescriber
C588,R2276,B,20250330,1,171,5,13,18,Edward Moore,"26617 Castillo Mission, Los Angeles, CA, 90001",90001,ID00040,END,Low-Volume Prescriber
C579,R1994,T,20250427,1,172,0,27,27,Lisa Guerrero,"897 Amanda Circles, Houston, TX, 77001",77001,ID00094,NEP,Unaware
C679,R8951,B,20250211,3,171,9,12,21,Edward Moore,"26617 Castillo Mission, Los Angeles, CA, 90001",90001,ID00040,END,Low-Volume Prescriber
C468,R2767,T,20250324,3,173,0,20,20,Mr. Scott Lopez,"99002 Vasquez Island Apt. 417, New York, NY, 10001",10001,ID00103,CAR,Unaware
C630,R6918,T,20250128,1,173,0,17,17,Alan Wilson,"562 Steele Brooks, Philadelphia, PA, 19103",19103,ID00073,END,Aware Non-Prescriber
C791,R8844,T,20250401,1,172,0,20,20,Peter Morse,"83908 Garcia Turnpike, Chicago, IL, 60601",60601,ID00074,CAR,Aware Non-Prescriber
C513,R2148,T,20250301,2,172,0,27,27,Alejandro Gould,"48615 Craig Tunnel, New York, NY, 10001",10001,ID00138,NEP,Competitor Loyalist
C129,R1575,T,20250115,3,172,0,21,21,Tammy Rivera,"7813 Bradshaw Lane, Los Angeles, CA, 90001",90001,ID00084,NEP,Aware Non-Prescriber
C685,R3148,T,20250203,2,171,0,0,0,Jill Taylor,"10380 Owens Pine, Chicago, IL, 60601",60601,ID00082,END,Aware Non-Prescriber
C899,R2212,T,20250131,1,172,0,30,30,James Rhodes,"28272 Mary Lane, Houston, TX, 77001",77001,ID00136,CAR,Competitor Loyalist
C830,R9740,N,20250413,1,171,0,0,0,Jean Christian,"8530 Mata Shores, Los Angeles, CA, 90001",90001,ID00123,END,Managed Care Restricted
C583,R4187,N,20250228,1,171,9,0,9,Karla Johnson,"53763 Lisa Lake Apt. 638, Houston, TX, 77001",77001,ID00056,NEP,New Adopter
C394,R2523,T,20250329,2,172,0,27,27,Valerie Smith,"2865 Rodriguez Pike Apt. 296, New York, NY, 10001",10001,ID00080,NEP,Aware Non-Prescriber
C356,R1646,N,20250401,1,171,0,0,0,Stephen Lopez,"736 Graham Inlet, Atlanta, GA, 30301",30301,ID00091,CAR,Unaware
C672,R6198,B,20250226,1,171,17,46,63,Kristin Elliott,"294 Schroeder Garden Apt. 703, Houston, TX, 77001",77001,ID00006,END,High-Volume Loyalist
C586,R2849,N,20250102,1,171,0,0,0,Alexandra Clark,"7622 Johnson Greens, Houston, TX, 77001",77001,ID00124,END,Managed Care Restricted
C143,R7643,T,20250211,3,172,0,29,29,Michael Garcia,"29926 Kathryn Overpass, Los Angeles, CA, 90001",90001,ID00140,END,Competitor Loyalist
C366,R2006,T,20250402,3,172,0,27,27,Luis Lozano,"59703 David Ford Apt. 715, Los Angeles, CA, 90001",90001,ID00131,END,Competitor Loyalist
C331,R4044,T,20250217,2,173,0,12,12,Renee Montoya,"42137 Susan Groves Suite 215, Houston, TX, 77001",77001,ID00129,NEP,Competitor Loyalist
C515,R2140,T,20250121,2,173,0,30,30,Timothy Lewis,"60203 Cindy Lock, Atlanta, GA, 30301",30301,ID00126,CAR,Competitor Loyalist
C801,R7208,T,20250316,1,172,0,25,25,Timothy Lewis,"60203 Cindy Lock, Atlanta, GA, 30301",30301,ID00126,CAR,Competitor Loyalist
C884,R6864,T,20250404,1,172,0,26,26,Cynthia Graves,"1646 Samuel Crescent Suite 809, New York, NY, 10001",10001,ID00095,NEP,Unaware
C703,R9267,N,20250126,3,171,8,0,8,Caitlin Armstrong,"82936 Rebecca Drives, Chicago, IL, 60601",60601,ID00058,END,New Adopter
C394,R2523,T,20250329,2,172,0,25,25,Valerie Smith,"2865 Rodriguez Pike Apt. 296, New York, NY, 10001",10001,ID00080,NEP,Aware Non-Prescriber
C772,R5780,T,20250313,1,172,0,17,17,Luis Lozano,"59703 David Ford Apt. 715, Los Angeles, CA, 90001",90001,ID00131,END,Competitor Loyalist
C245,R9624,T,20250328,1,173,0,29,29,Renee Montoya,"42137 Susan Groves Suite 215, Houston, TX, 77001",77001,ID00129,NEP,Competitor Loyalist
C354,R7304,T,20250114,3,172,0,28,28,Eric Becker,"33578 Charles Camp Apt. 263, Seattle, WA, 98101",98101,ID00088,END,Unaware
C889,R9039,T,20250305,3,172,0,13,13,Alejandro Gould,"48615 Craig Tunnel, New York, NY, 10001",10001,ID00138,NEP,Competitor Loyalist
C820,R9542,T,20250323,2,173,0,10,10,Alan Wilson,"562 Steele Brooks, Philadelphia, PA, 19103",19103,ID00073,END,Aware Non-Prescriber
C271,R4454,T,20250401,3,173,0,16,16,Sandra Mccoy,"96055 Megan Valley, Seattle, WA, 98101",98101,ID00133,CAR,Competitor Loyalist
C867,R9837,B,20250131,1,171,17,30,47,James Bradford,"48045 Natasha Vista Suite 907, Seattle, WA, 98101",98101,ID00007,END,High-Volume Loyalist
C962,R6653,T,20250313,3,171,0,0,0,Sandra Mccoy,"96055 Megan Valley, Seattle, WA, 98101",98101,ID00133,CAR,Competitor Loyalist
C180,R7243,T,20250302,3,172,0,26,26,James Warner,"222 Joseph Land Apt. 785, New York, NY, 10001",10001,ID00083,END,Aware Non-Prescriber
C373,R7502,B,20250319,3,171,7,15,22,Kristin Woods,"6290 Harrington Pass, Atlanta, GA, 30301",30301,ID00032,NEP,Low-Volume Prescriber
C915,R1118,T,20250411,2,172,0,26,26,Brittany Christensen,"828 Brandon Square Apt. 201, Chicago, IL, 60601",60601,ID00085,END,Aware Non-Prescriber
C647,R1096,T,20250101,2,171,0,0,0,Dr. Joseph Hughes,"89401 Robert Run Apt. 512, Atlanta, GA, 30301",30301,ID00068,CAR,Aware Non-Prescriber
C143,R7936,N,20250126,1,171,10,0,10,Robert Ramirez,"28928 Jeffrey Circle Apt. 512, Atlanta, GA, 30301",30301,ID00052,NEP,New Adopter
C258,R7084,N,20250328,3,171,0,0,0,Jeffrey Salazar,"8770 Thomas Wells Apt. 251, New York, NY, 10001",10001,ID00090,NEP,Unaware
C252,R1014,T,20250101,2,173,0,28,28,Bryan Johnson,"714 Watkins Unions Suite 059, Philadelphia, PA, 19103",19103,ID00137,END,Competitor Loyalist
C127,R7797,B,20250110,1,171,17,41,58,Jon Thomas,"14771 Patrick Ville, Seattle, WA, 98101",98101,ID00018,NEP,High-Volume Loyalist
C811,R5981,T,20250120,1,173,0,11,11,Luis Lozano,"59703 David Ford Apt. 715, Los Angeles, CA, 90001",90001,ID00131,END,Competitor Loyalist
C176,R9055,N,20250418,2,171,10,0,10,Taylor Hebert,"419 Mccarthy Falls, Houston, TX, 77001",77001,ID00061,NEP,New Adopter
C672,R2185,T,20250220,3,173,0,16,16,Paul Solomon,"98394 Leroy Garden Apt. 332, Houston, TX, 77001",77001,ID00079,END,Aware Non-Prescriber
C920,R1852,B,20250305,2,171,0,0,0,Stephen Smith,"295 Randolph Skyway, Philadelphia, PA, 19103",19103,ID00077,END,Aware Non-Prescriber
C140,R3518,T,20250227,3,172,0,22,22,Catherine Elliott,"605 Jessica Lodge, Chicago, IL, 60601",60601,ID00066,CAR,Aware Non-Prescriber
C597,R4139,T,20250124,1,173,0,10,10,Manuel Young,"36774 James Fords Apt. 798, New York, NY, 10001",10001,ID00093,NEP,Unaware
C415,R6992,T,20250412,1,172,0,15,15,Brittany Christensen,"828 Brandon Square Apt. 201, Chicago, IL, 60601",60601,ID00085,END,Aware Non-Prescriber
C971,R5552,T,20250304,1,173,0,15,15,Luis Lozano,"59703 David Ford Apt. 715, Los Angeles, CA, 90001",90001,ID00131,END,Competitor Loyalist
C771,R1090,B,20250303,2,171,13,34,47,Kristin Elliott,"294 Schroeder Garden Apt. 703, Houston, TX, 77001",77001,ID00006,END,High-Volume Loyalist
C343,R9370,N,20250404,3,171,14,0,14,Jeffrey Norman,"2046 Steve River, Philadelphia, PA, 19103",19103,ID00064,NEP,New Adopter
C620,R2631,T,20250128,2,172,0,21,21,Mr. Scott Lopez,"99002 Vasquez Island Apt. 417, New York, NY, 10001",10001,ID00103,CAR,Unaware
C893,R8069,T,20250324,1,172,0,27,27,Timothy Mccarthy,"3359 Harrell Center, Atlanta, GA, 30301",30301,ID00075,END,Aware Non-Prescriber
C651,R4218,T,20250416,2,172,0,23,23,Bonnie Davis,"5907 Angela Valley, New York, NY, 10001",10001,ID00071,END,Aware Non-Prescriber
C999,R7343,N,20250320,2,171,0,0,0,Lori Clark,"889 Curtis Summit Apt. 266, Atlanta, GA, 30301",30301,ID00104,NEP,Unaware
C771,R5895,N,20250419,2,171,12,0,12,Amanda Gillespie,"16188 Krystal Place, Atlanta, GA, 30301",30301,ID00055,NEP,New Adopter
C939,R8373,T,20250222,3,173,0,10,10,Renee Montoya,"42137 Susan Groves Suite 215, Houston, TX, 77001",77001,ID00129,NEP,Competitor Loyalist
C236,R8834,B,20250215,3,171,6,13,19,Jonathan Robinson,"338 Daniel Stravenue Apt. 058, Los Angeles, CA, 90001",90001,ID00027,END,Low-Volume Prescriber
C682,R1986,B,20250419,3,171,16,39,55,Clinton Diaz,"85425 Laura Summit Suite 944, Philadelphia, PA, 19103",19103,ID00009,END,High-Volume Loyalist
C636,R9564,B,20250130,3,171,17,44,61,Brian Perez,"2053 Nicole Mountains Suite 024, Los Angeles, CA, 90001",90001,ID00017,END,High-Volume Loyalist
C653,R1533,B,20250411,2,171,0,0,0,Reginald Baker,"502 John Extension, Houston, TX, 77001",77001,ID00081,NEP,Aware Non-Prescriber
C289,R1306,N,20250216,3,171,0,0,0,Tiffany Gonzalez,"266 Robertson Heights, Los Angeles, CA, 90001",90001,ID00092,END,Unaware
C636,R3215,N,20250328,3,171,0,0,0,Michael Smith,"41758 Brian Prairie, Chicago, IL, 60601",60601,ID00106,CAR,Managed Care Restricted
C654,R7014,T,20250413,2,173,0,12,12,Tiffany Gonzalez,"266 Robertson Heights, Los Angeles, CA, 90001",90001,ID00092,END,Unaware
C899,R2212,T,20250131,1,171,0,0,0,James Rhodes,"28272 Mary Lane, Houston, TX, 77001",77001,ID00136,CAR,Competitor Loyalist
C378,R9060,T,20250319,2,172,0,30,30,David Mccoy,"65524 Thomas Track, Chicago, IL, 60601",60601,ID00086,CAR,Unaware
C435,R4626,B,20250228,1,171,19,47,66,Mariah Bailey,"1518 Austin Knoll, Philadelphia, PA, 19103",19103,ID00013,CAR,High-Volume Loyalist
C999,R6038,B,20250302,1,171,11,41,52,Stephanie Hawkins,"2393 Oneill Corner, New York, NY, 10001",10001,ID00002,CAR,High-Volume Loyalist
C930,R6410,T,20250324,1,172,0,12,12,Peter Morse,"83908 Garcia Turnpike, Chicago, IL, 60601",60601,ID00074,CAR,Aware Non-Prescriber
C739,R1447,T,20250412,3,173,0,13,13,Luis Lozano,"59703 David Ford Apt. 715, Los Angeles, CA, 90001",90001,ID00131,END,Competitor Loyalist
C650,R7439,B,20250323,2,171,5,12,17,Tina Smith,"0220 Li Corner, Chicago, IL, 60601",60601,ID00029,NEP,Low-Volume Prescriber
C444,R7624,B,20250223,2,171,10,42,52,James Bradford,"48045 Natasha Vista Suite 907, Seattle, WA, 98101",98101,ID00007,END,High-Volume Loyalist
C254,R1241,N,20250128,1,171,0,0,0,Tiffany Mckee,"9995 Hill Loop, Chicago, IL, 60601",60601,ID00087,CAR,Unaware
C553,R3071,T,20250130,3,172,0,10,10,Tammy Rivera,"7813 Bradshaw Lane, Los Angeles, CA, 90001",90001,ID00084,NEP,Aware Non-Prescriber
C844,R1483,N,20250416,1,171,0,0,0,Michael Smith,"41758 Brian Prairie, Chicago, IL, 60601",60601,ID00106,CAR,Managed Care Restricted
C164,R9856,T,20250302,2,173,0,28,28,Tina Reed,"19172 Miller Vista, Philadelphia, PA, 19103",19103,ID00139,END,Competitor Loyalist
C949,R5783,N,20241230,2,171,13,0,13,Cynthia French,"3991 Brennan Underpass, Philadelphia, PA, 19103",19103,ID00062,END,New Adopter
C747,R9154,N,20250306,3,171,0,0,0,Kevin Vaughan,"66337 Lyons Island, Atlanta, GA, 30301",30301,ID00115,CAR,Managed Care Restricted
C885,R7043,B,20250312,1,171,17,38,55,James Bradford,"48045 Natasha Vista Suite 907, Seattle, WA, 98101",98101,ID00007,END,High-Volume Loyalist
C155,R9613,T,20250405,3,171,0,0,0,Reginald Baker,"502 John Extension, Houston, TX, 77001",77001,ID00081,NEP,Aware Non-Prescriber
C754,R7951,B,20250224,2,171,19,39,58,John Villa,"71110 Garza Ridge Apt. 137, Los Angeles, CA, 90001",90001,ID00012,NEP,High-Volume Loyalist
C904,R8972,T,20250116,3,172,0,25,25,Jill Taylor,"10380 Owens Pine, Chicago, IL, 60601",60601,ID00082,END,Aware Non-Prescriber
C832,R7932,B,20250129,2,171,10,12,22,Amanda Thompson,"199 Angela Circles, New York, NY, 10001",10001,ID00035,NEP,Low-Volume Prescriber
C989,R1907,B,20250407,1,171,8,18,26,Ricky Harris,"082 Sanchez River, Chicago, IL, 60601",60601,ID00021,NEP,Low-Volume Prescriber
C159,R9883,B,20250118,1,171,14,36,50,Andrea Miller,"677 Johnson Rue, Chicago, IL, 60601",60601,ID00003,END,High-Volume Loyalist
C860,R9715,N,20250204,3,171,0,0,0,David Mccoy,"65524 Thomas Track, Chicago, IL, 60601",60601,ID00086,CAR,Unaware
C142,R6050,B,20250310,1,171,16,34,50,Lori Williams MD,"31525 Colin Knoll, Philadelphia, PA, 19103",19103,ID00005,END,High-Volume Loyalist
C378,R9582,B,20250407,1,171,7,16,23,Scott Turner,"0766 Schneider Ways, New York, NY, 10001",10001,ID00043,CAR,Low-Volume Prescriber
C171,R9056,T,20250121,2,172,0,20,20,James Rhodes,"28272 Mary Lane, Houston, TX, 77001",77001,ID00136,CAR,Competitor Loyalist
C731,R6008,B,20250302,2,171,0,0,0,Amy Ward,"777 Aaron Junctions, Philadelphia, PA, 19103",19103,ID00070,CAR,Aware Non-Prescriber
C949,R4695,N,20250124,3,171,15,0,15,Jeremy Haynes,"4394 Gray Manor, New York, NY, 10001",10001,ID00065,NEP,New Adopter
C995,R1711,T,20250306,2,173,0,18,18,Timothy Mccarthy,"3359 Harrell Center, Atlanta, GA, 30301",30301,ID00075,END,Aware Non-Prescriber
C367,R9783,B,20250323,3,171,0,0,0,Tammy Rose,"86335 Lawson Ranch Apt. 743, Los Angeles, CA, 90001",90001,ID00076,END,Aware Non-Prescriber
C217,R7636,B,20250330,3,171,16,39,55,John Campbell,"53474 Jeffrey Estates, Seattle, WA, 98101",98101,ID00016,END,High-Volume Loyalist
C233,R3209,T,20250223,3,173,0,28,28,Audrey Ruiz,"8055 Martha Curve Apt. 773, Philadelphia, PA, 19103",19103,ID00100,END,Unaware
C686,R3502,T,20250221,1,173,0,24,24,Mrs. Kristin Rodriguez,"484 Caldwell Ways Apt. 822, New York, NY, 10001",10001,ID00105,NEP,Unaware
C954,R6977,B,20250216,2,171,17,50,67,Michelle Elliott,"8851 Kevin Cliff, Atlanta, GA, 30301",30301,ID00001,CAR,High-Volume Loyalist
C692,R9918,T,20250321,2,173,0,21,21,Alan Wilson,"562 Steele Brooks, Philadelphia, PA, 19103",19103,ID00073,END,Aware Non-Prescriber
C211,R3357,T,20250322,2,172,0,26,26,Bryan Johnson,"714 Watkins Unions Suite 059, Philadelphia, PA, 19103",19103,ID00137,END,Competitor Loyalist
C298,R6206,T,20250111,2,171,0,0,0,Amy Ward,"777 Aaron Junctions, Philadelphia, PA, 19103",19103,ID00070,CAR,Aware Non-Prescriber
C848,R7112,N,20250103,3,171,11,0,11,Eduardo Adams,"1440 Rodriguez Turnpike Suite 678, Houston, TX, 77001",77001,ID00057,END,New Adopter
C192,R5661,T,20250306,1,172,0,22,22,Suzanne Barnett,"169 Carol Lights Apt. 195, New York, NY, 10001",10001,ID00078,CAR,Aware Non-Prescriber
C982,R1542,T,20250122,3,172,0,24,24,Scott Johnson,"09995 Charles Plain, Philadelphia, PA, 19103",19103,ID00132,CAR,Competitor Loyalist
C240,R7813,T,20250116,1,172,0,14,14,Michelle Peters,"68718 Rivera Motorway, Philadelphia, PA, 19103",19103,ID00128,END,Competitor Loyalist
C598,R1718,B,20250414,2,171,0,0,0,Dean Dunn,"68691 Candace Center, Los Angeles, CA, 90001",90001,ID00067,NEP,Aware Non-Prescriber
C451,R9765,T,20250318,1,172,0,21,21,Jessica Matthews,"0909 Miller Dam Apt. 891, Los Angeles, CA, 90001",90001,ID00130,END,Competitor Loyalist
C752,R5291,B,20250104,1,171,15,34,49,Jill King,"9346 Eric Highway, Los Angeles, CA, 90001",90001,ID00004,NEP,High-Volume Loyalist
C165,R8752,T,20250218,1,173,0,11,11,Tammy Rivera,"7813 Bradshaw Lane, Los Angeles, CA, 90001",90001,ID00084,NEP,Aware Non-Prescriber
C659,R7012,T,20250202,2,172,0,11,11,Renee Montoya,"42137 Susan Groves Suite 215, Houston, TX, 77001",77001,ID00129,NEP,Competitor Loyalist
C320,R5166,T,20250328,1,172,0,20,20,Jill Taylor,"10380 Owens Pine, Chicago, IL, 60601",60601,ID00082,END,Aware Non-Prescriber
C307,R3161,B,20250224,2,171,5,16,21,Edward Moore,"26617 Castillo Mission, Los Angeles, CA, 90001",90001,ID00040,END,Low-Volume Prescriber
C316,R7760,B,20250404,3,171,0,0,0,John Walsh,"0193 Mcclain Circles Suite 081, Philadelphia, PA, 19103",19103,ID00069,END,Aware Non-Prescriber
C988,R7332,T,20250101,2,172,0,14,14,Mr. Scott Lopez,"99002 Vasquez Island Apt. 417, New York, NY, 10001",10001,ID00103,CAR,Unaware
C298,R2877,T,20250122,1,173,0,11,11,Amy Ward,"777 Aaron Junctions, Philadelphia, PA, 19103",19103,ID00070,CAR,Aware Non-Prescriber
C447,R8430,B,20250223,2,171,13,43,56,Jason Webster,"36796 Ballard Fork Suite 800, Houston, TX, 77001",77001,ID00014,END,High-Volume Loyalist
C893,R6004,T,20250227,2,173,0,25,25,Bonnie Davis,"5907 Angela Valley, New York, NY, 10001",10001,ID00071,END,Aware Non-Prescriber
C297,R9621,T,20250217,1,172,0,16,16,Cynthia Graves,"1646 Samuel Crescent Suite 809, New York, NY, 10001",10001,ID00095,NEP,Unaware
C687,R6431,T,20250305,2,173,0,26,26,Jessica Matthews,"0909 Miller Dam Apt. 891, Los Angeles, CA, 90001",90001,ID00130,END,Competitor Loyalist
C564,R3161,B,20250424,3,171,8,10,18,Erin Simmons,"2413 Donna Village, New York, NY, 10001",10001,ID00028,NEP,Low-Volume Prescriber
C620,R2631,N,20250128,2,171,0,0,0,Mr. Scott Lopez,"99002 Vasquez Island Apt. 417, New York, NY, 10001",10001,ID00103,CAR,Unaware
C195,R5903,N,20250428,1,171,0,0,0,Erin Bautista,"17802 Morrison Club Suite 483, New York, NY, 10001",10001,ID00114,NEP,Managed Care Restricted
C593,R2904,T,20250423,3,171,0,0,0,Paul Solomon,"98394 Leroy Garden Apt. 332, Houston, TX, 77001",77001,ID00079,END,Aware Non-Prescriber
C250,R1400,B,20250326,2,171,13,36,49,Kristin Elliott,"294 Schroeder Garden Apt. 703, Houston, TX, 77001",77001,ID00006,END,High-Volume Loyalist
C244,R1301,T,20250319,3,172,0,16,16,John Thomas,"03583 Duncan Walk Apt. 643, Seattle, WA, 98101",98101,ID00102,CAR,Unaware
C988,R7332,T,20250101,2,173,0,27,27,Mr. Scott Lopez,"99002 Vasquez Island Apt. 417, New York, NY, 10001",10001,ID00103,CAR,Unaware
C353,R1549,T,20250407,2,172,0,12,12,Eric Becker,"33578 Charles Camp Apt. 263, Seattle, WA, 98101",98101,ID00088,END,Unaware
C636,R1674,N,20250105,2,171,0,0,0,Katrina Torres,"4105 King Ridges Apt. 254, Seattle, WA, 98101",98101,ID00099,NEP,Unaware
C572,R3798,N,20250212,2,171,0,0,0,Alexandra Clark,"7622 Johnson Greens, Houston, TX, 77001",77001,ID00124,END,Managed Care Restricted
C604,R5501,T,20250215,3,173,0,15,15,Reginald Baker,"502 John Extension, Houston, TX, 77001",77001,ID00081,NEP,Aware Non-Prescriber
C303,R3504,B,20250416,3,171,18,49,67,Stephanie Hawkins,"2393 Oneill Corner, New York, NY, 10001",10001,ID00002,CAR,High-Volume Loyalist
C748,R4610,B,20250201,1,171,0,0,0,Paul Solomon,"98394 Leroy Garden Apt. 332, Houston, TX, 77001",77001,ID00079,END,Aware Non-Prescriber
C893,R6004,T,20250227,2,173,0,15,15,Bonnie Davis,"5907 Angela Valley, New York, NY, 10001",10001,ID00071,END,Aware Non-Prescriber
C284,R5477,B,20250317,3,171,14,30,44,Jillian Hall,"63505 Sheryl Mountains, Seattle, WA, 98101",98101,ID00015,CAR,High-Volume Loyalist
C393,R7698,B,20250428,1,171,8,10,18,Erin Simmons,"2413 Donna Village, New York, NY, 10001",10001,ID00028,NEP,Low-Volume Prescriber
C915,R1118,T,20250411,2,171,0,0,0,Brittany Christensen,"828 Brandon Square Apt. 201, Chicago, IL, 60601",60601,ID00085,END,Aware Non-Prescriber
C553,R3071,T,20250130,3,172,0,30,30,Tammy Rivera,"7813 Bradshaw Lane, Los Angeles, CA, 90001",90001,ID00084,NEP,Aware Non-Prescriber
C155,R9613,T,20250405,3,173,0,10,10,Reginald Baker,"502 John Extension, Houston, TX, 77001",77001,ID00081,NEP,Aware Non-Prescriber
C341,R8944,T,20250201,3,172,0,22,22,Scott Johnson,"09995 Charles Plain, Philadelphia, PA, 19103",19103,ID00132,CAR,Competitor Loyalist
C649,R6353,B,20250109,3,171,6,12,18,Christopher Gamble,"53267 Kathleen Extension, Chicago, IL, 60601",60601,ID00042,CAR,Low-Volume Prescriber
C763,R1257,T,20241231,1,172,0,26,26,Michelle Peters,"68718 Rivera Motorway, Philadelphia, PA, 19103",19103,ID00128,END,Competitor Loyalist
C832,R5243,T,20250425,2,171,0,0,0,Bryan Johnson,"714 Watkins Unions Suite 059, Philadelphia, PA, 19103",19103,ID00137,END,Competitor Loyalist
C760,R2007,T,20250209,2,173,0,14,14,Timothy Lewis,"60203 Cindy Lock, Atlanta, GA, 30301",30301,ID00126,CAR,Competitor Loyalist
C315,R4492,T,20250308,1,173,0,28,28,Dean Dunn,"68691 Candace Center, Los Angeles, CA, 90001",90001,ID00067,NEP,Aware Non-Prescriber
C178,R9430,T,20250224,1,173,0,17,17,Alan Wilson,"562 Steele Brooks, Philadelphia, PA, 19103",19103,ID00073,END,Aware Non-Prescriber
C891,R9814,T,20250109,1,172,0,27,27,Dean Dunn,"68691 Candace Center, Los Angeles, CA, 90001",90001,ID00067,NEP,Aware Non-Prescriber
C884,R6864,N,20250404,1,171,0,0,0,Cynthia Graves,"1646 Samuel Crescent Suite 809, New York, NY, 10001",10001,ID00095,NEP,Unaware
C820,R9542,T,20250323,2,172,0,29,29,Alan Wilson,"562 Steele Brooks, Philadelphia, PA, 19103",19103,ID00073,END,Aware Non-Prescriber
C486,R6868,N,20250101,3,171,0,0,0,Stephen Lopez,"736 Graham Inlet, Atlanta, GA, 30301",30301,ID00091,CAR,Unaware
C614,R2738,B,20250329,1,171,0,0,0,Dr. Joseph Hughes,"89401 Robert Run Apt. 512, Atlanta, GA, 30301",30301,ID00068,CAR,Aware Non-Prescriber
C370,R2900,T,20250105,3,172,0,19,19,Sandra Mccoy,"96055 Megan Valley, Seattle, WA, 98101",98101,ID00133,CAR,Competitor Loyalist
C899,R2212,T,20250131,1,172,0,30,30,James Rhodes,"28272 Mary Lane, Houston, TX, 77001",77001,ID00136,CAR,Competitor Loyalist
C224,R6752,B,20250212,1,171,0,0,0,James Warner,"222 Joseph Land Apt. 785, New York, NY, 10001",10001,ID00083,END,Aware Non-Prescriber
C630,R6918,T,20250128,1,171,0,0,0,Alan Wilson,"562 Steele Brooks, Philadelphia, PA, 19103",19103,ID00073,END,Aware Non-Prescriber
C991,R9791,T,20250226,3,171,0,0,0,Michael Garcia,"29926 Kathryn Overpass, Los Angeles, CA, 90001",90001,ID00140,END,Competitor Loyalist
C505,R1643,N,20250306,3,171,0,0,0,Michael Brown,"87331 Julian Center Suite 186, Atlanta, GA, 30301",30301,ID00109,NEP,Managed Care Restricted
C629,R5121,T,20250214,3,173,0,27,27,Alan Wilson,"562 Steele Brooks, Philadelphia, PA, 19103",19103,ID00073,END,Aware Non-Prescriber
C508,R9221,N,20250201,1,171,0,0,0,Audrey Ruiz,"8055 Martha Curve Apt. 773, Philadelphia, PA, 19103",19103,ID00100,END,Unaware
C873,R1003,T,20250422,3,172,0,11,11,Timothy Lewis,"60203 Cindy Lock, Atlanta, GA, 30301",30301,ID00126,CAR,Competitor Loyalist
C865,R4764,T,20250418,3,173,0,25,25,Stephen Smith,"295 Randolph Skyway, Philadelphia, PA, 19103",19103,ID00077,END,Aware Non-Prescriber
C383,R7995,T,20250321,2,171,0,0,0,James Rhodes,"28272 Mary Lane, Houston, TX, 77001",77001,ID00136,CAR,Competitor Loyalist
C356,R8305,T,20250313,3,173,0,22,22,Bryan Johnson,"714 Watkins Unions Suite 059, Philadelphia, PA, 19103",19103,ID00137,END,Competitor Loyalist
C506,R6961,T,20250116,2,172,0,25,25,Jonathan Joseph,"5976 Cabrera Orchard Suite 124, Chicago, IL, 60601",60601,ID00072,CAR,Aware Non-Prescriber
C919,R6172,T,20250326,3,173,0,10,10,Paul Solomon,"98394 Leroy Garden Apt. 332, Houston, TX, 77001",77001,ID00079,END,Aware Non-Prescriber
C161,R1979,T,20250428,3,172,0,10,10,Jeffrey Salazar,"8770 Thomas Wells Apt. 251, New York, NY, 10001",10001,ID00090,NEP,Unaware
C999,R7343,T,20250320,2,172,0,16,16,Lori Clark,"889 Curtis Summit Apt. 266, Atlanta, GA, 30301",30301,ID00104,NEP,Unaware
C656,R7220,B,20250204,1,171,9,20,29,Nicholas Kelley,"579 Scott Squares, Los Angeles, CA, 90001",90001,ID00025,END,Low-Volume Prescriber
C710,R4697,B,20250114,3,171,16,49,65,Clinton Diaz,"85425 Laura Summit Suite 944, Philadelphia, PA, 19103",19103,ID00009,END,High-Volume Loyalist
C194,R7550,T,20250131,2,173,0,20,20,James Steele,"0564 Katherine Tunnel Apt. 235, Atlanta, GA, 30301",30301,ID00097,END,Unaware
C368,R3544,T,20250307,1,171,0,0,0,Tammy Rivera,"7813 Bradshaw Lane, Los Angeles, CA, 90001",90001,ID00084,NEP,Aware Non-Prescriber
C890,R9199,B,20250225,2,171,8,17,25,Holly Johnson,"364 Donald Locks Suite 870, Seattle, WA, 98101",98101,ID00036,NEP,Low-Volume Prescriber
C787,R4842,T,20250210,2,171,0,0,0,Amy Ward,"777 Aaron Junctions, Philadelphia, PA, 19103",19103,ID00070,CAR,Aware Non-Prescriber
C482,R3555,N,20250124,3,171,0,0,0,John Jones,"27478 Holland Mountains, Philadelphia, PA, 19103",19103,ID00101,END,Unaware
C789,R7436,N,20250118,1,171,0,0,0,Katrina Torres,"4105 King Ridges Apt. 254, Seattle, WA, 98101",98101,ID00099,NEP,Unaware
C725,R5466,T,20250417,2,171,0,0,0,Devin Watkins,"915 Alejandro Dam Suite 837, Seattle, WA, 98101",98101,ID00134,CAR,Competitor Loyalist
C531,R9185,T,20250228,1,173,0,22,22,Jill Taylor,"10380 Owens Pine, Chicago, IL, 60601",60601,ID00082,END,Aware Non-Prescriber
C834,R8739,B,20250105,1,171,8,15,23,Brian Webb,"98193 Donna Mill Suite 101, Los Angeles, CA, 90001",90001,ID00026,NEP,Low-Volume Prescriber
C981,R3863,T,20250304,2,172,0,28,28,Reginald Baker,"502 John Extension, Houston, TX, 77001",77001,ID00081,NEP,Aware Non-Prescriber
C439,R2644,B,20250103,1,171,18,48,66,Mark Hunt,"050 Smith Land Apt. 308, Seattle, WA, 98101",98101,ID00011,END,High-Volume Loyalist
C194,R7550,T,20250131,2,172,0,10,10,James Steele,"0564 Katherine Tunnel Apt. 235, Atlanta, GA, 30301",30301,ID00097,END,Unaware
C513,R2148,T,20250301,2,173,0,14,14,Alejandro Gould,"48615 Craig Tunnel, New York, NY, 10001",10001,ID00138,NEP,Competitor Loyalist
C151,R8811,B,20250106,3,171,15,31,46,Andrea Miller,"677 Johnson Rue, Chicago, IL, 60601",60601,ID00003,END,High-Volume Loyalist
C177,R3924,T,20250219,3,173,0,12,12,Valerie Smith,"2865 Rodriguez Pike Apt. 296, New York, NY, 10001",10001,ID00080,NEP,Aware Non-Prescriber
C192,R5661,T,20250306,1,171,0,0,0,Suzanne Barnett,"169 Carol Lights Apt. 195, New York, NY, 10001",10001,ID00078,CAR,Aware Non-Prescriber
C350,R7653,B,20250205,3,171,7,17,24,Gregory Hughes,"47230 Reynolds Landing Apt. 921, Los Angeles, CA, 90001",90001,ID00022,NEP,Low-Volume Prescriber
C566,R6272,B,20250210,3,171,18,42,60,Mark Hunt,"050 Smith Land Apt. 308, Seattle, WA, 98101",98101,ID00011,END,High-Volume Loyalist
C963,R2063,N,20250406,2,171,0,0,0,Erin Bautista,"17802 Morrison Club Suite 483, New York, NY, 10001",10001,ID00114,NEP,Managed Care Restricted
C366,R2006,T,20250402,3,173,0,15,15,Luis Lozano,"59703 David Ford Apt. 715, Los Angeles, CA, 90001",90001,ID00131,END,Competitor Loyalist
C356,R8305,T,20250313,3,171,0,0,0,Bryan Johnson,"714 Watkins Unions Suite 059, Philadelphia, PA, 19103",19103,ID00137,END,Competitor Loyalist
C610,R4271,T,20250122,3,171,0,0,0,Valerie Smith,"2865 Rodriguez Pike Apt. 296, New York, NY, 10001",10001,ID00080,NEP,Aware Non-Prescriber
C681,R4164,B,20241231,3,171,7,14,21,Jonathan Robinson,"338 Daniel Stravenue Apt. 058, Los Angeles, CA, 90001",90001,ID00027,END,Low-Volume Prescriber
C452,R5698,T,20241230,3,171,0,0,0,Brittany Christensen,"828 Brandon Square Apt. 201, Chicago, IL, 60601",60601,ID00085,END,Aware Non-Prescriber
C397,R2103,T,20250227,3,173,0,12,12,Amy Ward,"777 Aaron Junctions, Philadelphia, PA, 19103",19103,ID00070,CAR,Aware Non-Prescriber
C580,R8438,T,20250408,1,173,0,14,14,Jessica Matthews,"0909 Miller Dam Apt. 891, Los Angeles, CA, 90001",90001,ID00130,END,Competitor Loyalist
C628,R1807,N,20250311,2,171,0,0,0,Michael Brown,"87331 Julian Center Suite 186, Atlanta, GA, 30301",30301,ID00109,NEP,Managed Care Restricted
C633,R3001,N,20250404,3,171,0,0,0,Amy Terry,"7327 Gary Ways Suite 354, Seattle, WA, 98101",98101,ID00089,NEP,Unaware
C279,R4289,B,20250110,2,171,15,43,58,John Villa,"71110 Garza Ridge Apt. 137, Los Angeles, CA, 90001",90001,ID00012,NEP,High-Volume Loyalist
C730,R5603,T,20250131,1,172,0,14,14,Luis Lozano,"59703 David Ford Apt. 715, Los Angeles, CA, 90001",90001,ID00131,END,Competitor Loyalist
C584,R4981,B,20250115,3,171,19,48,67,Andrea Miller,"677 Johnson Rue, Chicago, IL, 60601",60601,ID00003,END,High-Volume Loyalist
C279,R2343,T,20250302,3,173,0,13,13,Bonnie Davis,"5907 Angela Valley, New York, NY, 10001",10001,ID00071,END,Aware Non-Prescriber
C804,R9059,T,20250228,3,172,0,26,26,Brittany Christensen,"828 Brandon Square Apt. 201, Chicago, IL, 60601",60601,ID00085,END,Aware Non-Prescriber
C647,R1096,T,20250101,2,172,0,19,19,Dr. Joseph Hughes,"89401 Robert Run Apt. 512, Atlanta, GA, 30301",30301,ID00068,CAR,Aware Non-Prescriber
C904,R4629,T,20241230,2,173,0,24,24,Bonnie Davis,"5907 Angela Valley, New York, NY, 10001",10001,ID00071,END,Aware Non-Prescriber
C926,R9570,T,20250114,1,171,0,0,0,Michael Garcia,"29926 Kathryn Overpass, Los Angeles, CA, 90001",90001,ID00140,END,Competitor Loyalist
C771,R9051,N,20241231,1,171,0,0,0,Lisa Guerrero,"897 Amanda Circles, Houston, TX, 77001",77001,ID00094,NEP,Unaware
C874,R1745,T,20250322,3,172,0,19,19,Dr. Joseph Hughes,"89401 Robert Run Apt. 512, Atlanta, GA, 30301",30301,ID00068,CAR,Aware Non-Prescriber
C670,R9732,N,20250208,1,171,0,0,0,Michael Smith,"41758 Brian Prairie, Chicago, IL, 60601",60601,ID00106,CAR,Managed Care Restricted
C616,R7302,N,20250112,2,171,13,0,13,John Allen,"6872 Katie Ford, Houston, TX, 77001",77001,ID00063,CAR,New Adopter
C390,R9445,B,20250410,3,171,12,32,44,Kristin Elliott,"294 Schroeder Garden Apt. 703, Houston, TX, 77001",77001,ID00006,END,High-Volume Loyalist
C800,R6765,T,20250101,2,173,0,11,11,Lori Clark,"889 Curtis Summit Apt. 266, Atlanta, GA, 30301",30301,ID00104,NEP,Unaware
C245,R8595,N,20250328,3,171,0,0,0,Patrick Hall,"344 Williams Extension, Houston, TX, 77001",77001,ID00110,END,Managed Care Restricted
C266,R8393,N,20250409,3,171,11,0,11,Heidi Lucero,"5415 Billy Key, Seattle, WA, 98101",98101,ID00049,NEP,New Adopter
C924,R3185,N,20250211,2,171,15,0,15,John Allen,"6872 Katie Ford, Houston, TX, 77001",77001,ID00063,CAR,New Adopter
C651,R4218,T,20250416,2,171,0,0,0,Bonnie Davis,"5907 Angela Valley, New York, NY, 10001",10001,ID00071,END,Aware Non-Prescriber
C747,R2485,T,20250219,1,172,0,16,16,Alejandro Gould,"48615 Craig Tunnel, New York, NY, 10001",10001,ID00138,NEP,Competitor Loyalist
C227,R7029,B,20250419,3,171,15,38,53,Paul Nelson PhD,"47328 Nancy Ville Suite 584, Atlanta, GA, 30301",30301,ID00019,END,High-Volume Loyalist
C342,R9220,T,20250417,3,173,0,22,22,Renee Montoya,"42137 Susan Groves Suite 215, Houston, TX, 77001",77001,ID00129,NEP,Competitor Loyalist
C460,R9312,B,20250410,2,171,19,31,50,Brian Perez,"2053 Nicole Mountains Suite 024, Los Angeles, CA, 90001",90001,ID00017,END,High-Volume Loyalist
C364,R7678,T,20250311,1,172,0,17,17,Dr. Joseph Hughes,"89401 Robert Run Apt. 512, Atlanta, GA, 30301",30301,ID00068,CAR,Aware Non-Prescriber
C206,R8306,T,20250111,3,172,0,18,18,John Church,"5132 Crystal Prairie, Los Angeles, CA, 90001",90001,ID00135,NEP,Competitor Loyalist
C110,R1138,T,20250208,3,172,0,13,13,John Church,"5132 Crystal Prairie, Los Angeles, CA, 90001",90001,ID00135,NEP,Competitor Loyalist
C731,R6008,T,20250302,2,173,0,16,16,Amy Ward,"777 Aaron Junctions, Philadelphia, PA, 19103",19103,ID00070,CAR,Aware Non-Prescriber
C693,R4817,T,20250118,3,171,0,0,0,Michael Garcia,"29926 Kathryn Overpass, Los Angeles, CA, 90001",90001,ID00140,END,Competitor Loyalist
C215,R8889,T,20250330,2,172,0,10,10,Renee Montoya,"42137 Susan Groves Suite 215, Houston, TX, 77001",77001,ID00129,NEP,Competitor Loyalist
C553,R2604,B,20250203,2,171,13,32,45,Andrea Miller,"677 Johnson Rue, Chicago, IL, 60601",60601,ID00003,END,High-Volume Loyalist
C450,R7885,T,20250303,1,172,0,22,22,Tiffany Mckee,"9995 Hill Loop, Chicago, IL, 60601",60601,ID00087,CAR,Unaware
C814,R4617,T,20250209,3,172,0,20,20,Katrina Torres,"4105 King Ridges Apt. 254, Seattle, WA, 98101",98101,ID00099,NEP,Unaware
C112,R8514,N,20250319,2,171,0,0,0,Ryan Evans,"1962 Burns Mission, Houston, TX, 77001",77001,ID00112,END,Managed Care Restricted
C294,R9586,T,20250413,2,173,0,26,26,Tiffany Gonzalez,"266 Robertson Heights, Los Angeles, CA, 90001",90001,ID00092,END,Unaware
C782,R8916,B,20250215,1,171,9,20,29,Kristin Woods,"6290 Harrington Pass, Atlanta, GA, 30301",30301,ID00032,NEP,Low-Volume Prescriber
C459,R3419,B,20250307,3,171,13,41,54,John Campbell,"53474 Jeffrey Estates, Seattle, WA, 98101",98101,ID00016,END,High-Volume Loyalist
C844,R2235,T,20250201,3,173,0,15,15,Bonnie Davis,"5907 Angela Valley, New York, NY, 10001",10001,ID00071,END,Aware Non-Prescriber
C861,R7814,N,20250214,3,171,0,0,0,Lisa Guerrero,"897 Amanda Circles, Houston, TX, 77001",77001,ID00094,NEP,Unaware
C305,R4435,N,20250419,2,171,11,0,11,John Allen,"6872 Katie Ford, Houston, TX, 77001",77001,ID00063,CAR,New Adopter
C630,R6918,T,20250128,1,173,0,10,10,Alan Wilson,"562 Steele Brooks, Philadelphia, PA, 19103",19103,ID00073,END,Aware Non-Prescriber
C375,R3048,T,20250112,2,173,0,24,24,Tiffany Mckee,"9995 Hill Loop, Chicago, IL, 60601",60601,ID00087,CAR,Unaware
C904,R8972,B,20250116,3,171,0,0,0,Jill Taylor,"10380 Owens Pine, Chicago, IL, 60601",60601,ID00082,END,Aware Non-Prescriber
C686,R2800,B,20250117,3,171,6,10,16,Jennifer Rodriguez,"943 Amber Park, Los Angeles, CA, 90001",90001,ID00024,NEP,Low-Volume Prescriber
C415,R6992,T,20250412,1,172,0,30,30,Brittany Christensen,"828 Brandon Square Apt. 201, Chicago, IL, 60601",60601,ID00085,END,Aware Non-Prescriber
C556,R3608,T,20250405,3,171,0,0,0,Jonathan Joseph,"5976 Cabrera Orchard Suite 124, Chicago, IL, 60601",60601,ID00072,CAR,Aware Non-Prescriber
C719,R2462,N,20250202,3,171,14,0,14,Stephanie Jackson,"336 Catherine Terrace Apt. 956, Philadelphia, PA, 19103",19103,ID00053,CAR,New Adopter
C587,R9724,T,20250228,2,171,0,0,0,Sandra Mccoy,"96055 Megan Valley, Seattle, WA, 98101",98101,ID00133,CAR,Competitor Loyalist
C972,R2964,B,20250225,2,171,8,14,22,Michael Campbell,"272 Glass Prairie, Atlanta, GA, 30301",30301,ID00045,END,Low-Volume Prescriber
C812,R4018,T,20250423,1,173,0,13,13,James Rhodes,"28272 Mary Lane, Houston, TX, 77001",77001,ID00136,CAR,Competitor Loyalist
C864,R9691,B,20250403,3,171,10,32,42,Jillian Hall,"63505 Sheryl Mountains, Seattle, WA, 98101",98101,ID00015,CAR,High-Volume Loyalist
C239,R7406,T,20250228,1,172,0,25,25,John Walsh,"0193 Mcclain Circles Suite 081, Philadelphia, PA, 19103",19103,ID00069,END,Aware Non-Prescriber
C651,R9947,B,20250213,2,171,16,43,59,James Bradford,"48045 Natasha Vista Suite 907, Seattle, WA, 98101",98101,ID00007,END,High-Volume Loyalist
C291,R9987,T,20250209,2,173,0,13,13,Reginald Baker,"502 John Extension, Houston, TX, 77001",77001,ID00081,NEP,Aware Non-Prescriber
C925,R3137,N,20250426,3,171,11,0,11,Jodi Griffith,"37360 Beth Coves Apt. 692, Seattle, WA, 98101",98101,ID00048,CAR,New Adopter
C623,R3534,T,20250426,3,172,0,10,10,James Steele,"0564 Katherine Tunnel Apt. 235, Atlanta, GA, 30301",30301,ID00097,END,Unaware
C140,R7294,T,20250121,3,172,0,11,11,Tina Reed,"19172 Miller Vista, Philadelphia, PA, 19103",19103,ID00139,END,Competitor Loyalist
C371,R7014,T,20250118,1,172,0,28,28,James Steele,"0564 Katherine Tunnel Apt. 235, Atlanta, GA, 30301",30301,ID00097,END,Unaware
C799,R7390,T,20250128,2,173,0,30,30,Sandra Mccoy,"96055 Megan Valley, Seattle, WA, 98101",98101,ID00133,CAR,Competitor Loyalist
C431,R2467,T,20250408,2,172,0,23,23,Audrey Ruiz,"8055 Martha Curve Apt. 773, Philadelphia, PA, 19103",19103,ID00100,END,Unaware
C936,R3276,T,20250110,1,173,0,12,12,Timothy Lewis,"60203 Cindy Lock, Atlanta, GA, 30301",30301,ID00126,CAR,Competitor Loyalist
C257,R5726,T,20250416,2,172,0,12,12,Michelle Peters,"68718 Rivera Motorway, Philadelphia, PA, 19103",19103,ID00128,END,Competitor Loyalist
C321,R9603,N,20250415,2,171,0,0,0,Joy Diaz,"140 Donna Trafficway, Los Angeles, CA, 90001",90001,ID00119,CAR,Managed Care Restricted
C684,R7366,N,20250111,1,171,0,0,0,Manuel Young,"36774 James Fords Apt. 798, New York, NY, 10001",10001,ID00093,NEP,Unaware
C430,R7714,T,20250318,2,172,0,12,12,Manuel Young,"36774 James Fords Apt. 798, New York, NY, 10001",10001,ID00093,NEP,Unaware
C799,R7390,T,20250128,2,172,0,24,24,Sandra Mccoy,"96055 Megan Valley, Seattle, WA, 98101",98101,ID00133,CAR,Competitor Loyalist
C705,R3476,T,20250317,1,173,0,24,24,Scott Johnson,"09995 Charles Plain, Philadelphia, PA, 19103",19103,ID00132,CAR,Competitor Loyalist
C356,R1646,T,20250401,1,172,0,26,26,Stephen Lopez,"736 Graham Inlet, Atlanta, GA, 30301",30301,ID00091,CAR,Unaware
C701,R1339,B,20250110,1,171,20,48,68,Thomas Rhodes,"890 Dylan Trail, Atlanta, GA, 30301",30301,ID00010,NEP,High-Volume Loyalist
C477,R9083,B,20250403,3,171,6,17,23,Heather Hall,"185 Peterson Unions, Atlanta, GA, 30301",30301,ID00044,CAR,Low-Volume Prescriber
C762,R7732,T,20250301,1,173,0,22,22,Peter Morse,"83908 Garcia Turnpike, Chicago, IL, 60601",60601,ID00074,CAR,Aware Non-Prescriber
C342,R5944,B,20250313,3,171,10,15,25,Tina Smith,"0220 Li Corner, Chicago, IL, 60601",60601,ID00029,NEP,Low-Volume Prescriber
C294,R9586,T,20250413,2,172,0,20,20,Tiffany Gonzalez,"266 Robertson Heights, Los Angeles, CA, 90001",90001,ID00092,END,Unaware
C913,R5127,T,20250108,1,172,0,30,30,Dr. Joseph Hughes,"89401 Robert Run Apt. 512, Atlanta, GA, 30301",30301,ID00068,CAR,Aware Non-Prescriber
C284,R1427,N,20250209,2,171,12,0,12,Benjamin Tucker,"9040 Smith Causeway, Los Angeles, CA, 90001",90001,ID00047,END,New Adopter
C741,R9753,N,20250211,2,171,0,0,0,Adam Reed,"091 Hale Junctions Apt. 822, Philadelphia, PA, 19103",19103,ID00118,CAR,Managed Care Restricted
C557,R6178,N,20250225,1,171,15,0,15,Cynthia French,"3991 Brennan Underpass, Philadelphia, PA, 19103",19103,ID00062,END,New Adopter
C763,R1257,T,20241231,1,173,0,20,20,Michelle Peters,"68718 Rivera Motorway, Philadelphia, PA, 19103",19103,ID00128,END,Competitor Loyalist
C146,R4976,T,20250425,3,172,0,29,29,Michael Garcia,"29926 Kathryn Overpass, Los Angeles, CA, 90001",90001,ID00140,END,Competitor Loyalist
C611,R9482,B,20250130,1,171,10,35,45,Dr. Cynthia Miller,"725 Mills Forge, Seattle, WA, 98101",98101,ID00020,NEP,High-Volume Loyalist
C548,R5828,T,20250302,3,172,0,27,27,Stephen Lopez,"736 Graham Inlet, Atlanta, GA, 30301",30301,ID00091,CAR,Unaware
C973,R2405,T,20250405,3,173,0,26,26,John Jones,"27478 Holland Mountains, Philadelphia, PA, 19103",19103,ID00101,END,Unaware
C863,R6562,B,20250307,1,171,16,39,55,John Campbell,"53474 Jeffrey Estates, Seattle, WA, 98101",98101,ID00016,END,High-Volume Loyalist
C359,R1599,B,20250305,2,171,18,45,63,Paul Nelson PhD,"47328 Nancy Ville Suite 584, Atlanta, GA, 30301",30301,ID00019,END,High-Volume Loyalist
C915,R1118,T,20250411,2,173,0,21,21,Brittany Christensen,"828 Brandon Square Apt. 201, Chicago, IL, 60601",60601,ID00085,END,Aware Non-Prescriber
C304,R2589,N,20250110,2,171,15,0,15,Robert Hernandez,"450 Michael Heights Suite 689, Atlanta, GA, 30301",30301,ID00050,CAR,New Adopter
C558,R1282,B,20250328,2,171,20,45,65,Emma Moore,"7136 Stephanie Drive, Philadelphia, PA, 19103",19103,ID00008,CAR,High-Volume Loyalist
C354,R7304,N,20250114,3,171,0,0,0,Eric Becker,"33578 Charles Camp Apt. 263, Seattle, WA, 98101",98101,ID00088,END,Unaware
C683,R3931,T,20250324,1,172,0,29,29,Cynthia Graves,"1646 Samuel Crescent Suite 809, New York, NY, 10001",10001,ID00095,NEP,Unaware
C553,R4559,B,20250426,2,171,9,20,29,Ruth Rodriguez,"72952 Anthony Ways, Houston, TX, 77001",77001,ID00041,CAR,Low-Volume Prescriber
C112,R7737,T,20250415,1,173,0,14,14,John Church,"5132 Crystal Prairie, Los Angeles, CA, 90001",90001,ID00135,NEP,Competitor Loyalist
C515,R4281,T,20250213,3,173,0,23,23,Suzanne Barnett,"169 Carol Lights Apt. 195, New York, NY, 10001",10001,ID00078,CAR,Aware Non-Prescriber
C683,R3931,T,20250324,1,173,0,15,15,Cynthia Graves,"1646 Samuel Crescent Suite 809, New York, NY, 10001",10001,ID00095,NEP,Unaware
C674,R1144,T,20250205,1,173,0,10,10,Catherine Elliott,"605 Jessica Lodge, Chicago, IL, 60601",60601,ID00066,CAR,Aware Non-Prescriber
C889,R7504,T,20250310,1,173,0,24,24,Tammy Rivera,"7813 Bradshaw Lane, Los Angeles, CA, 90001",90001,ID00084,NEP,Aware Non-Prescriber
C844,R1134,T,20250331,2,172,0,22,22,Tiffany Mckee,"9995 Hill Loop, Chicago, IL, 60601",60601,ID00087,CAR,Unaware
C702,R4193,T,20250402,3,173,0,17,17,Devin Watkins,"915 Alejandro Dam Suite 837, Seattle, WA, 98101",98101,ID00134,CAR,Competitor Loyalist
C153,R4568,T,20250124,2,172,0,10,10,Amy Terry,"7327 Gary Ways Suite 354, Seattle, WA, 98101",98101,ID00089,NEP,Unaware
C667,R7044,B,20250129,2,171,5,15,20,Ricky Harris,"082 Sanchez River, Chicago, IL, 60601",60601,ID00021,NEP,Low-Volume Prescriber
C189,R7262,T,20250324,1,173,0,16,16,Mrs. Kristin Rodriguez,"484 Caldwell Ways Apt. 822, New York, NY, 10001",10001,ID00105,NEP,Unaware
C613,R5465,B,20250115,3,171,15,46,61,John Villa,"71110 Garza Ridge Apt. 137, Los Angeles, CA, 90001",90001,ID00012,NEP,High-Volume Loyalist
C316,R7760,T,20250404,3,172,0,23,23,John Walsh,"0193 Mcclain Circles Suite 081, Philadelphia, PA, 19103",19103,ID00069,END,Aware Non-Prescriber
C730,R5603,T,20250131,1,171,0,0,0,Luis Lozano,"59703 David Ford Apt. 715, Los Angeles, CA, 90001",90001,ID00131,END,Competitor Loyalist
C582,R6621,T,20250201,1,173,0,25,25,Reginald Baker,"502 John Extension, Houston, TX, 77001",77001,ID00081,NEP,Aware Non-Prescriber
C738,R9369,T,20250316,1,171,0,0,0,Timothy Mccarthy,"3359 Harrell Center, Atlanta, GA, 30301",30301,ID00075,END,Aware Non-Prescriber
C770,R2622,B,20250221,3,171,12,43,55,Mariah Bailey,"1518 Austin Knoll, Philadelphia, PA, 19103",19103,ID00013,CAR,High-Volume Loyalist
C853,R9589,T,20250311,3,173,0,12,12,Audrey Ruiz,"8055 Martha Curve Apt. 773, Philadelphia, PA, 19103",19103,ID00100,END,Unaware
C111,R7266,T,20250417,3,173,0,27,27,Katrina Torres,"4105 King Ridges Apt. 254, Seattle, WA, 98101",98101,ID00099,NEP,Unaware
C319,R7145,T,20250312,3,173,0,30,30,John Garcia,"59147 Keith Drives, New York, NY, 10001",10001,ID00096,CAR,Unaware
C697,R4111,N,20250219,2,171,8,0,8,Amanda Gillespie,"16188 Krystal Place, Atlanta, GA, 30301",30301,ID00055,NEP,New Adopter
C303,R9202,N,20250110,1,171,0,0,0,Lori Clark,"889 Curtis Summit Apt. 266, Atlanta, GA, 30301",30301,ID00104,NEP,Unaware
C178,R9430,T,20250224,1,173,0,13,13,Alan Wilson,"562 Steele Brooks, Philadelphia, PA, 19103",19103,ID00073,END,Aware Non-Prescriber
C353,R1549,T,20250407,2,172,0,14,14,Eric Becker,"33578 Charles Camp Apt. 263, Seattle, WA, 98101",98101,ID00088,END,Unaware
C412,R4441,T,20250308,3,172,0,14,14,John Walsh,"0193 Mcclain Circles Suite 081, Philadelphia, PA, 19103",19103,ID00069,END,Aware Non-Prescriber
C324,R5471,B,20250411,3,171,13,45,58,James Bradford,"48045 Natasha Vista Suite 907, Seattle, WA, 98101",98101,ID00007,END,High-Volume Loyalist
C740,R4457,B,20250318,3,171,11,36,47,Clinton Diaz,"85425 Laura Summit Suite 944, Philadelphia, PA, 19103",19103,ID00009,END,High-Volume Loyalist
C457,R4624,T,20250308,2,173,0,12,12,Catherine Elliott,"605 Jessica Lodge, Chicago, IL, 60601",60601,ID00066,CAR,Aware Non-Prescriber
C291,R8303,N,20250422,2,171,13,0,13,Kaitlyn Schwartz,"863 Stacy Spurs Suite 299, Atlanta, GA, 30301",30301,ID00051,CAR,New Adopter
C729,R3776,T,20250409,3,172,0,14,14,Suzanne Barnett,"169 Carol Lights Apt. 195, New York, NY, 10001",10001,ID00078,CAR,Aware Non-Prescriber
C822,R8007,B,20250119,3,171,17,47,64,Jill King,"9346 Eric Highway, Los Angeles, CA, 90001",90001,ID00004,NEP,High-Volume Loyalist
C560,R6483,T,20250228,3,173,0,24,24,Jill Taylor,"10380 Owens Pine, Chicago, IL, 60601",60601,ID00082,END,Aware Non-Prescriber
C323,R5408,T,20250228,2,173,0,27,27,Valerie Smith,"2865 Rodriguez Pike Apt. 296, New York, NY, 10001",10001,ID00080,NEP,Aware Non-Prescriber
C429,R8618,B,20250409,3,171,19,50,69,Kristin Elliott,"294 Schroeder Garden Apt. 703, Houston, TX, 77001",77001,ID00006,END,High-Volume Loyalist
C593,R3545,N,20250322,1,171,0,0,0,Daniel Cooper,"16128 Tracy Burg Apt. 578, Atlanta, GA, 30301",30301,ID00117,CAR,Managed Care Restricted
C935,R6224,B,20250116,3,171,7,13,20,Tina Smith,"0220 Li Corner, Chicago, IL, 60601",60601,ID00029,NEP,Low-Volume Prescriber
C888,R4985,B,20250216,3,171,0,0,0,Paul Solomon,"98394 Leroy Garden Apt. 332, Houston, TX, 77001",77001,ID00079,END,Aware Non-Prescriber
C993,R5348,T,20250129,3,172,0,13,13,Valerie Smith,"2865 Rodriguez Pike Apt. 296, New York, NY, 10001",10001,ID00080,NEP,Aware Non-Prescriber
C729,R8126,B,20250212,2,171,10,41,51,Dr. Cynthia Miller,"725 Mills Forge, Seattle, WA, 98101",98101,ID00020,NEP,High-Volume Loyalist
C127,R8775,B,20250221,3,171,7,20,27,Jennifer Rodriguez,"943 Amber Park, Los Angeles, CA, 90001",90001,ID00024,NEP,Low-Volume Prescriber
C947,R2320,B,20250329,1,171,7,20,27,Kristin Woods,"6290 Harrington Pass, Atlanta, GA, 30301",30301,ID00032,NEP,Low-Volume Prescriber
C694,R9869,T,20250323,1,172,0,29,29,Mrs. Kristin Rodriguez,"484 Caldwell Ways Apt. 822, New York, NY, 10001",10001,ID00105,NEP,Unaware
C913,R1955,T,20250414,2,172,0,14,14,Lisa Guerrero,"897 Amanda Circles, Houston, TX, 77001",77001,ID00094,NEP,Unaware
C331,R3253,B,20250126,2,171,17,36,53,Jon Thomas,"14771 Patrick Ville, Seattle, WA, 98101",98101,ID00018,NEP,High-Volume Loyalist
C525,R9897,T,20250409,3,172,0,12,12,Catherine Elliott,"605 Jessica Lodge, Chicago, IL, 60601",60601,ID00066,CAR,Aware Non-Prescriber
C307,R4351,N,20250404,3,171,0,0,0,Brianna Murray,"194 Maddox Mews, Houston, TX, 77001",77001,ID00108,END,Managed Care Restricted
C539,R7626,B,20250426,1,171,15,48,63,John Campbell,"53474 Jeffrey Estates, Seattle, WA, 98101",98101,ID00016,END,High-Volume Loyalist
C633,R2117,T,20250307,1,171,0,0,0,Catherine Elliott,"605 Jessica Lodge, Chicago, IL, 60601",60601,ID00066,CAR,Aware Non-Prescriber
C480,R8597,T,20250207,2,173,0,13,13,Tiffany Mckee,"9995 Hill Loop, Chicago, IL, 60601",60601,ID00087,CAR,Unaware
C649,R3024,B,20250110,2,171,10,38,48,Mariah Bailey,"1518 Austin Knoll, Philadelphia, PA, 19103",19103,ID00013,CAR,High-Volume Loyalist
C760,R2007,T,20250209,2,172,0,22,22,Timothy Lewis,"60203 Cindy Lock, Atlanta, GA, 30301",30301,ID00126,CAR,Competitor Loyalist
C448,R3353,B,20250221,2,171,8,13,21,Gregory Hughes,"47230 Reynolds Landing Apt. 921, Los Angeles, CA, 90001",90001,ID00022,NEP,Low-Volume Prescriber
C239,R7406,T,20250228,1,173,0,16,16,John Walsh,"0193 Mcclain Circles Suite 081, Philadelphia, PA, 19103",19103,ID00069,END,Aware Non-Prescriber
C738,R9369,T,20250316,1,173,0,30,30,Timothy Mccarthy,"3359 Harrell Center, Atlanta, GA, 30301",30301,ID00075,END,Aware Non-Prescriber
C373,R9998,B,20250320,2,171,10,36,46,Thomas Rhodes,"890 Dylan Trail, Atlanta, GA, 30301",30301,ID00010,NEP,High-Volume Loyalist
C384,R3547,B,20250406,1,171,16,40,56,Michelle Elliott,"8851 Kevin Cliff, Atlanta, GA, 30301",30301,ID00001,CAR,High-Volume Loyalist
C986,R1510,T,20250113,2,172,0,12,12,Michelle Ross,"5963 Connor Spring, Houston, TX, 77001",77001,ID00127,NEP,Competitor Loyalist
C911,R8905,T,20250401,2,172,0,16,16,Karen Moore,"1184 Rachel Mountains Apt. 047, Philadelphia, PA, 19103",19103,ID00098,NEP,Unaware
C466,R7713,N,20250408,2,171,11,0,11,Vincent Sanders,"5175 Lance Hills, Houston, TX, 77001",77001,ID00059,NEP,New Adopter
C712,R9908,B,20250425,1,171,0,0,0,Tammy Rose,"86335 Lawson Ranch Apt. 743, Los Angeles, CA, 90001",90001,ID00076,END,Aware Non-Prescriber
C679,R9115,B,20250308,2,171,6,17,23,Dylan George,"894 Davis Lakes Suite 123, Philadelphia, PA, 19103",19103,ID00038,END,Low-Volume Prescriber
C105,R1116,T,20250220,2,172,0,19,19,Tammy Rose,"86335 Lawson Ranch Apt. 743, Los Angeles, CA, 90001",90001,ID00076,END,Aware Non-Prescriber
C558,R7505,T,20250214,2,173,0,14,14,John Garcia,"59147 Keith Drives, New York, NY, 10001",10001,ID00096,CAR,Unaware
C596,R4919,B,20250416,3,171,14,46,60,Kristin Elliott,"294 Schroeder Garden Apt. 703, Houston, TX, 77001",77001,ID00006,END,High-Volume Loyalist
C726,R3619,N,20250402,3,171,0,0,0,Anthony Green,"47110 Contreras Shoal Suite 755, Atlanta, GA, 30301",30301,ID00111,CAR,Managed Care Restricted
C373,R2610,T,20250210,2,171,0,0,0,Devin Watkins,"915 Alejandro Dam Suite 837, Seattle, WA, 98101",98101,ID00134,CAR,Competitor Loyalist
C224,R6752,T,20250212,1,173,0,16,16,James Warner,"222 Joseph Land Apt. 785, New York, NY, 10001",10001,ID00083,END,Aware Non-Prescriber
C228,R3200,T,20250420,3,172,0,10,10,Michelle Peters,"68718 Rivera Motorway, Philadelphia, PA, 19103",19103,ID00128,END,Competitor Loyalist
C337,R9767,B,20250425,1,171,10,19,29,Brian Webb,"98193 Donna Mill Suite 101, Los Angeles, CA, 90001",90001,ID00026,NEP,Low-Volume Prescriber
C286,R3238,T,20250418,1,172,0,18,18,David Mccoy,"65524 Thomas Track, Chicago, IL, 60601",60601,ID00086,CAR,Unaware
C491,R7366,T,20250203,1,171,0,0,0,James Rhodes,"28272 Mary Lane, Houston, TX, 77001",77001,ID00136,CAR,Competitor Loyalist
C449,R7436,T,20250127,1,173,0,21,21,Mrs. Kristin Rodriguez,"484 Caldwell Ways Apt. 822, New York, NY, 10001",10001,ID00105,NEP,Unaware
C876,R4937,B,20250401,2,171,17,47,64,Emma Moore,"7136 Stephanie Drive, Philadelphia, PA, 19103",19103,ID00008,CAR,High-Volume Loyalist
C265,R6629,T,20250417,1,172,0,23,23,James Warner,"222 Joseph Land Apt. 785, New York, NY, 10001",10001,ID00083,END,Aware Non-Prescriber
C565,R9346,T,20250319,1,172,0,18,18,Renee Montoya,"42137 Susan Groves Suite 215, Houston, TX, 77001",77001,ID00129,NEP,Competitor Loyalist
C812,R3273,B,20250116,1,171,14,45,59,Jon Thomas,"14771 Patrick Ville, Seattle, WA, 98101",98101,ID00018,NEP,High-Volume Loyalist
C959,R1333,B,20250405,1,171,13,36,49,James Bradford,"48045 Natasha Vista Suite 907, Seattle, WA, 98101",98101,ID00007,END,High-Volume Loyalist
C907,R2106,B,20250131,3,171,10,41,51,Paul Nelson PhD,"47328 Nancy Ville Suite 584, Atlanta, GA, 30301",30301,ID00019,END,High-Volume Loyalist
C206,R4361,B,20250406,3,171,8,14,22,Heather Hall,"185 Peterson Unions, Atlanta, GA, 30301",30301,ID00044,CAR,Low-Volume Prescriber
C768,R5773,B,20250128,2,171,0,0,0,James Warner,"222 Joseph Land Apt. 785, New York, NY, 10001",10001,ID00083,END,Aware Non-Prescriber
C874,R1745,T,20250322,3,172,0,25,25,Dr. Joseph Hughes,"89401 Robert Run Apt. 512, Atlanta, GA, 30301",30301,ID00068,CAR,Aware Non-Prescriber
C680,R6606,N,20250409,2,171,0,0,0,Tracey Powell,"3589 Timothy Harbor Suite 446, Los Angeles, CA, 90001",90001,ID00125,NEP,Managed Care Restricted
C283,R8304,N,20250222,2,171,0,0,0,Jessica Chan,"3929 William Court Suite 842, Seattle, WA, 98101",98101,ID00122,END,Managed Care Restricted
C488,R2108,N,20250209,2,171,0,0,0,Erin Bautista,"17802 Morrison Club Suite 483, New York, NY, 10001",10001,ID00114,NEP,Managed Care Restricted
C364,R7678,T,20250311,1,171,0,0,0,Dr. Joseph Hughes,"89401 Robert Run Apt. 512, Atlanta, GA, 30301",30301,ID00068,CAR,Aware Non-Prescriber
C624,R7685,B,20250223,2,171,9,18,27,Daniel Smith,"404 Brenda Plains Suite 108, Atlanta, GA, 30301",30301,ID00034,END,Low-Volume Prescriber
C249,R3450,T,20250418,2,171,0,0,0,Jill Taylor,"10380 Owens Pine, Chicago, IL, 60601",60601,ID00082,END,Aware Non-Prescriber
C921,R8178,N,20250112,2,171,15,0,15,Jocelyn Norris,"170 Bonnie Isle Apt. 987, New York, NY, 10001",10001,ID00060,END,New Adopter
C651,R4218,T,20250416,2,172,0,17,17,Bonnie Davis,"5907 Angela Valley, New York, NY, 10001",10001,ID00071,END,Aware Non-Prescriber
C125,R9468,T,20250217,2,173,0,13,13,Dean Dunn,"68691 Candace Center, Los Angeles, CA, 90001",90001,ID00067,NEP,Aware Non-Prescriber
C986,R1510,T,20250113,2,171,0,0,0,Michelle Ross,"5963 Connor Spring, Houston, TX, 77001",77001,ID00127,NEP,Competitor Loyalist
C291,R5505,N,20250121,2,171,11,0,11,Ariana Bailey,"84002 Phillips Camp, Chicago, IL, 60601",60601,ID00046,END,New Adopter
C415,R6992,T,20250412,1,172,0,17,17,Brittany Christensen,"828 Brandon Square Apt. 201, Chicago, IL, 60601",60601,ID00085,END,Aware Non-Prescriber
C112,R5731,T,20250420,2,172,0,29,29,Sandra Mccoy,"96055 Megan Valley, Seattle, WA, 98101",98101,ID00133,CAR,Competitor Loyalist
C955,R2702,T,20250419,3,173,0,25,25,Dean Dunn,"68691 Candace Center, Los Angeles, CA, 90001",90001,ID00067,NEP,Aware Non-Prescriber
C288,R4053,B,20250227,1,171,8,20,28,Holly Johnson,"364 Donald Locks Suite 870, Seattle, WA, 98101",98101,ID00036,NEP,Low-Volume Prescriber
C321,R4817,B,20250107,3,171,13,48,61,Mariah Bailey,"1518 Austin Knoll, Philadelphia, PA, 19103",19103,ID00013,CAR,High-Volume Loyalist
C603,R7809,B,20250323,2,171,8,20,28,Dylan George,"894 Davis Lakes Suite 123, Philadelphia, PA, 19103",19103,ID00038,END,Low-Volume Prescriber
C112,R5781,B,20250316,3,171,7,16,23,Daniel Smith,"404 Brenda Plains Suite 108, Atlanta, GA, 30301",30301,ID00034,END,Low-Volume Prescriber
C513,R2148,T,20250301,2,173,0,17,17,Alejandro Gould,"48615 Craig Tunnel, New York, NY, 10001",10001,ID00138,NEP,Competitor Loyalist
C372,R9667,T,20250414,3,172,0,30,30,Lisa Guerrero,"897 Amanda Circles, Houston, TX, 77001",77001,ID00094,NEP,Unaware
C992,R2426,N,20250327,3,171,0,0,0,Mariah Tyler,"212 James Ports Apt. 357, Seattle, WA, 98101",98101,ID00120,CAR,Managed Care Restricted
C892,R6257,N,20250116,2,171,15,0,15,Stephanie Jackson,"336 Catherine Terrace Apt. 956, Philadelphia, PA, 19103",19103,ID00053,CAR,New Adopter
C554,R5668,B,20250104,2,171,15,37,52,Jon Thomas,"14771 Patrick Ville, Seattle, WA, 98101",98101,ID00018,NEP,High-Volume Loyalist
C450,R7885,T,20250303,1,172,0,25,25,Tiffany Mckee,"9995 Hill Loop, Chicago, IL, 60601",60601,ID00087,CAR,Unaware
C473,R7563,T,20250125,2,172,0,13,13,Jill Taylor,"10380 Owens Pine, Chicago, IL, 60601",60601,ID00082,END,Aware Non-Prescriber
C529,R4678,B,20250121,1,171,9,20,29,Scott Turner,"0766 Schneider Ways, New York, NY, 10001",10001,ID00043,CAR,Low-Volume Prescriber
C155,R2410,N,20250112,2,171,0,0,0,Jessica Chan,"3929 William Court Suite 842, Seattle, WA, 98101",98101,ID00122,END,Managed Care Restricted
C565,R7618,T,20250127,3,173,0,20,20,Suzanne Barnett,"169 Carol Lights Apt. 195, New York, NY, 10001",10001,ID00078,CAR,Aware Non-Prescriber
C973,R6571,T,20250214,3,172,0,10,10,Alejandro Gould,"48615 Craig Tunnel, New York, NY, 10001",10001,ID00138,NEP,Competitor Loyalist
C180,R7243,T,20250302,3,173,0,19,19,James Warner,"222 Joseph Land Apt. 785, New York, NY, 10001",10001,ID00083,END,Aware Non-Prescriber
C521,R8161,T,20250310,2,172,0,23,23,Brittany Christensen,"828 Brandon Square Apt. 201, Chicago, IL, 60601",60601,ID00085,END,Aware Non-Prescriber
C288,R6203,N,20250401,1,171,0,0,0,Michael Smith,"41758 Brian Prairie, Chicago, IL, 60601",60601,ID00106,CAR,Managed Care Restricted
C597,R4139,T,20250124,1,173,0,11,11,Manuel Young,"36774 James Fords Apt. 798, New York, NY, 10001",10001,ID00093,NEP,Unaware
C746,R3986,B,20250415,3,171,17,45,62,Paul Nelson PhD,"47328 Nancy Ville Suite 584, Atlanta, GA, 30301",30301,ID00019,END,High-Volume Loyalist
C967,R6432,N,20250412,1,171,9,0,9,Ariana Bailey,"84002 Phillips Camp, Chicago, IL, 60601",60601,ID00046,END,New Adopter
C478,R3873,T,20250324,2,171,0,0,0,Scott Johnson,"09995 Charles Plain, Philadelphia, PA, 19103",19103,ID00132,CAR,Competitor Loyalist
C431,R2467,T,20250408,2,172,0,16,16,Audrey Ruiz,"8055 Martha Curve Apt. 773, Philadelphia, PA, 19103",19103,ID00100,END,Unaware
C946,R3450,T,20250101,1,173,0,30,30,Timothy Mccarthy,"3359 Harrell Center, Atlanta, GA, 30301",30301,ID00075,END,Aware Non-Prescriber
C853,R8921,T,20250121,3,172,0,14,14,Jonathan Joseph,"5976 Cabrera Orchard Suite 124, Chicago, IL, 60601",60601,ID00072,CAR,Aware Non-Prescriber
C140,R3518,T,20250227,3,171,0,0,0,Catherine Elliott,"605 Jessica Lodge, Chicago, IL, 60601",60601,ID00066,CAR,Aware Non-Prescriber
C919,R6172,T,20250326,3,172,0,21,21,Paul Solomon,"98394 Leroy Garden Apt. 332, Houston, TX, 77001",77001,ID00079,END,Aware Non-Prescriber
C449,R6953,N,20250323,3,171,15,0,15,Cynthia French,"3991 Brennan Underpass, Philadelphia, PA, 19103",19103,ID00062,END,New Adopter
C526,R2974,T,20250212,2,173,0,24,24,Karen Moore,"1184 Rachel Mountains Apt. 047, Philadelphia, PA, 19103",19103,ID00098,NEP,Unaware
C515,R7213,B,20250323,3,171,5,11,16,Kristin Woods,"6290 Harrington Pass, Atlanta, GA, 30301",30301,ID00032,NEP,Low-Volume Prescriber
C706,R4978,B,20250218,3,171,13,32,45,James Bradford,"48045 Natasha Vista Suite 907, Seattle, WA, 98101",98101,ID00007,END,High-Volume Loyalist
C633,R2117,T,20250307,1,172,0,14,14,Catherine Elliott,"605 Jessica Lodge, Chicago, IL, 60601",60601,ID00066,CAR,Aware Non-Prescriber
C714,R8133,T,20250414,1,173,0,19,19,Stephen Smith,"295 Randolph Skyway, Philadelphia, PA, 19103",19103,ID00077,END,Aware Non-Prescriber
C652,R4721,B,20250207,2,171,0,0,0,Brittany Christensen,"828 Brandon Square Apt. 201, Chicago, IL, 60601",60601,ID00085,END,Aware Non-Prescriber
C779,R9631,T,20250216,3,172,0,11,11,John Thomas,"03583 Duncan Walk Apt. 643, Seattle, WA, 98101",98101,ID00102,CAR,Unaware
C298,R2877,B,20250122,1,171,0,0,0,Amy Ward,"777 Aaron Junctions, Philadelphia, PA, 19103",19103,ID00070,CAR,Aware Non-Prescriber
C557,R4205,T,20250318,3,173,0,23,23,Timothy Lewis,"60203 Cindy Lock, Atlanta, GA, 30301",30301,ID00126,CAR,Competitor Loyalist
C508,R9221,T,20250201,1,173,0,20,20,Audrey Ruiz,"8055 Martha Curve Apt. 773, Philadelphia, PA, 19103",19103,ID00100,END,Unaware
C281,R9095,B,20250317,1,171,20,32,52,John Campbell,"53474 Jeffrey Estates, Seattle, WA, 98101",98101,ID00016,END,High-Volume Loyalist
C506,R6961,T,20250116,2,172,0,23,23,Jonathan Joseph,"5976 Cabrera Orchard Suite 124, Chicago, IL, 60601",60601,ID00072,CAR,Aware Non-Prescriber
C329,R5135,N,20250322,1,171,8,0,8,Dwayne Jones,"111 Vance Passage, Los Angeles, CA, 90001",90001,ID00054,END,New Adopter
C125,R9468,B,20250217,2,171,0,0,0,Dean Dunn,"68691 Candace Center, Los Angeles, CA, 90001",90001,ID00067,NEP,Aware Non-Prescriber
C763,R1257,T,20241231,1,171,0,0,0,Michelle Peters,"68718 Rivera Motorway, Philadelphia, PA, 19103",19103,ID00128,END,Competitor Loyalist
C965,R8109,B,20250329,1,171,5,17,22,Kristin Woods,"6290 Harrington Pass, Atlanta, GA, 30301",30301,ID00032,NEP,Low-Volume Prescriber
C667,R2524,B,20250112,1,171,5,15,20,Daniel Smith,"404 Brenda Plains Suite 108, Atlanta, GA, 30301",30301,ID00034,END,Low-Volume Prescriber
C224,R9770,T,20250328,2,171,0,0,0,Alejandro Gould,"48615 Craig Tunnel, New York, NY, 10001",10001,ID00138,NEP,Competitor Loyalist
C999,R7343,T,20250320,2,172,0,22,22,Lori Clark,"889 Curtis Summit Apt. 266, Atlanta, GA, 30301",30301,ID00104,NEP,Unaware
C185,R6077,B,20250308,3,171,6,14,20,Christopher Gamble,"53267 Kathleen Extension, Chicago, IL, 60601",60601,ID00042,CAR,Low-Volume Prescriber
C228,R8992,N,20250308,1,171,0,0,0,Stephen Lopez,"736 Graham Inlet, Atlanta, GA, 30301",30301,ID00091,CAR,Unaware
C582,R6621,T,20250201,1,172,0,24,24,Reginald Baker,"502 John Extension, Houston, TX, 77001",77001,ID00081,NEP,Aware Non-Prescriber
C894,R4912,T,20250319,2,173,0,16,16,Tiffany Gonzalez,"266 Robertson Heights, Los Angeles, CA, 90001",90001,ID00092,END,Unaware
C271,R4454,T,20250401,3,171,0,0,0,Sandra Mccoy,"96055 Megan Valley, Seattle, WA, 98101",98101,ID00133,CAR,Competitor Loyalist
C448,R9318,B,20250419,1,171,14,43,57,Mark Hunt,"050 Smith Land Apt. 308, Seattle, WA, 98101",98101,ID00011,END,High-Volume Loyalist
C368,R3544,T,20250307,1,172,0,21,21,Tammy Rivera,"7813 Bradshaw Lane, Los Angeles, CA, 90001",90001,ID00084,NEP,Aware Non-Prescriber
C178,R9430,T,20250224,1,172,0,26,26,Alan Wilson,"562 Steele Brooks, Philadelphia, PA, 19103",19103,ID00073,END,Aware Non-Prescriber
C254,R1241,T,20250128,1,172,0,18,18,Tiffany Mckee,"9995 Hill Loop, Chicago, IL, 60601",60601,ID00087,CAR,Unaware
C409,R4869,N,20250213,3,171,0,0,0,Lori Clark,"889 Curtis Summit Apt. 266, Atlanta, GA, 30301",30301,ID00104,NEP,Unaware
C973,R6571,T,20250214,3,171,0,0,0,Alejandro Gould,"48615 Craig Tunnel, New York, NY, 10001",10001,ID00138,NEP,Competitor Loyalist
C451,R9765,T,20250318,1,172,0,22,22,Jessica Matthews,"0909 Miller Dam Apt. 891, Los Angeles, CA, 90001",90001,ID00130,END,Competitor Loyalist
C137,R3319,T,20250427,1,172,0,28,28,Michael Garcia,"29926 Kathryn Overpass, Los Angeles, CA, 90001",90001,ID00140,END,Competitor Loyalist
C234,R4387,T,20250225,3,173,0,19,19,Mrs. Kristin Rodriguez,"484 Caldwell Ways Apt. 822, New York, NY, 10001",10001,ID00105,NEP,Unaware
C768,R5773,T,20250128,2,173,0,23,23,James Warner,"222 Joseph Land Apt. 785, New York, NY, 10001",10001,ID00083,END,Aware Non-Prescriber
C480,R8597,N,20250207,2,171,0,0,0,Tiffany Mckee,"9995 Hill Loop, Chicago, IL, 60601",60601,ID00087,CAR,Unaware
C994,R3463,B,20250204,2,171,20,49,69,Brian Perez,"2053 Nicole Mountains Suite 024, Los Angeles, CA, 90001",90001,ID00017,END,High-Volume Loyalist
C766,R4267,B,20250220,3,171,8,17,25,Brian Webb,"98193 Donna Mill Suite 101, Los Angeles, CA, 90001",90001,ID00026,NEP,Low-Volume Prescriber
C911,R8905,T,20250401,2,172,0,15,15,Karen Moore,"1184 Rachel Mountains Apt. 047, Philadelphia, PA, 19103",19103,ID00098,NEP,Unaware
C107,R9161,T,20250222,3,172,0,11,11,Renee Montoya,"42137 Susan Groves Suite 215, Houston, TX, 77001",77001,ID00129,NEP,Competitor Loyalist
C908,R5444,T,20250204,1,172,0,22,22,Mr. Scott Lopez,"99002 Vasquez Island Apt. 417, New York, NY, 10001",10001,ID00103,CAR,Unaware
C283,R1840,N,20250119,1,171,0,0,0,Ryan Evans,"1962 Burns Mission, Houston, TX, 77001",77001,ID00112,END,Managed Care Restricted
C791,R8844,T,20250401,1,173,0,14,14,Peter Morse,"83908 Garcia Turnpike, Chicago, IL, 60601",60601,ID00074,CAR,Aware Non-Prescriber
C109,R8052,T,20250405,2,172,0,13,13,Brittany Christensen,"828 Brandon Square Apt. 201, Chicago, IL, 60601",60601,ID00085,END,Aware Non-Prescriber
C226,R2494,N,20250331,3,171,0,0,0,Anthony Green,"47110 Contreras Shoal Suite 755, Atlanta, GA, 30301",30301,ID00111,CAR,Managed Care Restricted
C493,R6902,T,20250123,3,173,0,19,19,Michelle Peters,"68718 Rivera Motorway, Philadelphia, PA, 19103",19103,ID00128,END,Competitor Loyalist
C444,R1470,B,20250312,3,171,20,42,62,Emma Moore,"7136 Stephanie Drive, Philadelphia, PA, 19103",19103,ID00008,CAR,High-Volume Loyalist
C645,R8018,B,20250410,3,171,10,41,51,James Bradford,"48045 Natasha Vista Suite 907, Seattle, WA, 98101",98101,ID00007,END,High-Volume Loyalist
C233,R1235,T,20250329,3,172,0,22,22,Michael Garcia,"29926 Kathryn Overpass, Los Angeles, CA, 90001",90001,ID00140,END,Competitor Loyalist
C533,R7168,N,20250317,2,171,12,0,12,Dwayne Jones,"111 Vance Passage, Los Angeles, CA, 90001",90001,ID00054,END,New Adopter
C905,R4362,B,20250105,2,171,13,34,47,Mariah Bailey,"1518 Austin Knoll, Philadelphia, PA, 19103",19103,ID00013,CAR,High-Volume Loyalist
C907,R6428,N,20250404,2,171,14,0,14,Karla Johnson,"53763 Lisa Lake Apt. 638, Houston, TX, 77001",77001,ID00056,NEP,New Adopter
C164,R9856,T,20250302,2,172,0,28,28,Tina Reed,"19172 Miller Vista, Philadelphia, PA, 19103",19103,ID00139,END,Competitor Loyalist
C850,R4161,T,20250412,2,172,0,30,30,Stephen Lopez,"736 Graham Inlet, Atlanta, GA, 30301",30301,ID00091,CAR,Unaware
C213,R9095,N,20241230,1,171,9,0,9,Vincent Sanders,"5175 Lance Hills, Houston, TX, 77001",77001,ID00059,NEP,New Adopter
C461,R6653,T,20250216,1,172,0,21,21,Alan Wilson,"562 Steele Brooks, Philadelphia, PA, 19103",19103,ID00073,END,Aware Non-Prescriber
C189,R4070,B,20250406,2,171,5,12,17,Daniel Smith,"404 Brenda Plains Suite 108, Atlanta, GA, 30301",30301,ID00034,END,Low-Volume Prescriber
C671,R7802,T,20250311,3,173,0,29,29,Cynthia Graves,"1646 Samuel Crescent Suite 809, New York, NY, 10001",10001,ID00095,NEP,Unaware
C880,R5564,B,20250212,3,171,15,33,48,Jillian Hall,"63505 Sheryl Mountains, Seattle, WA, 98101",98101,ID00015,CAR,High-Volume Loyalist
C862,R5162,T,20250407,3,172,0,17,17,John Garcia,"59147 Keith Drives, New York, NY, 10001",10001,ID00096,CAR,Unaware
C760,R2007,T,20250209,2,171,0,0,0,Timothy Lewis,"60203 Cindy Lock, Atlanta, GA, 30301",30301,ID00126,CAR,Competitor Loyalist
C984,R2479,B,20250215,2,171,11,50,61,Brian Perez,"2053 Nicole Mountains Suite 024, Los Angeles, CA, 90001",90001,ID00017,END,High-Volume Loyalist
C353,R8546,B,20250222,3,171,8,13,21,Tina Smith,"0220 Li Corner, Chicago, IL, 60601",60601,ID00029,NEP,Low-Volume Prescriber
C377,R8289,T,20250330,2,172,0,23,23,James Warner,"222 Joseph Land Apt. 785, New York, NY, 10001",10001,ID00083,END,Aware Non-Prescriber
C431,R4943,N,20250414,3,171,0,0,0,John Garcia,"59147 Keith Drives, New York, NY, 10001",10001,ID00096,CAR,Unaware
C293,R7418,B,20250125,3,171,9,18,27,Ruth Rodriguez,"72952 Anthony Ways, Houston, TX, 77001",77001,ID00041,CAR,Low-Volume Prescriber
C504,R1504,T,20250204,2,173,0,25,25,John Walsh,"0193 Mcclain Circles Suite 081, Philadelphia, PA, 19103",19103,ID00069,END,Aware Non-Prescriber
C135,R5026,N,20250203,2,171,10,0,10,Ariana Bailey,"84002 Phillips Camp, Chicago, IL, 60601",60601,ID00046,END,New Adopter
C422,R8389,B,20250302,2,171,6,12,18,Colton Ortiz,"002 Jessica Ford Suite 996, New York, NY, 10001",10001,ID00037,END,Low-Volume Prescriber
C429,R8792,B,20250225,3,171,20,36,56,Brian Perez,"2053 Nicole Mountains Suite 024, Los Angeles, CA, 90001",90001,ID00017,END,High-Volume Loyalist
C746,R3373,B,20250318,2,171,0,0,0,James Warner,"222 Joseph Land Apt. 785, New York, NY, 10001",10001,ID00083,END,Aware Non-Prescriber
C298,R6206,T,20250111,2,172,0,21,21,Amy Ward,"777 Aaron Junctions, Philadelphia, PA, 19103",19103,ID00070,CAR,Aware Non-Prescriber
C383,R7995,T,20250321,2,172,0,30,30,James Rhodes,"28272 Mary Lane, Houston, TX, 77001",77001,ID00136,CAR,Competitor Loyalist
C371,R7014,T,20250118,1,172,0,24,24,James Steele,"0564 Katherine Tunnel Apt. 235, Atlanta, GA, 30301",30301,ID00097,END,Unaware
C642,R5888,N,20250304,1,171,14,0,14,Karla Johnson,"53763 Lisa Lake Apt. 638, Houston, TX, 77001",77001,ID00056,NEP,New Adopter
C110,R1138,T,20250208,3,173,0,29,29,John Church,"5132 Crystal Prairie, Los Angeles, CA, 90001",90001,ID00135,NEP,Competitor Loyalist
C431,R3686,N,20250110,2,171,0,0,0,Anthony Green,"47110 Contreras Shoal Suite 755, Atlanta, GA, 30301",30301,ID00111,CAR,Managed Care Restricted
C742,R2262,B,20250107,2,171,10,19,29,Scott Turner,"0766 Schneider Ways, New York, NY, 10001",10001,ID00043,CAR,Low-Volume Prescriber
C659,R9573,T,20250126,1,173,0,28,28,John Thomas,"03583 Duncan Walk Apt. 643, Seattle, WA, 98101",98101,ID00102,CAR,Unaware
C672,R2185,T,20250220,3,171,0,0,0,Paul Solomon,"98394 Leroy Garden Apt. 332, Houston, TX, 77001",77001,ID00079,END,Aware Non-Prescriber
C774,R6531,B,20250315,3,171,6,12,18,Gregory Hughes,"47230 Reynolds Landing Apt. 921, Los Angeles, CA, 90001",90001,ID00022,NEP,Low-Volume Prescriber
C449,R7436,N,20250127,1,171,0,0,0,Mrs. Kristin Rodriguez,"484 Caldwell Ways Apt. 822, New York, NY, 10001",10001,ID00105,NEP,Unaware
C441,R6592,N,20250113,3,171,0,0,0,Ryan Baird,"115 Morales Spurs, Los Angeles, CA, 90001",90001,ID00116,END,Managed Care Restricted
C252,R5913,B,20250208,3,171,8,16,24,Douglas Mcclain,"09854 Barrett Stravenue, Philadelphia, PA, 19103",19103,ID00030,NEP,Low-Volume Prescriber
C489,R2404,B,20250122,3,171,9,20,29,Jonathan Lee,"582 Allison Glens Apt. 728, Chicago, IL, 60601",60601,ID00033,NEP,Low-Volume Prescriber
C431,R2467,T,20250408,2,173,0,19,19,Audrey Ruiz,"8055 Martha Curve Apt. 773, Philadelphia, PA, 19103",19103,ID00100,END,Unaware
C560,R5844,N,20250307,1,171,0,0,0,Tiffany Gonzalez,"266 Robertson Heights, Los Angeles, CA, 90001",90001,ID00092,END,Unaware
C936,R3276,T,20250110,1,172,0,14,14,Timothy Lewis,"60203 Cindy Lock, Atlanta, GA, 30301",30301,ID00126,CAR,Competitor Loyalist
C327,R7075,T,20250110,1,172,0,12,12,Stephen Smith,"295 Randolph Skyway, Philadelphia, PA, 19103",19103,ID00077,END,Aware Non-Prescriber
C810,R8254,B,20250131,3,171,0,0,0,Paul Solomon,"98394 Leroy Garden Apt. 332, Houston, TX, 77001",77001,ID00079,END,Aware Non-Prescriber
C814,R4617,T,20250209,3,172,0,12,12,Katrina Torres,"4105 King Ridges Apt. 254, Seattle, WA, 98101",98101,ID00099,NEP,Unaware
C859,R2279,T,20250228,3,172,0,10,10,Jessica Matthews,"0909 Miller Dam Apt. 891, Los Angeles, CA, 90001",90001,ID00130,END,Competitor Loyalist
C161,R1979,T,20250428,3,173,0,17,17,Jeffrey Salazar,"8770 Thomas Wells Apt. 251, New York, NY, 10001",10001,ID00090,NEP,Unaware
C993,R1634,B,20250409,3,171,11,42,53,Lori Williams MD,"31525 Colin Knoll, Philadelphia, PA, 19103",19103,ID00005,END,High-Volume Loyalist
C802,R6544,N,20250303,1,171,0,0,0,Jeffrey Salazar,"8770 Thomas Wells Apt. 251, New York, NY, 10001",10001,ID00090,NEP,Unaware
C802,R2376,B,20250115,1,171,8,15,23,Michael Campbell,"272 Glass Prairie, Atlanta, GA, 30301",30301,ID00045,END,Low-Volume Prescriber
C449,R7436,T,20250127,1,173,0,30,30,Mrs. Kristin Rodriguez,"484 Caldwell Ways Apt. 822, New York, NY, 10001",10001,ID00105,NEP,Unaware
C137,R5807,B,20250412,1,171,11,44,55,Paul Nelson PhD,"47328 Nancy Ville Suite 584, Atlanta, GA, 30301",30301,ID00019,END,High-Volume Loyalist
C269,R5342,B,20250115,3,171,17,47,64,Stephanie Hawkins,"2393 Oneill Corner, New York, NY, 10001",10001,ID00002,CAR,High-Volume Loyalist
C720,R2161,T,20250214,1,173,0,23,23,Lisa Guerrero,"897 Amanda Circles, Houston, TX, 77001",77001,ID00094,NEP,Unaware
C685,R8750,N,20250201,2,171,15,0,15,Robert Ramirez,"28928 Jeffrey Circle Apt. 512, Atlanta, GA, 30301",30301,ID00052,NEP,New Adopter
C652,R4721,T,20250207,2,173,0,23,23,Brittany Christensen,"828 Brandon Square Apt. 201, Chicago, IL, 60601",60601,ID00085,END,Aware Non-Prescriber
C181,R7917,T,20250127,2,172,0,29,29,David Mccoy,"65524 Thomas Track, Chicago, IL, 60601",60601,ID00086,CAR,Unaware
C894,R4912,T,20250319,2,173,0,26,26,Tiffany Gonzalez,"266 Robertson Heights, Los Angeles, CA, 90001",90001,ID00092,END,Unaware
C951,R2133,B,20250330,1,171,8,14,22,Amanda Thompson,"199 Angela Circles, New York, NY, 10001",10001,ID00035,NEP,Low-Volume Prescriber
C971,R5552,T,20250304,1,171,0,0,0,Luis Lozano,"59703 David Ford Apt. 715, Los Angeles, CA, 90001",90001,ID00131,END,Competitor Loyalist
C989,R5713,T,20250427,1,172,0,30,30,John Thomas,"03583 Duncan Walk Apt. 643, Seattle, WA, 98101",98101,ID00102,CAR,Unaware
C989,R5713,T,20250427,1,173,0,12,12,John Thomas,"03583 Duncan Walk Apt. 643, Seattle, WA, 98101",98101,ID00102,CAR,Unaware
C457,R4624,T,20250308,2,172,0,22,22,Catherine Elliott,"605 Jessica Lodge, Chicago, IL, 60601",60601,ID00066,CAR,Aware Non-Prescriber
C885,R4813,N,20250106,2,171,13,0,13,Benjamin Tucker,"9040 Smith Causeway, Los Angeles, CA, 90001",90001,ID00047,END,New Adopter
C978,R3588,B,20250320,2,171,5,11,16,Edward Moore,"26617 Castillo Mission, Los Angeles, CA, 90001",90001,ID00040,END,Low-Volume Prescriber
C659,R9573,T,20250126,1,173,0,27,27,John Thomas,"03583 Duncan Walk Apt. 643, Seattle, WA, 98101",98101,ID00102,CAR,Unaware
C661,R7540,N,20250404,1,171,0,0,0,Audrey Ruiz,"8055 Martha Curve Apt. 773, Philadelphia, PA, 19103",19103,ID00100,END,Unaware
C652,R4721,T,20250207,2,173,0,23,23,Brittany Christensen,"828 Brandon Square Apt. 201, Chicago, IL, 60601",60601,ID00085,END,Aware Non-Prescriber
C854,R2679,B,20250203,1,171,13,34,47,Michelle Elliott,"8851 Kevin Cliff, Atlanta, GA, 30301",30301,ID00001,CAR,High-Volume Loyalist
C818,R1185,B,20250114,1,171,10,12,22,Scott Turner,"0766 Schneider Ways, New York, NY, 10001",10001,ID00043,CAR,Low-Volume Prescriber
C801,R7208,T,20250316,1,173,0,14,14,Timothy Lewis,"60203 Cindy Lock, Atlanta, GA, 30301",30301,ID00126,CAR,Competitor Loyalist
C795,R2560,B,20250205,3,171,7,18,25,Brian Roberts,"4298 Lowery Garden Suite 160, Los Angeles, CA, 90001",90001,ID00039,CAR,Low-Volume Prescriber
C929,R6236,B,20250424,3,171,17,32,49,Dr. Cynthia Miller,"725 Mills Forge, Seattle, WA, 98101",98101,ID00020,NEP,High-Volume Loyalist
C985,R9558,N,20250217,3,171,0,0,0,Mariah Tyler,"212 James Ports Apt. 357, Seattle, WA, 98101",98101,ID00120,CAR,Managed Care Restricted
C184,R3077,T,20250204,2,172,0,28,28,Luis Lozano,"59703 David Ford Apt. 715, Los Angeles, CA, 90001",90001,ID00131,END,Competitor Loyalist
C829,R1352,T,20250226,3,173,0,20,20,Lori Clark,"889 Curtis Summit Apt. 266, Atlanta, GA, 30301",30301,ID00104,NEP,Unaware
C587,R9724,T,20250228,2,173,0,19,19,Sandra Mccoy,"96055 Megan Valley, Seattle, WA, 98101",98101,ID00133,CAR,Competitor Loyalist
C341,R8944,T,20250201,3,173,0,30,30,Scott Johnson,"09995 Charles Plain, Philadelphia, PA, 19103",19103,ID00132,CAR,Competitor Loyalist
C331,R4044,T,20250217,2,172,0,20,20,Renee Montoya,"42137 Susan Groves Suite 215, Houston, TX, 77001",77001,ID00129,NEP,Competitor Loyalist
C814,R4617,T,20250209,3,173,0,30,30,Katrina Torres,"4105 King Ridges Apt. 254, Seattle, WA, 98101",98101,ID00099,NEP,Unaware
C252,R1014,T,20250101,2,172,0,14,14,Bryan Johnson,"714 Watkins Unions Suite 059, Philadelphia, PA, 19103",19103,ID00137,END,Competitor Loyalist
C344,R1004,B,20250326,1,171,0,0,0,Suzanne Barnett,"169 Carol Lights Apt. 195, New York, NY, 10001",10001,ID00078,CAR,Aware Non-Prescriber
C461,R6653,B,20250216,1,171,0,0,0,Alan Wilson,"562 Steele Brooks, Philadelphia, PA, 19103",19103,ID00073,END,Aware Non-Prescriber
C105,R1116,T,20250220,2,173,0,18,18,Tammy Rose,"86335 Lawson Ranch Apt. 743, Los Angeles, CA, 90001",90001,ID00076,END,Aware Non-Prescriber
C497,R7852,B,20250215,3,171,6,18,24,Colton Ortiz,"002 Jessica Ford Suite 996, New York, NY, 10001",10001,ID00037,END,Low-Volume Prescriber
C224,R6752,T,20250212,1,172,0,14,14,James Warner,"222 Joseph Land Apt. 785, New York, NY, 10001",10001,ID00083,END,Aware Non-Prescriber
C913,R1955,N,20250414,2,171,0,0,0,Lisa Guerrero,"897 Amanda Circles, Houston, TX, 77001",77001,ID00094,NEP,Unaware
C652,R4721,T,20250207,2,173,0,20,20,Brittany Christensen,"828 Brandon Square Apt. 201, Chicago, IL, 60601",60601,ID00085,END,Aware Non-Prescriber
C183,R7868,B,20250314,3,171,10,49,59,Jill King,"9346 Eric Highway, Los Angeles, CA, 90001",90001,ID00004,NEP,High-Volume Loyalist
C844,R7955,B,20250215,3,171,14,32,46,Dr. Cynthia Miller,"725 Mills Forge, Seattle, WA, 98101",98101,ID00020,NEP,High-Volume Loyalist
C930,R6410,B,20250324,1,171,0,0,0,Peter Morse,"83908 Garcia Turnpike, Chicago, IL, 60601",60601,ID00074,CAR,Aware Non-Prescriber
C556,R4937,B,20250113,3,171,0,0,0,Catherine Elliott,"605 Jessica Lodge, Chicago, IL, 60601",60601,ID00066,CAR,Aware Non-Prescriber
C638,R2862,B,20250201,1,171,12,43,55,Jason Webster,"36796 Ballard Fork Suite 800, Houston, TX, 77001",77001,ID00014,END,High-Volume Loyalist
C693,R4817,T,20250118,3,173,0,13,13,Michael Garcia,"29926 Kathryn Overpass, Los Angeles, CA, 90001",90001,ID00140,END,Competitor Loyalist
C249,R3450,T,20250418,2,173,0,22,22,Jill Taylor,"10380 Owens Pine, Chicago, IL, 60601",60601,ID00082,END,Aware Non-Prescriber
C405,R2771,N,20250311,3,171,12,0,12,Amanda Gillespie,"16188 Krystal Place, Atlanta, GA, 30301",30301,ID00055,NEP,New Adopter
C238,R5945,N,20250101,3,171,0,0,0,James Steele,"0564 Katherine Tunnel Apt. 235, Atlanta, GA, 30301",30301,ID00097,END,Unaware
C998,R6187,T,20250125,3,173,0,20,20,Timothy Lewis,"60203 Cindy Lock, Atlanta, GA, 30301",30301,ID00126,CAR,Competitor Loyalist
C739,R1447,T,20250412,3,173,0,19,19,Luis Lozano,"59703 David Ford Apt. 715, Los Angeles, CA, 90001",90001,ID00131,END,Competitor Loyalist
C593,R2904,T,20250423,3,173,0,14,14,Paul Solomon,"98394 Leroy Garden Apt. 332, Houston, TX, 77001",77001,ID00079,END,Aware Non-Prescriber
C455,R5530,T,20250401,3,173,0,25,25,Suzanne Barnett,"169 Carol Lights Apt. 195, New York, NY, 10001",10001,ID00078,CAR,Aware Non-Prescriber
C567,R3440,B,20250331,2,171,8,18,26,Jennifer Rodriguez,"943 Amber Park, Los Angeles, CA, 90001",90001,ID00024,NEP,Low-Volume Prescriber
C700,R2655,N,20250330,3,171,14,0,14,Jodi Griffith,"37360 Beth Coves Apt. 692, Seattle, WA, 98101",98101,ID00048,CAR,New Adopter
C355,R4817,N,20250422,3,171,0,0,0,James Steele,"0564 Katherine Tunnel Apt. 235, Atlanta, GA, 30301",30301,ID00097,END,Unaware
C661,R8913,T,20250405,2,173,0,11,11,John Thomas,"03583 Duncan Walk Apt. 643, Seattle, WA, 98101",98101,ID00102,CAR,Unaware
C155,R9613,T,20250405,3,172,0,12,12,Reginald Baker,"502 John Extension, Houston, TX, 77001",77001,ID00081,NEP,Aware Non-Prescriber
C707,R6511,B,20250119,2,171,9,14,23,Jennifer Rodriguez,"943 Amber Park, Los Angeles, CA, 90001",90001,ID00024,NEP,Low-Volume Prescriber
C779,R9631,N,20250216,3,171,0,0,0,John Thomas,"03583 Duncan Walk Apt. 643, Seattle, WA, 98101",98101,ID00102,CAR,Unaware
C698,R7408,T,20250131,3,171,0,0,0,Devin Watkins,"915 Alejandro Dam Suite 837, Seattle, WA, 98101",98101,ID00134,CAR,Competitor Loyalist
C780,R7397,T,20250428,1,171,0,0,0,Bryan Johnson,"714 Watkins Unions Suite 059, Philadelphia, PA, 19103",19103,ID00137,END,Competitor Loyalist
C892,R5934,T,20250427,2,172,0,11,11,Catherine Elliott,"605 Jessica Lodge, Chicago, IL, 60601",60601,ID00066,CAR,Aware Non-Prescriber
C295,R6254,N,20250214,2,171,0,0,0,John Jones,"27478 Holland Mountains, Philadelphia, PA, 19103",19103,ID00101,END,Unaware
C853,R9589,T,20250311,3,172,0,17,17,Audrey Ruiz,"8055 Martha Curve Apt. 773, Philadelphia, PA, 19103",19103,ID00100,END,Unaware
C185,R3626,B,20250331,3,171,11,39,50,Jon Thomas,"14771 Patrick Ville, Seattle, WA, 98101",98101,ID00018,NEP,High-Volume Loyalist
C985,R3662,B,20250319,3,171,12,37,49,Lori Williams MD,"31525 Colin Knoll, Philadelphia, PA, 19103",19103,ID00005,END,High-Volume Loyalist
C224,R9770,T,20250328,2,172,0,19,19,Alejandro Gould,"48615 Craig Tunnel, New York, NY, 10001",10001,ID00138,NEP,Competitor Loyalist
C473,R7563,T,20250125,2,173,0,11,11,Jill Taylor,"10380 Owens Pine, Chicago, IL, 60601",60601,ID00082,END,Aware Non-Prescriber
C890,R8381,N,20250104,3,171,9,0,9,John Allen,"6872 Katie Ford, Houston, TX, 77001",77001,ID00063,CAR,New Adopter
C512,R4850,N,20250304,1,171,14,0,14,Taylor Hebert,"419 Mccarthy Falls, Houston, TX, 77001",77001,ID00061,NEP,New Adopter
C588,R4809,T,20250222,1,172,0,22,22,Tammy Rose,"86335 Lawson Ranch Apt. 743, Los Angeles, CA, 90001",90001,ID00076,END,Aware Non-Prescriber
C913,R1955,T,20250414,2,173,0,25,25,Lisa Guerrero,"897 Amanda Circles, Houston, TX, 77001",77001,ID00094,NEP,Unaware
C839,R5315,B,20250223,1,171,17,30,47,Stephanie Hawkins,"2393 Oneill Corner, New York, NY, 10001",10001,ID00002,CAR,High-Volume Loyalist
C659,R9573,T,20250126,1,173,0,28,28,John Thomas,"03583 Duncan Walk Apt. 643, Seattle, WA, 98101",98101,ID00102,CAR,Unaware
C409,R4869,T,20250213,3,172,0,18,18,Lori Clark,"889 Curtis Summit Apt. 266, Atlanta, GA, 30301",30301,ID00104,NEP,Unaware
C316,R7760,T,20250404,3,172,0,26,26,John Walsh,"0193 Mcclain Circles Suite 081, Philadelphia, PA, 19103",19103,ID00069,END,Aware Non-Prescriber
C988,R1842,B,20250220,2,171,20,43,63,Jillian Hall,"63505 Sheryl Mountains, Seattle, WA, 98101",98101,ID00015,CAR,High-Volume Loyalist
C112,R5731,T,20250420,2,172,0,23,23,Sandra Mccoy,"96055 Megan Valley, Seattle, WA, 98101",98101,ID00133,CAR,Competitor Loyalist
C804,R6175,T,20250216,3,172,0,13,13,Tammy Rose,"86335 Lawson Ranch Apt. 743, Los Angeles, CA, 90001",90001,ID00076,END,Aware Non-Prescriber
C908,R5444,T,20250204,1,172,0,29,29,Mr. Scott Lopez,"99002 Vasquez Island Apt. 417, New York, NY, 10001",10001,ID00103,CAR,Unaware
C508,R9221,T,20250201,1,172,0,23,23,Audrey Ruiz,"8055 Martha Curve Apt. 773, Philadelphia, PA, 19103",19103,ID00100,END,Unaware
C542,R5747,T,20250110,1,172,0,22,22,Katrina Torres,"4105 King Ridges Apt. 254, Seattle, WA, 98101",98101,ID00099,NEP,Unaware
C663,R6319,T,20250424,2,172,0,19,19,John Garcia,"59147 Keith Drives, New York, NY, 10001",10001,ID00096,CAR,Unaware
C930,R6410,T,20250324,1,172,0,23,23,Peter Morse,"83908 Garcia Turnpike, Chicago, IL, 60601",60601,ID00074,CAR,Aware Non-Prescriber
C181,R1107,N,20250220,2,171,0,0,0,Pamela Davis,"26187 Lee View, Atlanta, GA, 30301",30301,ID00113,END,Managed Care Restricted
C692,R9918,B,20250321,2,171,0,0,0,Alan Wilson,"562 Steele Brooks, Philadelphia, PA, 19103",19103,ID00073,END,Aware Non-Prescriber
C122,R5521,T,20250418,2,173,0,30,30,James Steele,"0564 Katherine Tunnel Apt. 235, Atlanta, GA, 30301",30301,ID00097,END,Unaware
C315,R3734,T,20250404,3,171,0,0,0,Tammy Rivera,"7813 Bradshaw Lane, Los Angeles, CA, 90001",90001,ID00084,NEP,Aware Non-Prescriber
C258,R7980,T,20250220,2,172,0,30,30,Tammy Rose,"86335 Lawson Ranch Apt. 743, Los Angeles, CA, 90001",90001,ID00076,END,Aware Non-Prescriber
C655,R1962,B,20250401,3,171,8,12,20,Tina Wilson,"63359 Blake Center, Philadelphia, PA, 19103",19103,ID00031,NEP,Low-Volume Prescriber
C162,R3869,B,20250127,2,171,7,14,21,Douglas Mcclain,"09854 Barrett Stravenue, Philadelphia, PA, 19103",19103,ID00030,NEP,Low-Volume Prescriber
C623,R3534,T,20250426,3,173,0,20,20,James Steele,"0564 Katherine Tunnel Apt. 235, Atlanta, GA, 30301",30301,ID00097,END,Unaware
C966,R6992,B,20250108,1,171,13,42,55,Mariah Bailey,"1518 Austin Knoll, Philadelphia, PA, 19103",19103,ID00013,CAR,High-Volume Loyalist
C845,R1691,T,20250119,3,173,0,22,22,Amy Terry,"7327 Gary Ways Suite 354, Seattle, WA, 98101",98101,ID00089,NEP,Unaware
C488,R2650,T,20241231,3,173,0,20,20,Reginald Baker,"502 John Extension, Houston, TX, 77001",77001,ID00081,NEP,Aware Non-Prescriber
C993,R5348,T,20250129,3,172,0,17,17,Valerie Smith,"2865 Rodriguez Pike Apt. 296, New York, NY, 10001",10001,ID00080,NEP,Aware Non-Prescriber
C232,R2388,B,20250323,3,171,20,42,62,Brian Perez,"2053 Nicole Mountains Suite 024, Los Angeles, CA, 90001",90001,ID00017,END,High-Volume Loyalist
C753,R5895,T,20250131,2,172,0,24,24,Amy Terry,"7327 Gary Ways Suite 354, Seattle, WA, 98101",98101,ID00089,NEP,Unaware
C324,R3266,B,20250423,3,171,16,41,57,Stephanie Hawkins,"2393 Oneill Corner, New York, NY, 10001",10001,ID00002,CAR,High-Volume Loyalist
C216,R5389,B,20250310,3,171,5,19,24,Dylan George,"894 Davis Lakes Suite 123, Philadelphia, PA, 19103",19103,ID00038,END,Low-Volume Prescriber
C981,R2796,B,20250305,2,171,11,31,42,Stephanie Hawkins,"2393 Oneill Corner, New York, NY, 10001",10001,ID00002,CAR,High-Volume Loyalist
C842,R5641,T,20250212,1,173,0,28,28,John Church,"5132 Crystal Prairie, Los Angeles, CA, 90001",90001,ID00135,NEP,Competitor Loyalist
C871,R5374,B,20250201,2,171,6,17,23,Jonathan Robinson,"338 Daniel Stravenue Apt. 058, Los Angeles, CA, 90001",90001,ID00027,END,Low-Volume Prescriber
C629,R5454,T,20250320,1,173,0,14,14,David Mccoy,"65524 Thomas Track, Chicago, IL, 60601",60601,ID00086,CAR,Unaware
C492,R1076,N,20250219,2,171,15,0,15,Eduardo Adams,"1440 Rodriguez Turnpike Suite 678, Houston, TX, 77001",77001,ID00057,END,New Adopter
C947,R9824,B,20250404,2,171,6,13,19,Nicholas Kelley,"579 Scott Squares, Los Angeles, CA, 90001",90001,ID00025,END,Low-Volume Prescriber
C248,R3525,T,20250211,1,172,0,15,15,Scott Johnson,"09995 Charles Plain, Philadelphia, PA, 19103",19103,ID00132,CAR,Competitor Loyalist
C681,R8917,T,20250103,1,171,0,0,0,Renee Montoya,"42137 Susan Groves Suite 215, Houston, TX, 77001",77001,ID00129,NEP,Competitor Loyalist
C183,R1744,B,20250416,3,171,5,10,15,Gregory Hughes,"47230 Reynolds Landing Apt. 921, Los Angeles, CA, 90001",90001,ID00022,NEP,Low-Volume Prescriber
C264,R2128,N,20250426,3,171,0,0,0,Tiffany Gonzalez,"266 Robertson Heights, Los Angeles, CA, 90001",90001,ID00092,END,Unaware
C234,R4387,T,20250225,3,173,0,13,13,Mrs. Kristin Rodriguez,"484 Caldwell Ways Apt. 822, New York, NY, 10001",10001,ID00105,NEP,Unaware
C562,R3828,B,20250124,1,171,12,32,44,Dr. Cynthia Miller,"725 Mills Forge, Seattle, WA, 98101",98101,ID00020,NEP,High-Volume Loyalist
C564,R2127,T,20250201,1,172,0,18,18,Timothy Mccarthy,"3359 Harrell Center, Atlanta, GA, 30301",30301,ID00075,END,Aware Non-Prescriber
C224,R2965,T,20250316,3,171,0,0,0,John Church,"5132 Crystal Prairie, Los Angeles, CA, 90001",90001,ID00135,NEP,Competitor Loyalist
C810,R8254,T,20250131,3,173,0,22,22,Paul Solomon,"98394 Leroy Garden Apt. 332, Houston, TX, 77001",77001,ID00079,END,Aware Non-Prescriber
C112,R5731,T,20250420,2,173,0,22,22,Sandra Mccoy,"96055 Megan Valley, Seattle, WA, 98101",98101,ID00133,CAR,Competitor Loyalist
C240,R4281,N,20250220,1,171,10,0,10,Karla Johnson,"53763 Lisa Lake Apt. 638, Houston, TX, 77001",77001,ID00056,NEP,New Adopter
C827,R3913,N,20250426,3,171,10,0,10,Jeffrey Norman,"2046 Steve River, Philadelphia, PA, 19103",19103,ID00064,NEP,New Adopter
C327,R4519,T,20241230,2,173,0,15,15,James Steele,"0564 Katherine Tunnel Apt. 235, Atlanta, GA, 30301",30301,ID00097,END,Unaware
C776,R3444,T,20250405,1,173,0,12,12,Timothy Lewis,"60203 Cindy Lock, Atlanta, GA, 30301",30301,ID00126,CAR,Competitor Loyalist
C398,R7389,T,20250225,3,173,0,17,17,Timothy Lewis,"60203 Cindy Lock, Atlanta, GA, 30301",30301,ID00126,CAR,Competitor Loyalist
C939,R8373,T,20250222,3,172,0,18,18,Renee Montoya,"42137 Susan Groves Suite 215, Houston, TX, 77001",77001,ID00129,NEP,Competitor Loyalist
C140,R3518,T,20250227,3,172,0,22,22,Catherine Elliott,"605 Jessica Lodge, Chicago, IL, 60601",60601,ID00066,CAR,Aware Non-Prescriber
C189,R7262,T,20250324,1,173,0,10,10,Mrs. Kristin Rodriguez,"484 Caldwell Ways Apt. 822, New York, NY, 10001",10001,ID00105,NEP,Unaware
C860,R9715,T,20250204,3,173,0,11,11,David Mccoy,"65524 Thomas Track, Chicago, IL, 60601",60601,ID00086,CAR,Unaware
C914,R5480,B,20250208,2,171,7,18,25,Nicholas Kelley,"579 Scott Squares, Los Angeles, CA, 90001",90001,ID00025,END,Low-Volume Prescriber
C499,R7199,N,20250403,3,171,0,0,0,David Mccoy,"65524 Thomas Track, Chicago, IL, 60601",60601,ID00086,CAR,Unaware
C954,R5091,T,20250125,1,172,0,20,20,Valerie Smith,"2865 Rodriguez Pike Apt. 296, New York, NY, 10001",10001,ID00080,NEP,Aware Non-Prescriber
C192,R5661,T,20250306,1,173,0,20,20,Suzanne Barnett,"169 Carol Lights Apt. 195, New York, NY, 10001",10001,ID00078,CAR,Aware Non-Prescriber
C684,R7366,T,20250111,1,172,0,22,22,Manuel Young,"36774 James Fords Apt. 798, New York, NY, 10001",10001,ID00093,NEP,Unaware
C220,R3522,B,20250110,1,171,11,44,55,Mark Hunt,"050 Smith Land Apt. 308, Seattle, WA, 98101",98101,ID00011,END,High-Volume Loyalist
C461,R6653,T,20250216,1,172,0,21,21,Alan Wilson,"562 Steele Brooks, Philadelphia, PA, 19103",19103,ID00073,END,Aware Non-Prescriber
C908,R5444,N,20250204,1,171,0,0,0,Mr. Scott Lopez,"99002 Vasquez Island Apt. 417, New York, NY, 10001",10001,ID00103,CAR,Unaware
C752,R8460,T,20250205,1,173,0,30,30,David Mccoy,"65524 Thomas Track, Chicago, IL, 60601",60601,ID00086,CAR,Unaware
C806,R2897,N,20250323,1,171,8,0,8,Caitlin Armstrong,"82936 Rebecca Drives, Chicago, IL, 60601",60601,ID00058,END,New Adopter
C982,R1542,T,20250122,3,172,0,25,25,Scott Johnson,"09995 Charles Plain, Philadelphia, PA, 19103",19103,ID00132,CAR,Competitor Loyalist
C770,R1136,T,20250105,2,172,0,12,12,Mr. Scott Lopez,"99002 Vasquez Island Apt. 417, New York, NY, 10001",10001,ID00103,CAR,Unaware
C187,R5066,B,20250118,1,171,19,39,58,Clinton Diaz,"85425 Laura Summit Suite 944, Philadelphia, PA, 19103",19103,ID00009,END,High-Volume Loyalist
C889,R6478,N,20250408,1,171,0,0,0,Karen Moore,"1184 Rachel Mountains Apt. 047, Philadelphia, PA, 19103",19103,ID00098,NEP,Unaware
C439,R6911,T,20250422,1,173,0,19,19,Catherine Elliott,"605 Jessica Lodge, Chicago, IL, 60601",60601,ID00066,CAR,Aware Non-Prescriber
C580,R8438,T,20250408,1,172,0,27,27,Jessica Matthews,"0909 Miller Dam Apt. 891, Los Angeles, CA, 90001",90001,ID00130,END,Competitor Loyalist
C362,R1804,N,20250329,3,171,0,0,0,Lisa Guerrero,"897 Amanda Circles, Houston, TX, 77001",77001,ID00094,NEP,Unaware
C381,R4683,B,20250410,1,171,7,10,17,Dylan George,"894 Davis Lakes Suite 123, Philadelphia, PA, 19103",19103,ID00038,END,Low-Volume Prescriber
C314,R4425,N,20250220,3,171,0,0,0,Erin Bautista,"17802 Morrison Club Suite 483, New York, NY, 10001",10001,ID00114,NEP,Managed Care Restricted
C970,R2037,B,20250321,3,171,10,15,25,Brian Roberts,"4298 Lowery Garden Suite 160, Los Angeles, CA, 90001",90001,ID00039,CAR,Low-Volume Prescriber
C696,R7839,N,20250406,2,171,15,0,15,Jeffrey Norman,"2046 Steve River, Philadelphia, PA, 19103",19103,ID00064,NEP,New Adopter
C184,R7092,B,20250110,3,171,7,14,21,Edward Moore,"26617 Castillo Mission, Los Angeles, CA, 90001",90001,ID00040,END,Low-Volume Prescriber
C889,R6478,T,20250408,1,172,0,27,27,Karen Moore,"1184 Rachel Mountains Apt. 047, Philadelphia, PA, 19103",19103,ID00098,NEP,Unaware
C296,R5097,N,20250228,1,171,0,0,0,Eric Becker,"33578 Charles Camp Apt. 263, Seattle, WA, 98101",98101,ID00088,END,Unaware
C319,R7145,T,20250312,3,173,0,12,12,John Garcia,"59147 Keith Drives, New York, NY, 10001",10001,ID00096,CAR,Unaware
C549,R1175,B,20250408,1,171,0,0,0,Suzanne Barnett,"169 Carol Lights Apt. 195, New York, NY, 10001",10001,ID00078,CAR,Aware Non-Prescriber
C134,R1388,T,20250131,1,172,0,21,21,John Church,"5132 Crystal Prairie, Los Angeles, CA, 90001",90001,ID00135,NEP,Competitor Loyalist
C129,R1575,T,20250115,3,171,0,0,0,Tammy Rivera,"7813 Bradshaw Lane, Los Angeles, CA, 90001",90001,ID00084,NEP,Aware Non-Prescriber
C336,R9710,T,20250111,3,172,0,12,12,Cynthia Graves,"1646 Samuel Crescent Suite 809, New York, NY, 10001",10001,ID00095,NEP,Unaware
C571,R6928,B,20250101,2,171,12,49,61,John Campbell,"53474 Jeffrey Estates, Seattle, WA, 98101",98101,ID00016,END,High-Volume Loyalist
C861,R5117,N,20250310,1,171,8,0,8,Jeremy Haynes,"4394 Gray Manor, New York, NY, 10001",10001,ID00065,NEP,New Adopter
C828,R1941,T,20250428,2,172,0,14,14,Suzanne Barnett,"169 Carol Lights Apt. 195, New York, NY, 10001",10001,ID00078,CAR,Aware Non-Prescriber
C933,R2636,T,20250313,3,173,0,14,14,Jill Taylor,"10380 Owens Pine, Chicago, IL, 60601",60601,ID00082,END,Aware Non-Prescriber
C295,R6254,T,20250214,2,172,0,27,27,John Jones,"27478 Holland Mountains, Philadelphia, PA, 19103",19103,ID00101,END,Unaware
C553,R3071,T,20250130,3,172,0,20,20,Tammy Rivera,"7813 Bradshaw Lane, Los Angeles, CA, 90001",90001,ID00084,NEP,Aware Non-Prescriber
C819,R7997,T,20250326,2,172,0,12,12,Cynthia Graves,"1646 Samuel Crescent Suite 809, New York, NY, 10001",10001,ID00095,NEP,Unaware
C338,R4584,N,20250103,1,171,8,0,8,Jodi Griffith,"37360 Beth Coves Apt. 692, Seattle, WA, 98101",98101,ID00048,CAR,New Adopter
C489,R2584,B,20250126,2,171,11,32,43,Michelle Elliott,"8851 Kevin Cliff, Atlanta, GA, 30301",30301,ID00001,CAR,High-Volume Loyalist
C106,R3972,B,20250329,2,171,15,41,56,Jillian Hall,"63505 Sheryl Mountains, Seattle, WA, 98101",98101,ID00015,CAR,High-Volume Loyalist
C769,R7201,B,20250312,1,171,0,0,0,Alan Wilson,"562 Steele Brooks, Philadelphia, PA, 19103",19103,ID00073,END,Aware Non-Prescriber
C560,R6483,T,20250228,3,173,0,12,12,Jill Taylor,"10380 Owens Pine, Chicago, IL, 60601",60601,ID00082,END,Aware Non-Prescriber
C788,R8849,N,20250415,2,171,0,0,0,Daniel Cooper,"16128 Tracy Burg Apt. 578, Atlanta, GA, 30301",30301,ID00117,CAR,Managed Care Restricted
C789,R7436,T,20250118,1,172,0,14,14,Katrina Torres,"4105 King Ridges Apt. 254, Seattle, WA, 98101",98101,ID00099,NEP,Unaware
C458,R4478,N,20250104,2,171,0,0,0,Ryan Baird,"115 Morales Spurs, Los Angeles, CA, 90001",90001,ID00116,END,Managed Care Restricted
C968,R8901,T,20250318,1,171,0,0,0,Reginald Baker,"502 John Extension, Houston, TX, 77001",77001,ID00081,NEP,Aware Non-Prescriber
C564,R2127,T,20250201,1,173,0,19,19,Timothy Mccarthy,"3359 Harrell Center, Atlanta, GA, 30301",30301,ID00075,END,Aware Non-Prescriber
C302,R8993,N,20250301,3,171,0,0,0,Audrey Ruiz,"8055 Martha Curve Apt. 773, Philadelphia, PA, 19103",19103,ID00100,END,Unaware
C752,R1154,B,20250216,3,171,8,10,18,Kristin Woods,"6290 Harrington Pass, Atlanta, GA, 30301",30301,ID00032,NEP,Low-Volume Prescriber
C455,R5530,B,20250401,3,171,0,0,0,Suzanne Barnett,"169 Carol Lights Apt. 195, New York, NY, 10001",10001,ID00078,CAR,Aware Non-Prescriber
C712,R9908,T,20250425,1,173,0,22,22,Tammy Rose,"86335 Lawson Ranch Apt. 743, Los Angeles, CA, 90001",90001,ID00076,END,Aware Non-Prescriber
C629,R5121,T,20250214,3,173,0,25,25,Alan Wilson,"562 Steele Brooks, Philadelphia, PA, 19103",19103,ID00073,END,Aware Non-Prescriber
C791,R8844,T,20250401,1,172,0,24,24,Peter Morse,"83908 Garcia Turnpike, Chicago, IL, 60601",60601,ID00074,CAR,Aware Non-Prescriber
C179,R8972,N,20250324,3,171,0,0,0,Tracey Powell,"3589 Timothy Harbor Suite 446, Los Angeles, CA, 90001",90001,ID00125,NEP,Managed Care Restricted
C419,R6293,T,20250217,3,172,0,24,24,Amy Terry,"7327 Gary Ways Suite 354, Seattle, WA, 98101",98101,ID00089,NEP,Unaware
C533,R4043,B,20250316,1,171,9,16,25,Colton Ortiz,"002 Jessica Ford Suite 996, New York, NY, 10001",10001,ID00037,END,Low-Volume Prescriber
C173,R5362,T,20250130,1,172,0,13,13,Audrey Ruiz,"8055 Martha Curve Apt. 773, Philadelphia, PA, 19103",19103,ID00100,END,Unaware
C687,R6431,T,20250305,2,173,0,25,25,Jessica Matthews,"0909 Miller Dam Apt. 891, Los Angeles, CA, 90001",90001,ID00130,END,Competitor Loyalist
C248,R9690,T,20250228,2,173,0,30,30,Sandra Mccoy,"96055 Megan Valley, Seattle, WA, 98101",98101,ID00133,CAR,Competitor Loyalist
C850,R7875,N,20250105,2,171,15,0,15,Heidi Lucero,"5415 Billy Key, Seattle, WA, 98101",98101,ID00049,NEP,New Adopter
C418,R9303,N,20250305,1,171,9,0,9,Stephanie Jackson,"336 Catherine Terrace Apt. 956, Philadelphia, PA, 19103",19103,ID00053,CAR,New Adopter
C384,R4401,N,20250130,3,171,0,0,0,Pamela Davis,"26187 Lee View, Atlanta, GA, 30301",30301,ID00113,END,Managed Care Restricted
C920,R1852,T,20250305,2,173,0,20,20,Stephen Smith,"295 Randolph Skyway, Philadelphia, PA, 19103",19103,ID00077,END,Aware Non-Prescriber
C202,R3862,N,20250201,2,171,8,0,8,Vincent Sanders,"5175 Lance Hills, Houston, TX, 77001",77001,ID00059,NEP,New Adopter
C963,R9975,N,20250116,2,171,12,0,12,John Allen,"6872 Katie Ford, Houston, TX, 77001",77001,ID00063,CAR,New Adopter
C115,R4470,B,20250301,1,171,7,14,21,Douglas Mcclain,"09854 Barrett Stravenue, Philadelphia, PA, 19103",19103,ID00030,NEP,Low-Volume Prescriber
C613,R3276,T,20250302,2,171,0,0,0,Alan Wilson,"562 Steele Brooks, Philadelphia, PA, 19103",19103,ID00073,END,Aware Non-Prescriber
C668,R8081,T,20250401,2,171,0,0,0,Jill Taylor,"10380 Owens Pine, Chicago, IL, 60601",60601,ID00082,END,Aware Non-Prescriber
C692,R3770,T,20250320,2,171,0,0,0,Luis Lozano,"59703 David Ford Apt. 715, Los Angeles, CA, 90001",90001,ID00131,END,Competitor Loyalist
C523,R8904,T,20250327,2,173,0,22,22,Stephen Smith,"295 Randolph Skyway, Philadelphia, PA, 19103",19103,ID00077,END,Aware Non-Prescriber
C271,R5523,T,20250209,1,172,0,25,25,Jeffrey Salazar,"8770 Thomas Wells Apt. 251, New York, NY, 10001",10001,ID00090,NEP,Unaware
C295,R6254,T,20250214,2,173,0,22,22,John Jones,"27478 Holland Mountains, Philadelphia, PA, 19103",19103,ID00101,END,Unaware
C802,R6544,T,20250303,1,173,0,21,21,Jeffrey Salazar,"8770 Thomas Wells Apt. 251, New York, NY, 10001",10001,ID00090,NEP,Unaware
C754,R6134,B,20250201,3,171,8,18,26,Colton Ortiz,"002 Jessica Ford Suite 996, New York, NY, 10001",10001,ID00037,END,Low-Volume Prescriber
C512,R3356,N,20250103,1,171,12,0,12,Robert Ramirez,"28928 Jeffrey Circle Apt. 512, Atlanta, GA, 30301",30301,ID00052,NEP,New Adopter
C771,R2494,B,20250401,3,171,6,16,22,Edward Moore,"26617 Castillo Mission, Los Angeles, CA, 90001",90001,ID00040,END,Low-Volume Prescriber
C686,R3406,T,20250116,3,172,0,25,25,Peter Morse,"83908 Garcia Turnpike, Chicago, IL, 60601",60601,ID00074,CAR,Aware Non-Prescriber
C974,R1378,T,20250220,1,171,0,0,0,Tammy Rivera,"7813 Bradshaw Lane, Los Angeles, CA, 90001",90001,ID00084,NEP,Aware Non-Prescriber
C161,R1979,N,20250428,3,171,0,0,0,Jeffrey Salazar,"8770 Thomas Wells Apt. 251, New York, NY, 10001",10001,ID00090,NEP,Unaware
C239,R2785,B,20250202,1,171,5,13,18,Michael Campbell,"272 Glass Prairie, Atlanta, GA, 30301",30301,ID00045,END,Low-Volume Prescriber
C542,R5747,N,20250110,1,171,0,0,0,Katrina Torres,"4105 King Ridges Apt. 254, Seattle, WA, 98101",98101,ID00099,NEP,Unaware
C172,R5979,T,20250104,3,172,0,14,14,Lisa Guerrero,"897 Amanda Circles, Houston, TX, 77001",77001,ID00094,NEP,Unaware
C365,R5050,B,20250225,1,171,17,44,61,Kristin Elliott,"294 Schroeder Garden Apt. 703, Houston, TX, 77001",77001,ID00006,END,High-Volume Loyalist
C582,R6621,B,20250201,1,171,0,0,0,Reginald Baker,"502 John Extension, Houston, TX, 77001",77001,ID00081,NEP,Aware Non-Prescriber
C478,R3873,T,20250324,2,173,0,22,22,Scott Johnson,"09995 Charles Plain, Philadelphia, PA, 19103",19103,ID00132,CAR,Competitor Loyalist
C515,R4281,T,20250213,3,172,0,15,15,Suzanne Barnett,"169 Carol Lights Apt. 195, New York, NY, 10001",10001,ID00078,CAR,Aware Non-Prescriber
C629,R5454,T,20250320,1,173,0,20,20,David Mccoy,"65524 Thomas Track, Chicago, IL, 60601",60601,ID00086,CAR,Unaware
C522,R4080,N,20250412,2,171,0,0,0,David Mccoy,"65524 Thomas Track, Chicago, IL, 60601",60601,ID00086,CAR,Unaware
C265,R6629,T,20250417,1,171,0,0,0,James Warner,"222 Joseph Land Apt. 785, New York, NY, 10001",10001,ID00083,END,Aware Non-Prescriber
C315,R8043,B,20250310,1,171,14,39,53,Kristin Elliott,"294 Schroeder Garden Apt. 703, Houston, TX, 77001",77001,ID00006,END,High-Volume Loyalist
C630,R6918,T,20250128,1,173,0,18,18,Alan Wilson,"562 Steele Brooks, Philadelphia, PA, 19103",19103,ID00073,END,Aware Non-Prescriber
C224,R2965,T,20250316,3,172,0,30,30,John Church,"5132 Crystal Prairie, Los Angeles, CA, 90001",90001,ID00135,NEP,Competitor Loyalist
C996,R2848,B,20250212,1,171,7,13,20,Tina Smith,"0220 Li Corner, Chicago, IL, 60601",60601,ID00029,NEP,Low-Volume Prescriber
C791,R8844,B,20250401,1,171,0,0,0,Peter Morse,"83908 Garcia Turnpike, Chicago, IL, 60601",60601,ID00074,CAR,Aware Non-Prescriber
C795,R9785,B,20250212,3,171,18,42,60,Lori Williams MD,"31525 Colin Knoll, Philadelphia, PA, 19103",19103,ID00005,END,High-Volume Loyalist
C689,R9269,T,20250225,3,172,0,24,24,Katrina Torres,"4105 King Ridges Apt. 254, Seattle, WA, 98101",98101,ID00099,NEP,Unaware
C684,R7382,N,20250416,1,171,0,0,0,Adam Reed,"091 Hale Junctions Apt. 822, Philadelphia, PA, 19103",19103,ID00118,CAR,Managed Care Restricted
C537,R7633,N,20250422,1,171,0,0,0,Brianna Murray,"194 Maddox Mews, Houston, TX, 77001",77001,ID00108,END,Managed Care Restricted
C797,R8548,T,20250405,2,173,0,26,26,Paul Solomon,"98394 Leroy Garden Apt. 332, Houston, TX, 77001",77001,ID00079,END,Aware Non-Prescriber
C558,R7505,N,20250214,2,171,0,0,0,John Garcia,"59147 Keith Drives, New York, NY, 10001",10001,ID00096,CAR,Unaware
C842,R5641,T,20250212,1,172,0,25,25,John Church,"5132 Crystal Prairie, Los Angeles, CA, 90001",90001,ID00135,NEP,Competitor Loyalist
C810,R8254,T,20250131,3,173,0,21,21,Paul Solomon,"98394 Leroy Garden Apt. 332, Houston, TX, 77001",77001,ID00079,END,Aware Non-Prescriber
C894,R9289,T,20250226,1,173,0,22,22,Tiffany Gonzalez,"266 Robertson Heights, Los Angeles, CA, 90001",90001,ID00092,END,Unaware
C549,R1175,T,20250408,1,172,0,17,17,Suzanne Barnett,"169 Carol Lights Apt. 195, New York, NY, 10001",10001,ID00078,CAR,Aware Non-Prescriber
C770,R1136,T,20250105,2,172,0,20,20,Mr. Scott Lopez,"99002 Vasquez Island Apt. 417, New York, NY, 10001",10001,ID00103,CAR,Unaware
C233,R1235,T,20250329,3,171,0,0,0,Michael Garcia,"29926 Kathryn Overpass, Los Angeles, CA, 90001",90001,ID00140,END,Competitor Loyalist
C543,R6183,T,20250217,2,173,0,21,21,Dr. Joseph Hughes,"89401 Robert Run Apt. 512, Atlanta, GA, 30301",30301,ID00068,CAR,Aware Non-Prescriber
C111,R7266,N,20250417,3,171,0,0,0,Katrina Torres,"4105 King Ridges Apt. 254, Seattle, WA, 98101",98101,ID00099,NEP,Unaware
C341,R8944,T,20250201,3,172,0,27,27,Scott Johnson,"09995 Charles Plain, Philadelphia, PA, 19103",19103,ID00132,CAR,Competitor Loyalist
C515,R4281,T,20250213,3,173,0,15,15,Suzanne Barnett,"169 Carol Lights Apt. 195, New York, NY, 10001",10001,ID00078,CAR,Aware Non-Prescriber
C562,R2982,B,20250323,2,171,17,46,63,Andrea Miller,"677 Johnson Rue, Chicago, IL, 60601",60601,ID00003,END,High-Volume Loyalist
C820,R9542,T,20250323,2,172,0,30,30,Alan Wilson,"562 Steele Brooks, Philadelphia, PA, 19103",19103,ID00073,END,Aware Non-Prescriber
C828,R1612,N,20250120,1,171,13,0,13,Caitlin Armstrong,"82936 Rebecca Drives, Chicago, IL, 60601",60601,ID00058,END,New Adopter
C829,R1352,T,20250226,3,172,0,24,24,Lori Clark,"889 Curtis Summit Apt. 266, Atlanta, GA, 30301",30301,ID00104,NEP,Unaware
C157,R5366,T,20250416,1,172,0,30,30,Eric Becker,"33578 Charles Camp Apt. 263, Seattle, WA, 98101",98101,ID00088,END,Unaware
C251,R3165,T,20250409,2,172,0,14,14,Katrina Torres,"4105 King Ridges Apt. 254, Seattle, WA, 98101",98101,ID00099,NEP,Unaware
C996,R5942,B,20250408,3,171,5,20,25,Ruth Rodriguez,"72952 Anthony Ways, Houston, TX, 77001",77001,ID00041,CAR,Low-Volume Prescriber
C964,R8445,N,20250414,1,171,11,0,11,Cynthia French,"3991 Brennan Underpass, Philadelphia, PA, 19103",19103,ID00062,END,New Adopter
C449,R7436,T,20250127,1,172,0,12,12,Mrs. Kristin Rodriguez,"484 Caldwell Ways Apt. 822, New York, NY, 10001",10001,ID00105,NEP,Unaware
C315,R7825,B,20250322,3,171,7,20,27,Gregory Hughes,"47230 Reynolds Landing Apt. 921, Los Angeles, CA, 90001",90001,ID00022,NEP,Low-Volume Prescriber
C804,R6175,T,20250216,3,173,0,23,23,Tammy Rose,"86335 Lawson Ranch Apt. 743, Los Angeles, CA, 90001",90001,ID00076,END,Aware Non-Prescriber
C830,R2204,B,20250407,3,171,7,13,20,Jonathan Lee,"582 Allison Glens Apt. 728, Chicago, IL, 60601",60601,ID00033,NEP,Low-Volume Prescriber
C995,R1711,T,20250306,2,172,0,15,15,Timothy Mccarthy,"3359 Harrell Center, Atlanta, GA, 30301",30301,ID00075,END,Aware Non-Prescriber
C244,R1301,T,20250319,3,172,0,16,16,John Thomas,"03583 Duncan Walk Apt. 643, Seattle, WA, 98101",98101,ID00102,CAR,Unaware
C826,R4694,B,20250206,1,171,6,15,21,Gregory Hughes,"47230 Reynolds Landing Apt. 921, Los Angeles, CA, 90001",90001,ID00022,NEP,Low-Volume Prescriber
C648,R8779,N,20250416,2,171,14,0,14,Kaitlyn Schwartz,"863 Stacy Spurs Suite 299, Atlanta, GA, 30301",30301,ID00051,CAR,New Adopter
C505,R4982,T,20250314,1,173,0,13,13,Jeffrey Salazar,"8770 Thomas Wells Apt. 251, New York, NY, 10001",10001,ID00090,NEP,Unaware
C169,R3474,B,20250220,1,171,10,13,23,Tina Wilson,"63359 Blake Center, Philadelphia, PA, 19103",19103,ID00031,NEP,Low-Volume Prescriber
C359,R6024,B,20250121,2,171,0,0,0,Stephen Smith,"295 Randolph Skyway, Philadelphia, PA, 19103",19103,ID00077,END,Aware Non-Prescriber
C245,R9624,T,20250328,1,173,0,12,12,Renee Montoya,"42137 Susan Groves Suite 215, Houston, TX, 77001",77001,ID00129,NEP,Competitor Loyalist
C945,R2562,T,20250121,2,173,0,20,20,Karen Moore,"1184 Rachel Mountains Apt. 047, Philadelphia, PA, 19103",19103,ID00098,NEP,Unaware
C213,R2577,T,20250322,2,172,0,15,15,Manuel Young,"36774 James Fords Apt. 798, New York, NY, 10001",10001,ID00093,NEP,Unaware
C315,R3734,T,20250404,3,173,0,18,18,Tammy Rivera,"7813 Bradshaw Lane, Los Angeles, CA, 90001",90001,ID00084,NEP,Aware Non-Prescriber
C549,R9027,N,20250107,1,171,0,0,0,Brianna Murray,"194 Maddox Mews, Houston, TX, 77001",77001,ID00108,END,Managed Care Restricted
C974,R1378,T,20250220,1,172,0,30,30,Tammy Rivera,"7813 Bradshaw Lane, Los Angeles, CA, 90001",90001,ID00084,NEP,Aware Non-Prescriber
C258,R7980,T,20250220,2,173,0,17,17,Tammy Rose,"86335 Lawson Ranch Apt. 743, Los Angeles, CA, 90001",90001,ID00076,END,Aware Non-Prescriber
C686,R7456,T,20250114,1,172,0,20,20,John Walsh,"0193 Mcclain Circles Suite 081, Philadelphia, PA, 19103",19103,ID00069,END,Aware Non-Prescriber
